11,12,13,21,22,23,31,32,33,41,42,43,time
2038,2024,2060,2035,2023,2062,2058,2003,2050,2041,2001,2039,0.7831809520721436
2038,1908,1869,2035,1899,1849,2058,1908,1854,2041,1901,1875,1.0709731578826904
2039,1745,1450,2038,1745,1451,2059,1771,1465,2051,1764,1512,1.3352782726287842
2038,1745,1450,2038,1745,1451,2058,1766,1465,2051,1754,1512,1.5912590026855469
2039,1745,1450,2038,1745,1451,2058,1766,1465,2051,1751,1511,1.8473925590515137
2039,1747,1450,2037,1746,1451,2058,1767,1464,2051,1751,1511,2.1037521362304688
2040,1752,1450,2039,1743,1452,2058,1767,1464,2049,1752,1511,2.35909366607666
2040,1752,1450,2051,1740,1453,2058,1767,1465,2046,1754,1511,2.6153969764709473
2040,1752,1450,2051,1734,1455,2058,1767,1464,2046,1754,1511,2.871035099029541
2040,1751,1450,2051,1729,1456,2058,1767,1465,2045,1755,1511,3.12709379196167
2040,1751,1450,2053,1728,1470,2057,1767,1464,2044,1759,1511,3.3829212188720703
2040,1751,1450,2048,1749,1458,2057,1767,1464,2046,1756,1511,3.6394078731536865
2041,1751,1450,2049,1749,1458,2057,1766,1464,2047,1748,1511,3.8949811458587646
2041,1751,1450,2048,1749,1458,2057,1767,1464,2049,1745,1511,4.158499479293823
2040,1749,1450,2049,1749,1458,2057,1767,1464,2047,1743,1511,4.447341442108154
2040,1751,1450,2049,1749,1458,2057,1766,1464,2047,1745,1511,4.734478712081909
2040,1750,1451,2049,1748,1458,2057,1766,1464,2049,1745,1508,4.998911619186401
2040,1749,1450,2049,1748,1458,2058,1767,1464,2049,1745,1508,5.255032539367676
2040,1749,1450,2049,1748,1458,2057,1766,1464,2049,1745,1508,5.5118584632873535
2041,1749,1450,2049,1748,1458,2057,1767,1464,2049,1745,1502,5.767002820968628
2040,1749,1450,2049,1748,1458,2058,1766,1464,2049,1745,1501,6.022861957550049
2040,1749,1450,2049,1748,1458,2057,1766,1464,2049,1745,1502,6.278810739517212
2041,1749,1450,2049,1748,1458,2057,1766,1464,2049,1745,1502,6.534902572631836
2040,1749,1450,2049,1748,1458,2057,1766,1464,2049,1745,1502,6.816421031951904
2040,1749,1450,2049,1748,1458,2058,1766,1464,2049,1745,1501,7.081465721130371
2040,1749,1451,2049,1748,1458,2058,1766,1465,2049,1745,1502,7.3376195430755615
2040,1749,1450,2049,1748,1458,2058,1766,1464,2049,1745,1501,7.593480110168457
2040,1749,1450,2049,1748,1458,2058,1766,1464,2049,1745,1501,7.887570142745972
2040,1749,1450,2049,1748,1458,2057,1766,1464,2049,1745,1501,8.169138193130493
2040,1749,1451,2049,1748,1458,2057,1766,1464,2049,1745,1501,8.423247337341309
2040,1749,1450,2049,1748,1458,2058,1766,1464,2049,1745,1502,8.67998218536377
2040,1749,1450,2049,1748,1458,2058,1766,1464,2049,1745,1501,8.935181617736816
2041,1749,1450,2049,1748,1458,2058,1766,1464,2049,1745,1501,9.191177368164062
2041,1749,1450,2049,1748,1458,2058,1766,1464,2049,1745,1501,9.44722318649292
2041,1749,1450,2049,1748,1458,2058,1766,1464,2049,1745,1501,9.703181743621826
2041,1749,1451,2049,1748,1458,2058,1766,1464,2049,1745,1501,9.958803415298462
2040,1749,1451,2049,1748,1458,2058,1766,1464,2049,1745,1501,10.215367794036865
2041,1749,1450,2049,1748,1458,2058,1766,1464,2049,1745,1501,10.47172474861145
2040,1749,1450,2049,1748,1458,2058,1766,1464,2049,1745,1501,10.728750467300415
2040,1749,1450,2049,1748,1458,2057,1766,1464,2049,1745,1502,10.983251094818115
2040,1749,1450,2049,1748,1458,2058,1766,1464,2049,1745,1501,11.239768266677856
2040,1749,1450,2049,1748,1458,2057,1766,1464,2049,1745,1501,11.496101140975952
2040,1749,1450,2049,1748,1458,2058,1766,1464,2049,1745,1501,11.750623226165771
2040,1749,1450,2049,1748,1458,2057,1766,1464,2049,1745,1501,12.007155656814575
2041,1749,1451,2049,1748,1458,2058,1766,1464,2049,1745,1501,12.262847900390625
2041,1749,1451,2049,1748,1458,2058,1766,1465,2049,1745,1501,12.518465280532837
2041,1749,1450,2049,1748,1458,2058,1766,1464,2049,1745,1501,12.774569511413574
2041,1749,1450,2049,1748,1458,2057,1766,1464,2049,1745,1501,13.031091213226318
2041,1749,1451,2049,1748,1458,2058,1766,1464,2049,1745,1501,13.286830186843872
2040,1749,1451,2049,1748,1458,2058,1766,1464,2049,1745,1501,13.542924642562866
2041,1749,1450,2049,1748,1458,2057,1766,1464,2049,1745,1502,13.798983573913574
2041,1749,1450,2049,1748,1458,2058,1766,1464,2049,1745,1501,14.054776906967163
2040,1749,1451,2049,1748,1458,2057,1766,1464,2049,1745,1501,14.310757160186768
2041,1749,1451,2049,1748,1458,2058,1766,1464,2049,1745,1502,14.566892623901367
2041,1749,1451,2049,1748,1458,2057,1766,1464,2049,1745,1501,14.822912454605103
2041,1749,1451,2049,1748,1458,2058,1766,1464,2049,1745,1502,15.078848600387573
2041,1749,1450,2049,1748,1458,2058,1766,1465,2049,1745,1501,15.334953546524048
2041,1749,1450,2049,1748,1458,2058,1766,1464,2049,1745,1501,15.59122109413147
2040,1749,1450,2049,1748,1458,2057,1766,1464,2049,1745,1501,15.847052812576294
2041,1749,1450,2049,1748,1458,2057,1766,1464,2049,1745,1501,16.102943658828735
2041,1749,1450,2049,1748,1458,2058,1765,1464,2049,1745,1501,16.359259843826294
2041,1749,1450,2049,1748,1458,2058,1765,1464,2049,1745,1501,16.614948749542236
2041,1749,1450,2049,1748,1458,2057,1766,1464,2049,1745,1501,16.870709657669067
2041,1749,1450,2049,1748,1458,2058,1765,1464,2049,1745,1501,17.126670122146606
2041,1749,1450,2049,1748,1458,2057,1765,1464,2049,1745,1501,17.382842540740967
2041,1749,1451,2049,1748,1458,2057,1765,1464,2050,1745,1501,17.638781785964966
2040,1749,1450,2049,1748,1458,2057,1765,1464,2050,1745,1501,17.894916772842407
2040,1749,1450,2049,1748,1458,2057,1765,1464,2050,1745,1502,18.150609254837036
2040,1750,1450,2049,1748,1458,2057,1765,1464,2050,1745,1501,18.40788722038269
2041,1749,1451,2049,1748,1458,2057,1765,1464,2050,1745,1501,18.6635799407959
2041,1749,1450,2049,1748,1458,2057,1765,1464,2050,1745,1501,18.918721914291382
2041,1749,1450,2049,1748,1458,2057,1765,1465,2050,1745,1501,19.175111770629883
2041,1749,1450,2049,1748,1458,2057,1765,1465,2050,1745,1501,19.43099069595337
2041,1749,1450,2049,1748,1458,2058,1765,1464,2050,1745,1501,19.686835050582886
2041,1750,1450,2049,1748,1458,2057,1765,1464,2050,1745,1501,19.94275736808777
2041,1749,1450,2049,1748,1458,2057,1765,1464,2050,1745,1501,20.199395418167114
2041,1749,1450,2049,1748,1458,2057,1765,1464,2050,1745,1501,20.471100568771362
2041,1749,1451,2049,1748,1458,2057,1765,1464,2050,1745,1501,20.726812601089478
2040,1749,1450,2049,1748,1458,2057,1765,1464,2050,1745,1501,20.982922792434692
2041,1750,1451,2049,1748,1458,2057,1766,1464,2050,1745,1501,21.23886251449585
2041,1750,1450,2049,1748,1458,2057,1765,1464,2050,1745,1501,21.494148015975952
2041,1750,1450,2049,1748,1458,2057,1765,1464,2049,1745,1502,21.750511646270752
2041,1751,1450,2049,1748,1458,2057,1765,1464,2049,1745,1501,22.014002323150635
2041,1751,1450,2049,1748,1458,2057,1765,1464,2049,1745,1501,22.30153250694275
2040,1751,1450,2049,1748,1458,2057,1765,1464,2049,1745,1501,22.589515924453735
2040,1751,1450,2049,1748,1458,2057,1765,1464,2049,1745,1501,22.877219915390015
2040,1751,1450,2049,1748,1458,2057,1765,1464,2049,1745,1501,23.165544986724854
2041,1751,1450,2049,1748,1458,2057,1765,1464,2049,1745,1502,23.45407462120056
2040,1751,1450,2049,1748,1458,2057,1765,1464,2049,1745,1501,23.742030382156372
2040,1751,1450,2049,1749,1458,2057,1765,1464,2049,1745,1501,24.030402421951294
2040,1751,1450,2049,1748,1458,2057,1765,1464,2049,1745,1501,24.31765079498291
2041,1751,1450,2049,1748,1458,2057,1765,1464,2049,1745,1501,24.597944974899292
2041,1751,1450,2049,1748,1458,2057,1765,1464,2049,1745,1502,24.854685306549072
2041,1751,1450,2049,1748,1458,2057,1765,1464,2047,1745,1501,25.133310079574585
2041,1753,1450,2049,1751,1458,2057,1766,1464,2047,1745,1501,25.4215669631958
2041,1754,1450,2048,1751,1457,2057,1766,1464,2047,1747,1501,25.709579706192017
2041,1754,1450,2049,1750,1458,2057,1766,1464,2047,1747,1501,25.997207164764404
2041,1755,1450,2048,1750,1457,2057,1766,1464,2046,1747,1502,26.285738706588745
2041,1755,1450,2049,1752,1457,2057,1766,1464,2045,1753,1493,26.5732364654541
2040,1747,1442,2049,1752,1454,2056,1766,1464,2044,1754,1473,26.86089038848877
2040,1751,1444,2045,1748,1441,2055,1762,1445,2045,1753,1446,27.149407148361206
2039,1759,1446,2048,1753,1450,2048,1765,1440,2044,1752,1448,27.43752884864807
2045,1761,1441,2048,1753,1450,2048,1763,1444,2044,1751,1448,27.725221872329712
2045,1761,1444,2045,1753,1439,2049,1765,1437,2050,1756,1437,28.01338839530945
2055,1759,1443,2045,1756,1441,2054,1762,1437,2049,1752,1436,28.300962448120117
2052,1758,1445,2044,1754,1438,2054,1774,1425,2053,1750,1435,28.589176654815674
2052,1757,1444,2044,1754,1438,2054,1774,1425,2054,1749,1435,28.876911401748657
2052,1757,1444,2044,1754,1439,2054,1774,1425,2054,1749,1435,29.166783571243286
2051,1757,1444,2044,1754,1438,2054,1774,1425,2054,1749,1435,29.43050718307495
2052,1757,1444,2044,1754,1439,2054,1774,1425,2054,1749,1435,29.686427116394043
2051,1757,1444,2044,1754,1439,2054,1774,1425,2054,1749,1435,29.941725730895996
2051,1757,1444,2044,1754,1438,2054,1774,1424,2054,1749,1435,30.19776487350464
2052,1757,1444,2044,1754,1438,2054,1774,1425,2054,1749,1435,30.45439386367798
2051,1757,1444,2044,1754,1439,2054,1774,1425,2054,1749,1435,30.709889888763428
2052,1757,1444,2044,1754,1438,2054,1774,1425,2054,1749,1435,30.966070652008057
2052,1757,1444,2044,1754,1438,2054,1774,1425,2054,1749,1435,31.22263765335083
2052,1757,1444,2044,1754,1438,2054,1774,1425,2054,1749,1435,31.501319408416748
2052,1757,1444,2044,1754,1439,2054,1774,1425,2054,1749,1435,31.77305579185486
2052,1757,1444,2044,1754,1438,2054,1774,1425,2054,1749,1435,32.061171531677246
2052,1757,1444,2044,1754,1439,2054,1774,1425,2054,1749,1435,32.349764585494995
2051,1757,1444,2044,1754,1439,2054,1774,1425,2054,1749,1435,32.61401724815369
2051,1757,1444,2044,1754,1439,2054,1774,1425,2054,1749,1435,32.870110750198364
2052,1757,1444,2044,1754,1439,2054,1774,1425,2054,1749,1435,33.133183002471924
2051,1757,1444,2044,1754,1439,2054,1774,1425,2054,1749,1435,33.40506887435913
2051,1714,1403,2044,1836,1461,2054,1793,1432,2052,1801,1559,33.693618297576904
2046,1629,1378,2046,1991,1494,2053,1790,1502,2054,1839,1789,33.965184926986694
2046,1629,1377,2046,1992,1494,2053,1790,1500,2054,1840,1789,34.252745151519775
2046,1630,1377,2046,1992,1494,2053,1791,1500,2054,1840,1789,34.525025367736816
2046,1730,1430,2049,1860,1418,2054,1823,1629,2052,1809,1678,34.81269717216492
2046,1993,1492,2045,1629,1343,2053,1803,1876,2052,1761,1557,35.08484959602356
2049,1998,1491,2044,1612,1342,2052,1798,1897,2052,1759,1551,35.372620582580566
2049,1998,1491,2044,1612,1342,2052,1798,1897,2052,1759,1551,35.644498109817505
2049,1884,1417,2045,1703,1402,2053,1772,1748,2051,1786,1660,35.93255066871643
2047,1690,1358,2045,1947,1495,2057,1812,1476,2053,1806,1847,36.204625606536865
2047,1675,1358,2044,1969,1495,2057,1821,1476,2050,1799,1847,36.49379777908325
2047,1675,1358,2044,1969,1495,2057,1821,1476,2051,1799,1847,36.76493048667908
2047,1773,1413,2047,1847,1418,2057,1842,1577,2052,1779,1736,37.05292725563049
2047,1989,1491,2045,1611,1347,2052,1812,1874,2051,1766,1550,37.325071573257446
2050,2001,1491,2045,1598,1352,2051,1800,1896,2051,1765,1537,37.612980365753174
2051,2001,1491,2045,1598,1352,2051,1800,1896,2051,1765,1537,37.88479018211365
2051,1891,1418,2047,1681,1416,2052,1774,1750,2051,1790,1649,38.14965200424194
2046,1709,1358,2047,1908,1494,2057,1791,1478,2053,1806,1846,38.39721131324768
2046,1678,1356,2047,1961,1496,2057,1821,1474,2050,1801,1847,38.68488955497742
2046,1678,1356,2048,1961,1496,2057,1820,1474,2050,1801,1846,38.95692992210388
2046,1776,1413,2051,1838,1420,2057,1842,1575,2053,1780,1735,39.24468159675598
2049,1991,1490,2046,1606,1347,2051,1812,1875,2053,1766,1553,39.51690363883972
2051,2002,1491,2045,1596,1355,2051,1800,1895,2053,1766,1536,39.80464053153992
2051,2002,1490,2046,1596,1355,2051,1800,1895,2053,1766,1536,40.07678174972534
2052,1889,1421,2047,1676,1419,2051,1777,1754,2053,1790,1649,40.364563941955566
2051,1670,1382,2046,1820,1500,2054,1769,1496,2051,1804,1846,40.63671851158142
2051,1668,1401,2047,1972,1496,2051,1796,1506,2052,1804,1847,40.90150260925293
2050,1668,1401,2047,1989,1502,2051,1800,1506,2052,1804,1847,41.141560792922974
2050,1804,1455,2047,1845,1447,2048,1807,1669,2054,1802,1725,41.397470474243164
2050,1999,1501,2047,1625,1401,2047,1806,1897,2053,1805,1526,41.63745355606079
2050,1998,1502,2048,1625,1401,2047,1805,1897,2052,1804,1526,41.893423557281494
2051,1999,1501,2049,1625,1401,2047,1806,1897,2052,1805,1526,42.13316297531128
2051,1858,1453,2051,1775,1457,2047,1802,1742,2052,1806,1654,42.38914346694946
2051,1631,1400,2049,1999,1497,2048,1803,1506,2052,1799,1848,42.629361391067505
2051,1628,1396,2049,2000,1496,2049,1803,1504,2052,1800,1848,42.88513469696045
2052,1628,1396,2050,2000,1496,2049,1803,1504,2052,1800,1848,43.148560762405396
2050,1706,1447,2053,1870,1419,2049,1817,1646,2050,1777,1735,43.436853885650635
2051,1907,1497,2049,1685,1355,2052,1814,1894,2058,1770,1496,43.70866012573242
2051,1953,1497,2049,1672,1355,2052,1806,1894,2058,1795,1490,43.973214864730835
2051,1953,1497,2049,1672,1355,2052,1806,1894,2058,1796,1490,44.21329689025879
2053,1850,1427,2048,1762,1405,2053,1779,1751,2057,1815,1581,44.469066858291626
2045,1685,1341,2047,1976,1496,2054,1763,1519,2052,1808,1788,44.70909857749939
2045,1662,1340,2049,1977,1495,2054,1763,1514,2051,1804,1819,44.97247838973999
2045,1662,1340,2049,1977,1495,2054,1763,1514,2051,1804,1819,45.24451804161072
2046,1754,1393,2055,1851,1420,2053,1803,1645,2051,1783,1710,45.509238958358765
2052,1950,1489,2047,1718,1348,2052,1811,1883,2057,1751,1567,45.74915432929993
2052,1958,1489,2047,1700,1347,2052,1811,1883,2057,1751,1553,46.00508213043213
2052,1958,1489,2047,1695,1347,2053,1811,1883,2057,1751,1553,46.244985818862915
2053,1855,1421,2047,1784,1386,2054,1784,1742,2057,1777,1648,46.517133474349976
2045,1679,1340,2045,1976,1498,2053,1767,1519,2052,1811,1800,46.75715756416321
2045,1665,1340,2046,1976,1498,2053,1767,1518,2051,1808,1821,47.01302766799927
2045,1665,1340,2046,1976,1498,2053,1767,1519,2051,1808,1821,47.25314712524414
2045,1755,1386,2052,1860,1425,2053,1803,1642,2049,1787,1717,47.50905227661133
2051,1958,1487,2045,1698,1349,2052,1813,1881,2056,1754,1563,47.74909210205078
2052,1965,1487,2045,1695,1348,2052,1811,1882,2056,1753,1552,48.00497651100159
2051,1964,1487,2045,1695,1349,2052,1811,1882,2056,1753,1552,48.24513792991638
2052,1861,1420,2046,1786,1388,2053,1783,1745,2056,1779,1648,48.501041650772095
2044,1708,1341,2050,1969,1496,2053,1777,1519,2051,1807,1798,48.741178035736084
2044,1693,1341,2050,1969,1496,2053,1777,1517,2050,1804,1817,48.99700355529785
2043,1693,1341,2050,1969,1496,2053,1777,1517,2051,1804,1817,49.237054109573364
2043,1779,1379,2051,1854,1423,2053,1811,1640,2051,1784,1715,49.49527835845947
2050,1964,1489,2043,1696,1341,2049,1821,1871,2053,1747,1579,49.73295521736145
2051,1965,1489,2042,1690,1341,2048,1822,1874,2054,1747,1574,49.98879051208496
2051,1965,1489,2042,1690,1341,2048,1822,1874,2054,1747,1574,50.22886300086975
2053,1858,1417,2043,1784,1380,2050,1788,1725,2053,1775,1667,50.484750509262085
2045,1721,1339,2046,1968,1498,2053,1762,1521,2050,1807,1799,50.72474670410156
2045,1713,1338,2047,1969,1497,2053,1762,1520,2051,1805,1814,50.98085618019104
2045,1713,1338,2047,1969,1497,2053,1762,1520,2050,1805,1814,51.22082781791687
2044,1800,1375,2052,1853,1426,2053,1802,1642,2051,1786,1712,51.47767090797424
2051,1961,1489,2044,1722,1337,2048,1815,1868,2052,1744,1583,51.716721534729004
2051,1965,1489,2044,1712,1337,2048,1814,1873,2053,1744,1581,51.97281789779663
2051,1965,1489,2044,1712,1337,2048,1813,1873,2053,1744,1581,52.2130241394043
2053,1860,1421,2044,1801,1373,2048,1785,1738,2052,1770,1672,52.46875286102295
2045,1737,1340,2047,1959,1495,2053,1756,1524,2051,1809,1802,52.70877456665039
2045,1732,1340,2047,1959,1495,2054,1756,1524,2050,1808,1811,52.96480369567871
2045,1733,1340,2047,1959,1495,2053,1756,1524,2050,1808,1812,53.20503377914429
2044,1817,1375,2053,1849,1424,2053,1798,1645,2050,1787,1712,53.460681200027466
2049,1968,1493,2043,1681,1338,2048,1823,1873,2051,1746,1581,53.70059156417847
2050,1974,1493,2043,1673,1338,2048,1820,1880,2051,1746,1580,53.95667004585266
2050,1974,1493,2043,1673,1338,2048,1820,1880,2052,1746,1580,54.19665336608887
2052,1871,1423,2043,1762,1378,2048,1787,1740,2051,1770,1671,54.45263624191284
2045,1747,1340,2047,1962,1494,2053,1745,1526,2051,1812,1807,54.692585945129395
2045,1735,1340,2047,1962,1494,2053,1745,1524,2051,1809,1808,54.9485125541687
2044,1734,1339,2047,1962,1494,2053,1745,1524,2051,1809,1809,55.1930456161499
2043,1815,1370,2052,1848,1422,2054,1784,1647,2051,1789,1706,55.444459199905396
2051,1968,1487,2044,1715,1340,2049,1809,1873,2053,1748,1572,55.68475079536438
2051,1980,1487,2044,1705,1339,2049,1804,1874,2054,1747,1572,55.940587759017944
2051,1980,1487,2044,1705,1339,2049,1804,1875,2054,1747,1572,56.180514097213745
2052,1881,1419,2044,1790,1374,2051,1779,1742,2053,1772,1663,56.436529874801636
2045,1746,1341,2047,1960,1492,2053,1753,1525,2051,1812,1803,56.67666578292847
2045,1735,1340,2047,1962,1492,2053,1753,1524,2051,1811,1804,56.932557821273804
2045,1735,1340,2047,1962,1492,2053,1753,1524,2051,1811,1804,57.17236280441284
2044,1813,1373,2052,1847,1422,2054,1791,1644,2050,1791,1705,57.428426027297974
2051,1971,1486,2044,1713,1340,2049,1810,1875,2053,1750,1572,57.6683554649353
2052,1978,1487,2044,1705,1339,2049,1807,1877,2054,1750,1572,57.924577951431274
2051,1980,1487,2044,1705,1339,2049,1807,1877,2054,1750,1572,58.16457509994507
2052,1872,1418,2045,1790,1374,2051,1779,1741,2052,1774,1665,58.420307636260986
2045,1747,1340,2047,1962,1493,2053,1748,1525,2052,1812,1804,58.660380840301514
2045,1735,1340,2047,1962,1493,2053,1748,1524,2051,1810,1804,58.91633367538452
2045,1735,1340,2047,1962,1493,2053,1748,1524,2051,1810,1804,59.15665125846863
2043,1815,1374,2052,1849,1422,2054,1788,1650,2050,1789,1703,59.41250658035278
2052,1967,1487,2044,1714,1339,2050,1809,1876,2054,1750,1571,59.65243625640869
2051,1976,1487,2044,1709,1339,2049,1805,1878,2054,1750,1572,59.908361196517944
2051,1976,1487,2044,1709,1339,2049,1805,1878,2054,1750,1571,60.14841032028198
2052,1871,1418,2045,1800,1376,2052,1778,1732,2053,1777,1664,60.40436840057373
2043,1744,1342,2049,1961,1493,2053,1759,1526,2051,1813,1803,60.64431190490723
2043,1734,1342,2050,1962,1492,2054,1759,1526,2051,1812,1804,60.90027117729187
2043,1734,1342,2050,1962,1492,2054,1759,1526,2051,1812,1804,61.14047050476074
2042,1814,1378,2053,1850,1421,2054,1794,1650,2051,1791,1703,61.40237045288086
2051,1970,1488,2046,1713,1339,2049,1811,1874,2054,1750,1572,61.652732610702515
2051,1976,1488,2046,1706,1339,2049,1807,1878,2054,1750,1572,61.90855169296265
2052,1976,1489,2046,1698,1338,2048,1806,1882,2056,1749,1572,62.14848589897156
2052,1872,1422,2047,1778,1377,2050,1783,1755,2054,1769,1668,62.40437936782837
2051,1675,1376,2048,1960,1501,2053,1775,1513,2050,1807,1824,62.64449381828308
2051,1673,1401,2050,2003,1502,2051,1793,1508,2049,1806,1837,62.90040564537048
2051,1674,1401,2049,2003,1502,2051,1797,1508,2049,1806,1837,63.140395641326904
2051,1802,1457,2049,1850,1448,2048,1803,1669,2055,1799,1719,63.39626097679138
2051,1998,1502,2050,1618,1406,2048,1801,1900,2054,1803,1532,63.63647484779358
2051,1998,1502,2049,1618,1402,2048,1802,1900,2054,1802,1532,63.89248561859131
2051,1998,1502,2049,1618,1401,2048,1802,1900,2054,1803,1532,64.13239693641663
2052,1862,1454,2049,1767,1457,2048,1801,1744,2055,1805,1653,64.38833093643188
2053,1644,1410,2049,2002,1502,2048,1802,1505,2054,1803,1856,64.62838530540466
2052,1644,1406,2049,2002,1502,2048,1802,1505,2054,1803,1856,64.8843502998352
2052,1644,1406,2049,2002,1502,2048,1802,1505,2054,1803,1857,65.12436056137085
2051,1780,1446,2049,1857,1449,2048,1805,1658,2053,1800,1737,65.38030767440796
2052,1997,1501,2051,1629,1401,2048,1801,1896,2051,1806,1532,65.62044072151184
2052,1996,1502,2051,1629,1401,2048,1800,1896,2051,1804,1532,65.87630677223206
2051,1997,1501,2050,1629,1399,2048,1801,1896,2051,1804,1532,66.1163604259491
2052,1867,1453,2048,1779,1458,2048,1804,1740,2052,1810,1649,66.37217855453491
2053,1645,1409,2047,2004,1502,2048,1804,1504,2052,1807,1850,66.61219453811646
2053,1645,1405,2047,2004,1502,2048,1804,1504,2052,1807,1850,66.86811637878418
2053,1645,1405,2047,2001,1499,2048,1803,1504,2051,1807,1850,67.13095164299011
2051,1748,1446,2046,1866,1428,2048,1807,1660,2051,1794,1730,67.41899538040161
2054,1995,1495,2054,1639,1402,2048,1810,1884,2051,1800,1528,67.691082239151
2053,1997,1497,2053,1636,1401,2047,1804,1894,2051,1801,1528,67.97905254364014
2054,1998,1495,2051,1610,1390,2049,1804,1894,2053,1800,1519,68.2511236667633
2054,1890,1419,2049,1685,1446,2052,1774,1751,2050,1813,1624,68.53923177719116
2046,1733,1345,2054,1956,1502,2055,1756,1503,2053,1818,1828,68.81114554405212
2047,1683,1346,2049,1982,1494,2055,1757,1504,2052,1795,1840,69.09885501861572
2047,1683,1346,2049,1982,1494,2055,1757,1503,2052,1795,1841,69.37090015411377
2046,1771,1383,2054,1866,1419,2055,1798,1633,2052,1780,1736,69.65904474258423
2050,1976,1490,2047,1677,1338,2052,1805,1876,2054,1750,1579,69.93108296394348
2051,1981,1490,2047,1665,1338,2051,1801,1890,2054,1750,1576,70.21899175643921
2051,1981,1490,2047,1665,1338,2051,1801,1890,2054,1750,1576,70.49087715148926
2052,1873,1418,2048,1754,1384,2052,1774,1742,2053,1777,1671,70.77895450592041
2045,1726,1342,2053,1968,1496,2054,1751,1522,2051,1812,1798,71.05080485343933
2044,1709,1343,2053,1980,1495,2054,1752,1522,2052,1804,1805,71.33867192268372
2045,1703,1343,2053,1980,1495,2054,1751,1521,2051,1800,1806,71.61098313331604
2045,1790,1382,2053,1863,1419,2053,1793,1651,2052,1785,1706,71.8986542224884
2050,1976,1489,2042,1688,1330,2049,1797,1887,2053,1750,1579,72.17073464393616
2050,1981,1489,2042,1683,1330,2048,1798,1894,2052,1750,1576,72.45882391929626
2050,1981,1489,2042,1683,1330,2048,1798,1894,2052,1750,1576,72.73089933395386
2052,1875,1415,2043,1771,1372,2050,1773,1752,2052,1776,1673,73.01892304420471
2045,1727,1342,2051,1957,1492,2053,1746,1519,2051,1810,1802,73.2908103466034
2045,1717,1342,2050,1968,1491,2053,1746,1519,2051,1807,1802,73.57859563827515
2045,1717,1342,2050,1969,1491,2053,1746,1519,2051,1806,1802,73.85641169548035
2045,1809,1375,2052,1850,1420,2053,1790,1644,2051,1788,1705,74.11589908599854
2047,1983,1495,2044,1673,1331,2049,1801,1879,2051,1756,1578,74.35591292381287
2047,1987,1495,2044,1656,1330,2048,1798,1897,2052,1755,1574,74.61177778244019
2047,1987,1495,2044,1656,1330,2048,1799,1896,2052,1755,1574,74.85184741020203
2051,1885,1423,2046,1751,1370,2048,1775,1752,2052,1779,1667,75.13045644760132
2046,1722,1341,2052,1967,1494,2053,1749,1521,2051,1806,1796,75.40257430076599
2046,1715,1341,2053,1967,1494,2053,1750,1521,2051,1803,1811,75.69056367874146
2046,1715,1341,2052,1967,1494,2053,1750,1521,2051,1803,1811,75.96257162094116
2046,1805,1380,2052,1849,1418,2052,1790,1654,2051,1785,1704,76.25042033195496
2049,1978,1493,2043,1685,1330,2048,1799,1883,2052,1744,1579,76.52281045913696
2049,1983,1493,2043,1678,1329,2048,1800,1892,2052,1744,1579,76.8107922077179
2050,1983,1493,2042,1678,1329,2048,1800,1892,2052,1744,1579,77.08303928375244
2052,1873,1417,2044,1784,1370,2048,1776,1746,2052,1772,1677,77.37102246284485
2045,1721,1340,2050,1982,1487,2052,1747,1523,2050,1799,1799,77.64299249649048
2045,1700,1340,2051,1989,1487,2052,1748,1519,2050,1798,1832,77.93091082572937
2045,1700,1340,2051,1989,1487,2052,1748,1519,2050,1798,1832,78.20306754112244
2046,1794,1384,2051,1866,1413,2052,1790,1652,2051,1780,1721,78.49088644981384
2051,1973,1491,2043,1709,1330,2049,1805,1880,2053,1745,1591,78.76288866996765
2051,1976,1491,2043,1707,1330,2048,1802,1884,2053,1745,1591,79.05093550682068
2051,1976,1492,2043,1707,1330,2049,1802,1884,2053,1745,1591,79.32929301261902
2052,1869,1415,2043,1807,1365,2049,1776,1739,2052,1772,1682,79.610604763031
2046,1713,1341,2049,1982,1485,2052,1756,1524,2051,1801,1806,79.88257122039795
2045,1708,1340,2049,1982,1485,2052,1756,1522,2051,1802,1816,80.1633403301239
2045,1708,1340,2049,1982,1485,2052,1756,1522,2051,1801,1817,80.40325260162354
2045,1790,1380,2054,1869,1417,2053,1793,1643,2052,1786,1716,80.65929961204529
2051,1965,1493,2046,1702,1335,2049,1812,1872,2053,1750,1583,80.89932060241699
2051,1971,1493,2047,1689,1334,2049,1810,1878,2053,1749,1583,81.1553361415863
2051,1973,1493,2046,1689,1334,2049,1810,1878,2053,1749,1583,81.39533305168152
2053,1873,1421,2048,1783,1370,2049,1779,1739,2052,1773,1675,81.65124607086182
2046,1733,1340,2053,1969,1485,2053,1748,1525,2051,1808,1800,81.89115476608276
2046,1716,1340,2053,1978,1484,2053,1748,1524,2051,1801,1812,82.1471004486084
2046,1715,1340,2054,1978,1484,2053,1748,1521,2051,1801,1820,82.38735938072205
2046,1798,1380,2053,1867,1417,2053,1791,1643,2051,1785,1719,82.64331769943237
2050,1965,1492,2044,1711,1333,2048,1813,1871,2052,1745,1591,82.88310122489929
2052,1965,1492,2044,1700,1332,2048,1811,1881,2053,1745,1582,83.13915610313416
2052,1965,1492,2044,1700,1332,2048,1810,1881,2053,1745,1581,83.37925910949707
2053,1858,1423,2044,1798,1366,2049,1782,1737,2052,1772,1673,83.63986849784851
2045,1745,1340,2049,1939,1494,2053,1753,1519,2050,1813,1796,83.91456770896912
2045,1745,1340,2049,1939,1494,2053,1753,1519,2050,1813,1796,84.1790759563446
2045,1745,1340,2048,1939,1494,2053,1753,1519,2050,1813,1796,84.42599081993103
2044,1829,1374,2053,1831,1424,2054,1796,1639,2050,1792,1696,84.69139242172241
2051,1967,1491,2045,1672,1336,2048,1821,1876,2051,1752,1579,84.93138527870178
2051,1970,1491,2045,1671,1336,2048,1821,1878,2052,1752,1578,85.18726539611816
2051,1970,1491,2045,1671,1336,2048,1820,1879,2052,1752,1577,85.42733931541443
2052,1862,1421,2046,1769,1376,2048,1787,1739,2051,1778,1668,85.68324589729309
2045,1747,1347,2050,1927,1499,2054,1752,1497,2052,1814,1813,85.92329382896423
2045,1745,1347,2049,1931,1501,2055,1751,1497,2051,1814,1813,86.17925190925598
2045,1745,1347,2049,1931,1501,2055,1752,1498,2051,1813,1813,86.41912078857422
2044,1833,1380,2053,1825,1428,2055,1798,1618,2051,1792,1711,86.67513012886047
2049,1965,1496,2045,1665,1339,2050,1831,1871,2052,1751,1582,86.91515874862671
2051,1967,1496,2044,1664,1338,2049,1831,1872,2053,1751,1572,87.17107892036438
2051,1967,1496,2044,1664,1338,2049,1831,1872,2053,1751,1572,87.41114068031311
2054,1858,1429,2044,1757,1376,2050,1795,1739,2053,1775,1663,87.66707348823547
2046,1733,1348,2049,1920,1498,2055,1768,1494,2052,1815,1823,87.90718626976013
2046,1733,1348,2049,1926,1500,2055,1770,1494,2051,1814,1823,88.1630961894989
2046,1732,1349,2047,1926,1500,2055,1771,1495,2052,1814,1823,88.40307927131653
2045,1820,1405,2053,1813,1428,2055,1813,1621,2051,1790,1718,88.65910840034485
2046,1993,1503,2051,1710,1351,2052,1822,1885,2053,1780,1551,88.89907431602478
2045,1995,1503,2053,1638,1396,2053,1820,1887,2050,1800,1540,89.15505170822144
2046,1994,1503,2053,1636,1402,2053,1820,1887,2051,1800,1539,89.39502167701721
2046,1856,1453,2052,1783,1457,2052,1814,1737,2051,1805,1657,89.6510636806488
2049,1644,1407,2052,2001,1504,2053,1813,1506,2051,1803,1852,89.89099264144897
2049,1644,1407,2052,2001,1503,2053,1813,1506,2052,1804,1852,90.1469898223877
2049,1644,1407,2052,2001,1503,2052,1813,1506,2052,1804,1852,90.3870632648468
2049,1799,1459,2051,1851,1451,2052,1813,1673,2053,1801,1731,90.64302229881287
2050,1999,1501,2051,1619,1402,2052,1812,1899,2053,1804,1529,90.88283228874207
2050,1998,1501,2051,1619,1401,2052,1812,1899,2053,1804,1529,91.1388669013977
2049,1998,1501,2051,1619,1401,2052,1812,1899,2052,1804,1529,91.3806402683258
2050,1847,1441,2048,1737,1464,2053,1796,1739,2051,1810,1635,91.65770125389099
2051,1639,1385,2049,1990,1494,2053,1795,1507,2053,1805,1817,91.92973518371582
2051,1639,1385,2050,1991,1494,2052,1795,1506,2053,1806,1818,92.21781778335571
2050,1639,1385,2050,1991,1494,2052,1795,1506,2053,1805,1818,92.48968887329102
2050,1729,1432,2052,1863,1419,2053,1823,1639,2052,1783,1711,92.77789354324341
2047,1982,1488,2045,1706,1336,2051,1797,1899,2055,1747,1583,93.04984426498413
2050,1985,1489,2044,1696,1335,2051,1797,1899,2055,1746,1570,93.33777499198914
2050,1985,1489,2044,1696,1335,2051,1797,1899,2055,1746,1570,93.60983204841614
2052,1884,1414,2045,1791,1370,2052,1774,1754,2054,1774,1667,93.8977689743042
2046,1705,1341,2049,1981,1491,2052,1757,1522,2050,1804,1803,94.16973853111267
2046,1691,1341,2050,1980,1490,2052,1758,1519,2050,1803,1824,94.45750951766968
2046,1691,1341,2050,1980,1491,2052,1758,1519,2050,1803,1824,94.72995185852051
2046,1779,1383,2054,1860,1417,2052,1795,1642,2051,1783,1720,95.01769804954529
2051,1965,1494,2044,1691,1334,2048,1820,1876,2052,1747,1591,95.28976392745972
2051,1965,1494,2044,1691,1334,2048,1820,1878,2052,1747,1591,95.57738137245178
2051,1965,1494,2044,1691,1334,2048,1820,1878,2052,1747,1591,95.84982919692993
2053,1857,1419,2045,1791,1374,2048,1785,1729,2051,1773,1685,96.13724851608276
2046,1712,1339,2052,1976,1490,2052,1755,1521,2050,1805,1810,96.40943121910095
2046,1693,1339,2052,1978,1490,2052,1755,1520,2050,1798,1826,96.69713878631592
2046,1693,1339,2052,1979,1489,2052,1755,1520,2050,1798,1826,96.96923017501831
2046,1781,1381,2052,1859,1416,2052,1796,1651,2051,1781,1721,97.25731039047241
2053,1952,1493,2042,1702,1335,2048,1825,1866,2053,1740,1596,97.52941513061523
2053,1961,1492,2042,1699,1335,2048,1824,1868,2053,1740,1595,97.81737756729126
2053,1961,1492,2042,1699,1335,2048,1824,1868,2054,1740,1594,98.08949398994446
2054,1856,1420,2044,1796,1372,2049,1790,1721,2053,1766,1688,98.3774003982544
2045,1707,1338,2049,1976,1494,2053,1760,1521,2051,1799,1808,98.64933705329895
2045,1705,1338,2050,1977,1494,2053,1761,1521,2051,1800,1818,98.93731379508972
2045,1705,1338,2050,1977,1494,2053,1761,1521,2051,1800,1818,99.20938515663147
2045,1790,1384,2054,1854,1417,2053,1798,1651,2053,1782,1712,99.49759650230408
2052,1961,1487,2047,1705,1337,2051,1814,1877,2056,1746,1571,99.76913595199585
2051,1962,1487,2047,1704,1337,2051,1814,1877,2056,1745,1567,100.05716824531555
2051,1962,1487,2047,1704,1337,2051,1814,1877,2056,1745,1567,100.32908725738525
2052,1860,1419,2048,1800,1373,2052,1784,1736,2056,1772,1662,100.61740493774414
2044,1705,1339,2053,1971,1492,2053,1776,1518,2051,1807,1808,100.88917112350464
2044,1703,1339,2053,1972,1492,2053,1776,1517,2052,1807,1815,101.17730164527893
2044,1703,1339,2053,1972,1492,2053,1776,1517,2051,1807,1815,101.44935417175293
2043,1791,1384,2052,1849,1417,2053,1812,1645,2052,1787,1707,101.73732495307922
2052,1961,1489,2043,1723,1337,2052,1824,1873,2056,1744,1584,102.00922989845276
2052,1962,1489,2043,1719,1337,2051,1823,1873,2055,1744,1582,102.29694509506226
2052,1962,1489,2043,1719,1337,2052,1824,1874,2055,1744,1582,102.56901121139526
2053,1856,1418,2043,1811,1375,2051,1789,1726,2056,1769,1675,102.85719895362854
2045,1711,1338,2049,1975,1492,2053,1759,1523,2052,1800,1813,103.12931036949158
2045,1707,1338,2050,1978,1492,2053,1759,1523,2052,1799,1822,103.4172933101654
2045,1706,1338,2050,1978,1491,2053,1759,1522,2052,1800,1822,103.68931460380554
2045,1794,1381,2054,1858,1416,2053,1799,1652,2053,1781,1716,103.97720432281494
2052,1958,1484,2047,1714,1340,2052,1815,1881,2056,1746,1557,104.2490599155426
2052,1962,1484,2047,1709,1339,2052,1814,1881,2056,1745,1551,104.5371482372284
2051,1963,1484,2047,1709,1339,2052,1814,1881,2057,1745,1551,104.80930280685425
2052,1857,1415,2047,1804,1376,2052,1784,1734,2056,1773,1651,105.09701180458069
2044,1696,1339,2050,1976,1494,2053,1761,1522,2052,1801,1815,105.369060754776
2044,1690,1339,2050,1977,1494,2052,1761,1516,2052,1801,1824,105.65720200538635
2044,1690,1338,2050,1977,1494,2053,1762,1516,2052,1801,1824,105.92904591560364
2044,1777,1386,2051,1855,1417,2053,1803,1646,2052,1782,1716,106.21695351600647
2052,1956,1486,2044,1693,1345,2052,1815,1884,2057,1748,1545,106.48530530929565
2052,1964,1487,2044,1681,1345,2052,1814,1884,2058,1748,1535,106.73822569847107
2052,1964,1487,2044,1681,1345,2052,1814,1884,2058,1748,1535,106.97828412055969
2053,1864,1422,2046,1771,1381,2052,1784,1749,2057,1776,1628,107.23401737213135
2045,1691,1340,2046,1977,1495,2053,1777,1521,2053,1809,1795,107.47424578666687
2045,1668,1340,2048,1981,1495,2053,1777,1513,2052,1802,1821,107.73012018203735
2045,1668,1340,2048,1981,1495,2053,1777,1511,2052,1802,1821,107.96983051300049
2045,1754,1388,2054,1865,1423,2053,1812,1635,2052,1782,1722,108.22585391998291
2052,1932,1486,2048,1690,1357,2052,1814,1891,2057,1752,1549,108.46574234962463
2049,1970,1497,2052,1658,1367,2051,1814,1892,2051,1766,1547,108.72173380851746
2050,1986,1501,2052,1649,1401,2048,1814,1891,2051,1802,1547,108.96167850494385
2050,1839,1453,2050,1794,1459,2048,1806,1725,2051,1804,1667,109.21768021583557
2052,1638,1410,2050,2000,1503,2050,1807,1506,2051,1802,1856,109.45765256881714
2052,1638,1410,2050,2000,1503,2049,1807,1506,2051,1802,1856,109.7138442993164
2052,1638,1410,2049,2000,1503,2049,1807,1506,2051,1802,1856,109.95374202728271
2051,1792,1461,2050,1851,1451,2050,1807,1668,2052,1799,1733,110.22588682174683
2051,2000,1502,2051,1619,1404,2050,1807,1899,2051,1803,1532,110.46560168266296
2051,1999,1502,2051,1619,1401,2049,1806,1899,2051,1803,1532,110.72192668914795
2050,1999,1502,2051,1619,1401,2049,1807,1899,2052,1802,1532,110.96160173416138
2050,1847,1453,2050,1775,1459,2049,1803,1731,2051,1805,1656,111.2175178527832
2052,1637,1406,2051,2001,1502,2049,1805,1506,2053,1802,1858,111.4576404094696
2049,1636,1396,2052,2001,1497,2051,1803,1506,2052,1800,1858,111.71358633041382
2050,1627,1396,2049,2000,1497,2051,1803,1506,2055,1797,1858,111.95372986793518
2049,1696,1440,2052,1876,1424,2052,1814,1649,2054,1772,1756,112.20961403846741
2049,1928,1493,2049,1681,1356,2053,1812,1890,2057,1753,1527,112.44949388504028
2050,1981,1493,2048,1654,1355,2052,1806,1891,2057,1775,1494,112.70560097694397
2050,1981,1493,2048,1654,1355,2052,1806,1891,2057,1775,1494,112.94541501998901
2052,1880,1422,2049,1746,1408,2052,1779,1755,2057,1799,1589,113.20158410072327
2045,1759,1336,2053,1953,1499,2054,1749,1526,2053,1815,1797,113.4644935131073
2045,1731,1336,2053,1970,1499,2054,1750,1523,2053,1799,1798,113.7525486946106
2045,1727,1336,2053,1972,1499,2054,1749,1523,2052,1800,1808,114.02451133728027
2044,1812,1373,2052,1848,1421,2053,1793,1652,2053,1784,1705,114.31249761581421
2051,1978,1486,2043,1673,1340,2050,1821,1874,2054,1748,1588,114.58468961715698
2051,1981,1486,2043,1671,1340,2050,1819,1877,2054,1748,1588,114.87260556221008
2051,1981,1486,2043,1671,1340,2050,1819,1877,2054,1748,1588,115.1443681716919
2053,1875,1414,2044,1762,1394,2051,1785,1731,2053,1772,1683,115.43243050575256
2045,1756,1337,2050,1959,1498,2055,1754,1517,2051,1807,1814,115.70460557937622
2045,1740,1338,2050,1962,1497,2055,1754,1514,2051,1799,1815,115.99253034591675
2045,1736,1337,2050,1965,1497,2055,1754,1514,2051,1798,1815,116.26440525054932
2044,1825,1373,2054,1845,1420,2054,1799,1643,2051,1784,1712,116.5525119304657
2050,1971,1489,2048,1666,1338,2049,1833,1872,2054,1753,1587,116.82456946372986
2051,1977,1489,2047,1665,1338,2049,1833,1872,2053,1753,1569,117.11226058006287
2050,1977,1489,2047,1665,1338,2049,1833,1872,2053,1752,1569,117.38435292243958
2053,1867,1417,2048,1755,1393,2049,1794,1725,2053,1779,1667,117.67237615585327
2045,1742,1335,2047,1970,1500,2054,1756,1522,2051,1806,1804,117.94450521469116
2044,1716,1336,2047,1977,1499,2053,1757,1516,2051,1796,1827,118.23220753669739
2044,1706,1335,2047,1978,1499,2054,1757,1516,2051,1796,1835,118.50422549247742
2044,1794,1369,2052,1863,1422,2053,1800,1642,2051,1778,1735,118.79222965240479
2051,1962,1487,2045,1697,1337,2048,1826,1870,2053,1746,1591,119.06428670883179
2051,1971,1487,2045,1693,1337,2048,1826,1872,2053,1746,1591,119.35212278366089
2050,1972,1487,2045,1693,1337,2048,1826,1872,2053,1746,1591,119.6242663860321
2053,1863,1415,2045,1784,1382,2049,1790,1726,2053,1771,1684,119.91228866577148
2044,1714,1333,2048,1979,1499,2053,1757,1523,2050,1796,1808,120.18418288230896
2044,1684,1333,2049,1981,1499,2053,1758,1521,2051,1795,1850,120.47234392166138
2044,1684,1333,2049,1981,1498,2053,1758,1521,2051,1795,1850,120.7443335056305
2044,1772,1366,2054,1863,1421,2052,1798,1647,2052,1777,1745,121.03203892707825
2050,1962,1480,2048,1721,1342,2051,1817,1871,2058,1743,1579,121.30443096160889
2050,1973,1480,2047,1704,1342,2051,1809,1873,2058,1743,1579,121.58866715431213
2050,1974,1480,2047,1704,1342,2051,1810,1873,2058,1744,1579,121.82508611679077
2053,1874,1417,2048,1786,1379,2052,1782,1741,2057,1767,1670,122.08148980140686
2044,1721,1332,2046,1982,1496,2053,1763,1525,2054,1798,1790,122.32137823104858
2044,1679,1333,2047,1982,1495,2053,1763,1521,2053,1796,1850,122.57733368873596
2044,1679,1333,2047,1982,1495,2053,1763,1520,2053,1796,1850,122.81741547584534
2044,1762,1369,2052,1868,1423,2053,1802,1644,2054,1779,1747,123.07335615158081
2050,1953,1479,2046,1716,1343,2052,1814,1874,2059,1746,1578,123.3134753704071
2050,1962,1480,2046,1707,1342,2052,1814,1874,2060,1746,1565,123.5696120262146
2051,1962,1480,2046,1707,1342,2053,1814,1874,2060,1746,1564,123.80956292152405
2053,1863,1416,2046,1795,1380,2053,1784,1739,2060,1772,1655,124.06552934646606
2045,1700,1334,2047,1982,1495,2053,1764,1524,2056,1802,1792,124.30548906326294
2045,1668,1334,2049,1983,1494,2053,1764,1519,2055,1797,1838,124.56130456924438
2045,1668,1334,2049,1983,1494,2053,1764,1519,2055,1797,1838,124.80147123336792
2045,1761,1375,2054,1862,1416,2053,1802,1647,2056,1781,1727,125.08007979393005
2050,1954,1479,2049,1708,1349,2052,1812,1882,2060,1750,1547,125.35245203971863
2050,1960,1480,2048,1704,1349,2052,1809,1882,2060,1750,1538,125.64009523391724
2050,1960,1480,2048,1704,1349,2052,1809,1882,2060,1750,1538,125.91202521324158
2053,1855,1415,2049,1796,1390,2052,1780,1740,2060,1779,1639,126.20022940635681
2044,1681,1335,2047,1981,1495,2053,1761,1523,2056,1804,1803,126.47194218635559
2044,1668,1335,2049,1982,1495,2053,1761,1521,2056,1800,1823,126.75988554954529
2044,1668,1336,2049,1982,1495,2053,1761,1521,2056,1800,1823,127.03235816955566
2044,1761,1382,2054,1858,1418,2053,1800,1654,2056,1782,1714,127.32033610343933
2052,1953,1483,2047,1713,1348,2050,1811,1887,2062,1749,1536,127.59243035316467
2050,1992,1501,2051,1643,1396,2049,1810,1888,2059,1809,1531,127.88021779060364
2050,1991,1501,2051,1637,1401,2049,1810,1888,2055,1806,1529,128.1521008014679
2051,1845,1452,2053,1795,1460,2053,1802,1726,2050,1807,1662,128.4402039051056
2052,1660,1405,2050,2001,1502,2051,1802,1506,2051,1802,1855,128.71224904060364
2052,1654,1405,2050,2001,1502,2049,1803,1506,2051,1802,1855,129.00017523765564
2052,1654,1405,2050,2001,1502,2049,1803,1506,2051,1803,1855,129.2723081111908
2051,1802,1460,2050,1842,1448,2050,1805,1680,2053,1802,1724,129.56012439727783
2051,1998,1501,2050,1620,1401,2049,1804,1897,2053,1804,1531,129.8321783542633
2051,1998,1501,2050,1620,1401,2050,1804,1898,2053,1804,1531,130.12009978294373
2051,1998,1501,2051,1620,1401,2050,1804,1898,2053,1804,1531,130.39208340644836
2051,1848,1451,2049,1789,1461,2051,1805,1731,2054,1805,1663,130.68015718460083
2052,1638,1407,2049,2001,1503,2051,1805,1506,2053,1803,1852,130.95207858085632
2052,1638,1407,2049,2001,1503,2050,1805,1506,2053,1803,1852,131.24005675315857
2052,1638,1406,2049,2001,1503,2050,1805,1506,2053,1803,1852,131.51201272010803
2051,1797,1460,2049,1841,1448,2051,1806,1681,2053,1803,1723,131.79999089241028
2051,1998,1501,2050,1619,1401,2050,1805,1897,2053,1804,1531,132.07174944877625
2051,1998,1501,2050,1619,1401,2053,1805,1897,2053,1804,1532,132.35992455482483
2051,1999,1501,2050,1619,1401,2054,1805,1897,2053,1804,1532,132.63190245628357
2051,1859,1453,2049,1778,1458,2052,1805,1737,2052,1806,1657,132.91982746124268
2052,1638,1406,2050,2001,1501,2052,1805,1506,2052,1803,1852,133.19183087348938
2052,1638,1406,2050,2001,1501,2051,1805,1506,2052,1803,1852,133.47952890396118
2052,1638,1406,2050,2001,1501,2051,1804,1506,2052,1803,1852,133.75167751312256
2052,1742,1465,2050,1852,1435,2049,1817,1649,2047,1794,1735,134.0396921634674
2046,2004,1483,2049,1607,1386,2054,1805,1888,2059,1788,1500,134.3118793964386
2046,2004,1483,2049,1606,1386,2053,1805,1888,2059,1788,1500,134.5994472503662
2047,2004,1483,2049,1606,1386,2053,1805,1888,2059,1788,1500,134.8717942237854
2049,1905,1413,2050,1697,1442,2054,1782,1747,2058,1808,1598,135.15942931175232
2046,1727,1342,2053,1957,1498,2055,1762,1505,2056,1813,1813,135.43160104751587
2046,1693,1343,2053,1972,1497,2055,1762,1505,2055,1796,1822,135.7195999622345
2046,1692,1343,2053,1972,1497,2055,1762,1505,2055,1797,1823,135.99168491363525
2046,1776,1387,2052,1852,1420,2054,1804,1636,2056,1782,1722,136.27935028076172
2052,1975,1486,2042,1698,1340,2053,1821,1874,2059,1744,1581,136.55184483528137
2052,1978,1486,2042,1675,1340,2053,1821,1874,2059,1744,1574,136.81655287742615
2052,1978,1485,2042,1675,1340,2052,1821,1874,2059,1744,1574,137.05669403076172
2053,1875,1420,2043,1762,1383,2053,1789,1740,2059,1766,1660,137.31222105026245
2045,1722,1346,2051,1973,1494,2054,1767,1520,2057,1809,1804,137.55222916603088
2045,1686,1346,2051,1974,1494,2054,1767,1511,2055,1796,1830,137.8081693649292
2045,1683,1346,2050,1975,1493,2054,1767,1510,2056,1797,1832,138.04824233055115
2045,1766,1388,2051,1864,1424,2053,1804,1636,2056,1781,1737,138.30427050590515
2054,1952,1479,2044,1664,1361,2049,1822,1886,2057,1748,1594,138.5443844795227
2053,1968,1493,2047,1646,1394,2049,1815,1890,2054,1787,1550,138.80017495155334
2052,1982,1501,2047,1645,1401,2047,1814,1890,2054,1803,1542,139.04038190841675
2052,1846,1452,2049,1789,1460,2048,1810,1729,2055,1805,1661,139.2963001728058
2053,1640,1405,2050,2003,1502,2048,1810,1505,2053,1803,1850,139.53619241714478
2050,1639,1395,2048,2000,1502,2049,1806,1505,2054,1801,1850,139.79213166236877
2051,1624,1396,2046,2002,1494,2049,1807,1505,2056,1796,1850,140.0321397781372
2050,1702,1441,2048,1880,1425,2049,1821,1636,2054,1775,1753,140.28801774978638
2053,1962,1488,2047,1710,1344,2053,1821,1875,2056,1743,1598,140.52814197540283
2053,1967,1487,2047,1693,1344,2053,1814,1878,2057,1742,1598,140.78410840034485
2053,1967,1487,2047,1693,1344,2053,1814,1878,2057,1743,1598,141.02409720420837
2054,1871,1423,2047,1774,1377,2053,1783,1747,2057,1765,1683,141.28021097183228
2045,1733,1340,2053,1954,1495,2054,1752,1523,2052,1812,1798,141.5201895236969
2045,1725,1340,2053,1954,1495,2054,1752,1520,2052,1811,1807,141.77624797821045
2045,1725,1340,2054,1954,1495,2054,1752,1520,2052,1811,1807,142.01631331443787
2044,1805,1374,2053,1847,1427,2054,1793,1639,2052,1790,1710,142.27215123176575
2051,1968,1490,2042,1674,1338,2048,1827,1863,2053,1750,1585,142.5122208595276
2051,1969,1490,2042,1672,1338,2048,1827,1865,2054,1749,1582,142.7684121131897
2051,1969,1490,2042,1672,1338,2048,1827,1865,2053,1749,1582,143.0081741809845
2053,1858,1422,2042,1756,1388,2049,1793,1718,2054,1774,1671,143.2643163204193
2044,1731,1342,2052,1956,1500,2054,1763,1503,2052,1818,1806,143.50433659553528
2044,1702,1342,2052,1962,1499,2054,1762,1503,2051,1807,1817,143.760155916214
2044,1700,1342,2052,1962,1499,2054,1762,1503,2051,1807,1817,144.00026059150696
2044,1786,1375,2052,1849,1429,2053,1804,1631,2050,1788,1722,144.25614428520203
2049,1964,1494,2043,1662,1340,2048,1841,1857,2052,1747,1593,144.4962899684906
2051,1965,1494,2042,1658,1340,2048,1841,1861,2053,1747,1588,144.75202703475952
2050,1965,1494,2043,1658,1340,2048,1841,1861,2053,1747,1588,144.99225449562073
2053,1848,1427,2042,1742,1386,2049,1802,1722,2052,1772,1677,145.2482771873474
2044,1719,1340,2053,1963,1499,2054,1763,1505,2054,1818,1806,145.4878978729248
2045,1695,1340,2053,1964,1499,2054,1763,1504,2052,1806,1814,145.74405217170715
2045,1695,1340,2053,1964,1499,2054,1763,1504,2052,1806,1814,145.98398208618164
2045,1781,1384,2053,1851,1427,2054,1804,1625,2050,1787,1717,146.23985290527344
2052,1954,1492,2042,1691,1340,2049,1833,1867,2054,1747,1586,146.48006629943848
2051,1955,1493,2042,1686,1340,2050,1833,1867,2054,1747,1582,146.73606419563293
2051,1955,1493,2042,1686,1339,2049,1833,1867,2054,1747,1582,146.97608733177185
2052,1847,1427,2042,1769,1374,2050,1795,1721,2054,1774,1670,147.2320773601532
2042,1716,1345,2052,1956,1497,2054,1761,1512,2052,1821,1788,147.47211289405823
2042,1710,1345,2052,1957,1497,2054,1761,1512,2052,1821,1788,147.7278344631195
2042,1710,1345,2052,1957,1497,2054,1761,1512,2052,1821,1788,147.96798062324524
2042,1796,1379,2052,1846,1426,2054,1799,1636,2051,1798,1696,148.22389698028564
2046,1978,1494,2043,1672,1337,2049,1826,1862,2053,1752,1574,148.46393489837646
2047,1977,1494,2043,1668,1337,2048,1825,1869,2054,1752,1574,148.7197301387787
2047,1977,1494,2042,1668,1337,2048,1825,1869,2054,1752,1574,148.95984292030334
2051,1853,1419,2043,1768,1380,2048,1789,1714,2054,1782,1675,149.2158830165863
2045,1697,1346,2051,1974,1499,2052,1767,1518,2052,1819,1772,149.45604848861694
2045,1664,1346,2052,1980,1498,2053,1767,1518,2052,1812,1807,149.71183490753174
2045,1664,1346,2052,1980,1499,2053,1767,1518,2052,1812,1808,149.9517319202423
2045,1753,1388,2052,1866,1426,2053,1805,1649,2051,1787,1712,150.20778703689575
2052,1975,1490,2042,1726,1336,2050,1821,1859,2054,1744,1587,150.44779348373413
2052,1975,1490,2042,1714,1335,2049,1820,1866,2054,1744,1587,150.70373272895813
2052,1975,1490,2042,1714,1336,2049,1820,1866,2054,1744,1587,150.9437963962555
2053,1871,1423,2043,1798,1364,2050,1788,1730,2054,1769,1676,151.19988989830017
2044,1704,1336,2047,1985,1499,2052,1769,1521,2052,1802,1780,151.44449496269226
2044,1673,1336,2047,1986,1498,2052,1769,1521,2052,1798,1827,151.69591331481934
2045,1671,1336,2047,1986,1498,2052,1769,1521,2052,1798,1827,151.9359257221222
2045,1760,1376,2052,1871,1424,2052,1805,1649,2052,1779,1729,152.1917781829834
2050,1976,1483,2045,1728,1339,2052,1815,1870,2055,1746,1588,152.43178939819336
2050,1977,1484,2045,1718,1338,2051,1813,1872,2056,1746,1588,152.68770837783813
2050,1977,1484,2045,1718,1338,2051,1813,1872,2056,1746,1588,152.92788362503052
2052,1869,1417,2045,1809,1368,2052,1783,1732,2056,1772,1674,153.18366885185242
2045,1702,1333,2047,1988,1499,2053,1765,1519,2053,1797,1800,153.4235339164734
2045,1663,1333,2047,1989,1498,2052,1765,1518,2052,1794,1853,153.67954397201538
2045,1663,1333,2047,1989,1497,2052,1765,1518,2052,1794,1853,153.91980910301208
2045,1748,1372,2052,1878,1423,2053,1801,1641,2053,1775,1755,154.17577815055847
2051,1962,1478,2044,1725,1338,2052,1812,1874,2056,1741,1587,154.41574692726135
2051,1975,1479,2044,1721,1338,2052,1811,1874,2056,1740,1575,154.6723403930664
2051,1975,1479,2044,1721,1338,2052,1811,1874,2056,1740,1575,154.91180300712585
2053,1876,1415,2045,1804,1369,2052,1782,1739,2057,1765,1665,155.16790437698364
2045,1694,1334,2047,1988,1497,2053,1766,1520,2053,1795,1806,155.4078071117401
2045,1669,1334,2047,1986,1496,2053,1766,1520,2052,1795,1846,155.6637327671051
2045,1669,1334,2047,1987,1496,2053,1766,1519,2052,1795,1846,155.90360522270203
2045,1761,1368,2053,1872,1423,2053,1804,1650,2054,1778,1746,156.15992665290833
2052,1979,1478,2045,1726,1339,2051,1812,1865,2056,1744,1596,156.39979934692383
2051,1981,1479,2045,1714,1338,2051,1811,1872,2056,1744,1596,156.67871022224426
2051,1980,1479,2045,1714,1339,2051,1811,1872,2056,1744,1596,156.95099067687988
2052,1874,1411,2045,1802,1374,2052,1782,1734,2056,1768,1684,157.23879766464233
2043,1727,1331,2047,1977,1496,2053,1762,1524,2052,1797,1819,157.51099848747253
2043,1721,1331,2047,1977,1496,2053,1762,1523,2052,1797,1825,157.79902172088623
2043,1721,1331,2047,1978,1496,2053,1762,1523,2052,1797,1825,158.07086610794067
2042,1802,1365,2051,1862,1420,2053,1802,1646,2052,1779,1724,158.35895419120789
2050,1978,1474,2045,1728,1339,2049,1815,1870,2055,1744,1591,158.6308629512787
2050,1978,1474,2045,1728,1339,2048,1814,1870,2055,1744,1591,158.9188289642334
2050,1978,1474,2045,1728,1339,2048,1814,1870,2055,1744,1591,159.19070196151733
2053,1872,1408,2045,1815,1379,2049,1783,1730,2054,1770,1681,159.47871708869934
2045,1727,1333,2049,1977,1494,2052,1760,1528,2052,1800,1813,159.7506172657013
2045,1720,1333,2049,1977,1495,2052,1761,1520,2051,1800,1822,160.03863716125488
2045,1720,1333,2049,1977,1495,2052,1761,1520,2052,1800,1822,160.31050205230713
2045,1809,1369,2052,1858,1417,2052,1802,1643,2052,1781,1718,160.59853649139404
2052,1981,1481,2047,1692,1335,2048,1820,1871,2054,1743,1598,160.87061429023743
2052,1983,1481,2047,1690,1335,2048,1818,1874,2053,1743,1598,161.15855717658997
2052,1983,1481,2047,1690,1335,2048,1818,1874,2053,1743,1598,161.43054842948914
2052,1876,1413,2047,1779,1377,2048,1786,1733,2053,1767,1689,161.71866059303284
2043,1699,1338,2052,1982,1499,2052,1766,1520,2052,1796,1789,161.9906768798828
2044,1676,1338,2053,1982,1499,2052,1765,1517,2052,1797,1831,162.27858543395996
2044,1676,1338,2053,1982,1499,2052,1765,1517,2052,1797,1831,162.5506148338318
2044,1765,1380,2052,1862,1423,2052,1805,1646,2052,1779,1727,162.83860063552856
2052,1981,1485,2043,1706,1334,2051,1812,1869,2055,1743,1598,163.1106333732605
2052,1981,1485,2043,1700,1334,2050,1810,1877,2055,1742,1598,163.39859294891357
2052,1981,1485,2043,1700,1333,2051,1810,1877,2055,1742,1598,163.67063450813293
2052,1874,1415,2044,1791,1369,2052,1780,1735,2054,1768,1689,163.95855402946472
2045,1708,1338,2049,1969,1496,2052,1773,1514,2052,1800,1811,164.2307050228119
2045,1698,1338,2050,1970,1495,2052,1773,1514,2052,1798,1822,164.51860642433167
2045,1698,1338,2050,1970,1495,2052,1773,1514,2052,1798,1822,164.79062271118164
2045,1789,1373,2053,1849,1422,2053,1811,1639,2051,1780,1721,165.0786201953888
2051,1966,1491,2046,1680,1338,2048,1842,1852,2054,1737,1605,165.35074019432068
2052,1967,1491,2045,1681,1338,2048,1842,1853,2054,1737,1601,165.63851928710938
2052,1967,1491,2046,1681,1338,2048,1842,1853,2054,1737,1601,165.91051530838013
2053,1856,1421,2045,1776,1377,2048,1804,1708,2054,1763,1691,166.198557138443
2044,1731,1337,2050,1968,1498,2053,1757,1521,2052,1807,1796,166.47076034545898
2044,1729,1338,2050,1968,1498,2054,1757,1520,2052,1806,1804,166.7353892326355
2044,1727,1337,2050,1967,1498,2053,1757,1520,2052,1805,1805,166.97535848617554
2044,1814,1372,2053,1848,1425,2054,1800,1644,2052,1785,1710,167.231281042099
2052,1961,1487,2044,1681,1342,2049,1838,1860,2055,1746,1591,167.47131490707397
2052,1964,1487,2045,1677,1342,2049,1838,1861,2055,1746,1591,167.72738552093506
2052,1964,1487,2044,1677,1342,2050,1838,1861,2055,1746,1591,167.96735835075378
2053,1855,1421,2045,1765,1386,2051,1799,1715,2055,1771,1675,168.22324776649475
2043,1719,1339,2051,1967,1496,2054,1765,1515,2053,1815,1788,168.46310591697693
2043,1688,1338,2052,1975,1495,2054,1764,1514,2052,1800,1805,168.71918416023254
2043,1688,1338,2052,1975,1495,2054,1764,1515,2053,1800,1805,168.9592125415802
2043,1774,1373,2052,1855,1426,2054,1805,1633,2052,1784,1715,169.21511244773865
2052,1955,1490,2042,1693,1343,2051,1844,1848,2054,1745,1591,169.45544338226318
2051,1959,1490,2042,1676,1343,2051,1844,1848,2055,1745,1585,169.7111942768097
2051,1965,1489,2042,1672,1343,2050,1843,1851,2055,1745,1580,169.9507179260254
2052,1855,1420,2043,1758,1387,2051,1803,1720,2055,1772,1668,170.2066295146942
2042,1713,1338,2048,1978,1498,2054,1768,1512,2054,1814,1790,170.44707036018372
2042,1690,1338,2049,1979,1497,2054,1767,1512,2053,1802,1804,170.70303797721863
2043,1690,1338,2049,1979,1497,2054,1767,1512,2053,1802,1804,170.9431893825531
2043,1772,1376,2055,1865,1427,2054,1806,1630,2052,1785,1712,171.19863939285278
2051,1961,1487,2047,1676,1347,2052,1832,1859,2055,1751,1568,171.43869638442993
2051,1968,1487,2047,1667,1346,2052,1831,1861,2056,1751,1557,171.6947042942047
2052,1968,1487,2047,1666,1346,2052,1831,1861,2056,1751,1557,171.93459033966064
2053,1868,1423,2047,1752,1395,2051,1794,1726,2056,1775,1652,172.1906316280365
2044,1720,1338,2050,1969,1500,2054,1763,1515,2053,1817,1786,172.43099403381348
2044,1686,1338,2052,1974,1499,2054,1763,1515,2053,1804,1814,172.68688344955444
2044,1686,1338,2052,1974,1499,2054,1763,1515,2053,1804,1814,172.92660570144653
2045,1775,1380,2052,1858,1429,2054,1803,1642,2053,1785,1715,173.18273544311523
2051,1962,1488,2042,1679,1343,2052,1834,1854,2054,1747,1585,173.42276239395142
2051,1971,1488,2042,1670,1342,2051,1834,1857,2055,1747,1569,173.67879724502563
2051,1971,1488,2042,1670,1342,2051,1834,1857,2056,1747,1569,173.91884517669678
2052,1864,1424,2043,1757,1385,2052,1796,1724,2055,1771,1661,174.17479157447815
2043,1719,1338,2047,1970,1499,2054,1764,1513,2054,1817,1788,174.41480803489685
2043,1689,1338,2049,1975,1498,2054,1763,1513,2053,1803,1805,174.67075896263123
2042,1689,1338,2049,1975,1498,2054,1763,1513,2053,1803,1805,174.91089630126953
2043,1776,1374,2054,1862,1427,2054,1804,1632,2052,1784,1710,175.16678857803345
2051,1958,1489,2046,1683,1341,2051,1836,1847,2054,1746,1588,175.40674257278442
2051,1970,1489,2046,1674,1341,2051,1836,1853,2055,1746,1572,175.66267156600952
2051,1970,1489,2046,1674,1341,2051,1836,1853,2055,1746,1571,175.9028079509735
2053,1860,1423,2047,1758,1385,2051,1798,1716,2055,1770,1663,176.15867972373962
2044,1719,1338,2048,1978,1499,2054,1768,1514,2054,1815,1783,176.3987741470337
2044,1697,1338,2050,1979,1499,2054,1767,1514,2053,1802,1802,176.654687166214
2044,1676,1338,2050,1979,1498,2054,1767,1514,2052,1801,1832,176.89480209350586
2045,1782,1400,2052,1861,1434,2053,1805,1648,2053,1794,1731,177.15070414543152
2049,2004,1493,2053,1625,1401,2051,1809,1896,2052,1803,1540,177.39080810546875
2047,1997,1500,2053,1625,1401,2051,1809,1896,2053,1803,1540,177.6465539932251
2049,1995,1501,2052,1625,1401,2051,1809,1896,2053,1803,1540,177.8864893913269
2049,1841,1454,2052,1767,1458,2052,1804,1744,2054,1802,1661,178.1424868106842
2051,1634,1410,2050,1997,1502,2051,1807,1512,2053,1801,1856,178.38242936134338
2051,1635,1410,2050,1997,1502,2051,1807,1512,2053,1801,1856,178.6384356021881
2051,1635,1410,2049,1998,1502,2051,1807,1512,2054,1802,1856,178.87847137451172
2051,1795,1461,2049,1843,1450,2052,1811,1684,2054,1802,1732,179.13449096679688
2051,1999,1501,2049,1618,1404,2052,1811,1899,2055,1803,1535,179.37973880767822
2053,1999,1501,2049,1618,1399,2052,1810,1900,2054,1803,1534,179.63048911094666
2053,2000,1498,2050,1618,1401,2052,1803,1902,2053,1803,1534,179.87057423591614
2049,1895,1426,2050,1713,1458,2055,1776,1767,2052,1810,1636,180.12653279304504
2049,1658,1374,2047,1982,1495,2054,1773,1515,2053,1803,1846,180.3664312362671
2049,1654,1373,2047,1982,1494,2054,1772,1513,2053,1800,1846,180.62238192558289
2049,1654,1373,2047,1982,1494,2054,1772,1513,2053,1800,1846,180.86246752738953
2049,1748,1411,2051,1862,1418,2054,1807,1640,2054,1782,1741,181.11904382705688
2050,1987,1489,2044,1691,1335,2052,1810,1867,2053,1752,1576,181.3583345413208
2051,1999,1489,2043,1662,1335,2051,1797,1892,2053,1752,1565,181.63916087150574
2051,1999,1489,2043,1662,1335,2051,1797,1892,2053,1751,1564,181.91292023658752
2051,1887,1418,2044,1760,1374,2051,1773,1744,2053,1780,1661,182.1976969242096
2045,1702,1343,2049,1980,1493,2053,1755,1518,2052,1812,1782,182.4697334766388
2045,1674,1343,2049,1982,1492,2053,1755,1515,2052,1805,1815,182.7576446533203
2045,1674,1343,2049,1982,1492,2052,1755,1515,2052,1805,1815,183.0297076702118
2046,1765,1388,2053,1859,1420,2053,1796,1642,2052,1786,1710,183.31764388084412
2050,1990,1491,2043,1680,1334,2050,1810,1872,2053,1758,1576,183.58977007865906
2051,1998,1491,2043,1674,1334,2050,1806,1880,2053,1758,1567,183.8777050971985
2050,1998,1491,2043,1674,1334,2050,1806,1880,2053,1758,1567,184.14980053901672
2052,1888,1421,2044,1761,1374,2051,1779,1743,2053,1783,1663,184.43765211105347
2045,1714,1346,2052,1977,1486,2053,1754,1521,2052,1808,1793,184.7098741531372
2045,1708,1346,2052,1977,1486,2053,1754,1521,2052,1802,1793,184.99755954742432
2045,1708,1346,2052,1977,1486,2053,1754,1521,2051,1802,1793,185.26957511901855
2045,1796,1387,2052,1855,1415,2053,1793,1650,2052,1786,1695,185.55746960639954
2052,1985,1486,2043,1678,1335,2049,1797,1882,2053,1754,1578,185.82973265647888
2052,1991,1486,2043,1675,1335,2049,1798,1891,2053,1754,1578,186.1172387599945
2052,1991,1486,2043,1675,1335,2049,1798,1892,2053,1754,1576,186.38935589790344
2052,1884,1415,2044,1770,1373,2050,1776,1749,2053,1780,1672,186.67743301391602
2045,1711,1341,2052,1975,1490,2053,1745,1522,2052,1814,1775,186.9496386051178
2045,1687,1341,2052,1976,1490,2053,1745,1520,2052,1811,1809,187.2372682094574
2045,1686,1341,2052,1977,1490,2053,1745,1520,2052,1811,1809,187.5092270374298
2045,1786,1387,2051,1857,1417,2054,1790,1646,2052,1790,1702,187.79721665382385
2050,1991,1490,2041,1659,1332,2049,1803,1880,2052,1763,1572,188.06937789916992
2051,2000,1491,2041,1649,1331,2049,1800,1890,2053,1763,1559,188.3576157093048
2051,2000,1491,2041,1649,1331,2049,1800,1890,2053,1763,1559,188.62984085083008
2052,1894,1419,2042,1744,1369,2051,1778,1748,2053,1788,1656,188.91728830337524
2045,1698,1347,2048,1984,1493,2053,1765,1514,2052,1807,1777,189.1891679763794
2045,1673,1348,2049,1985,1492,2053,1764,1513,2052,1802,1812,189.4771876335144
2045,1673,1348,2049,1985,1492,2053,1764,1513,2052,1802,1812,189.74911618232727
2046,1765,1388,2053,1865,1421,2053,1801,1640,2052,1787,1712,190.01381278038025
2052,1983,1493,2042,1693,1333,2051,1824,1858,2053,1754,1575,190.25380182266235
2052,1986,1493,2042,1681,1333,2051,1821,1873,2054,1753,1574,190.50977897644043
2053,1986,1493,2042,1681,1333,2051,1821,1873,2053,1753,1574,190.74984073638916
2053,1883,1426,2044,1775,1366,2051,1791,1736,2054,1778,1663,191.0086703300476
2047,1715,1340,2049,1983,1494,2052,1766,1523,2053,1819,1757,191.24572229385376
2049,1703,1340,2049,1984,1494,2052,1766,1521,2053,1814,1771,191.50173425674438
2049,1688,1340,2049,1983,1494,2053,1767,1514,2053,1813,1788,191.74186491966248
2047,1772,1384,2054,1869,1426,2053,1804,1633,2052,1788,1700,191.99768376350403
2050,1990,1490,2046,1670,1336,2049,1826,1859,2053,1751,1585,192.23772644996643
2051,1993,1491,2046,1653,1336,2048,1819,1879,2053,1750,1577,192.49362087249756
2051,1993,1491,2046,1653,1336,2048,1819,1879,2053,1750,1577,192.73375916481018
2053,1881,1417,2048,1759,1377,2049,1789,1731,2053,1775,1672,192.98996543884277
2046,1695,1338,2052,1987,1496,2052,1767,1518,2052,1796,1795,193.22970247268677
2046,1649,1339,2052,1990,1494,2052,1768,1512,2052,1794,1858,193.48561716079712
2046,1649,1340,2052,1990,1494,2052,1768,1512,2052,1794,1858,193.73106718063354
2046,1738,1380,2052,1882,1424,2052,1801,1631,2052,1779,1756,193.98163485527039
2051,1975,1479,2046,1725,1338,2052,1808,1874,2056,1745,1591,194.2452871799469
2053,1980,1480,2045,1726,1336,2052,1808,1875,2056,1745,1577,194.53329062461853
2053,1980,1480,2045,1726,1336,2051,1808,1875,2056,1745,1577,194.80512189865112
2053,1875,1410,2045,1819,1367,2053,1781,1732,2055,1771,1667,195.09300017356873
2047,1683,1339,2048,1983,1496,2053,1779,1513,2052,1794,1813,195.36514616012573
2047,1673,1339,2048,1985,1496,2052,1779,1513,2052,1795,1837,195.6536500453949
2047,1673,1339,2049,1986,1496,2052,1779,1513,2052,1795,1837,195.9247477054596
2047,1760,1377,2054,1868,1420,2053,1810,1644,2053,1777,1736,196.21285200119019
2053,1991,1474,2048,1726,1337,2052,1809,1877,2056,1744,1593,196.51503086090088
2053,1996,1474,2048,1715,1337,2052,1803,1878,2056,1744,1593,196.80458307266235
2053,1995,1474,2048,1711,1337,2052,1802,1878,2056,1744,1593,197.0766830444336
2054,1888,1405,2050,1809,1373,2053,1779,1739,2055,1766,1680,197.364501953125
2047,1679,1336,2050,1984,1498,2052,1774,1514,2052,1793,1844,197.6366560459137
2047,1660,1337,2050,1988,1498,2052,1775,1510,2052,1793,1871,197.92473435401917
2047,1660,1337,2050,1988,1498,2053,1775,1510,2052,1793,1871,198.19646549224854
2049,1756,1378,2051,1872,1420,2053,1810,1637,2052,1774,1762,198.48474144935608
2051,1989,1468,2046,1715,1335,2052,1810,1878,2057,1738,1601,198.75667810440063
2052,1989,1468,2045,1705,1334,2052,1810,1877,2057,1737,1594,199.04464840888977
2051,1989,1468,2045,1706,1334,2052,1810,1877,2057,1737,1594,199.31670951843262
2052,1887,1404,2046,1799,1371,2053,1782,1735,2056,1762,1681,199.60463333129883
2047,1672,1338,2047,1988,1494,2053,1780,1513,2052,1791,1854,199.87661051750183
2047,1661,1338,2049,1987,1494,2053,1780,1504,2051,1792,1876,200.16458702087402
2047,1661,1338,2049,1987,1494,2053,1780,1504,2051,1792,1876,200.43657732009888
2047,1751,1375,2052,1866,1422,2053,1816,1631,2053,1775,1768,200.72460532188416
2052,1987,1468,2049,1685,1343,2052,1811,1882,2057,1746,1570,200.99654984474182
2052,1995,1469,2049,1683,1342,2052,1806,1883,2057,1746,1557,201.28442811965942
2052,1995,1469,2048,1683,1342,2052,1806,1883,2057,1746,1557,201.55652284622192
2053,1894,1404,2049,1781,1385,2053,1779,1741,2056,1771,1651,201.84438967704773
2047,1669,1335,2049,1997,1492,2052,1779,1515,2051,1787,1851,202.11633586883545
2049,1641,1336,2050,2004,1492,2052,1777,1510,2052,1776,1890,202.404296875
2049,1641,1336,2050,2005,1492,2052,1777,1510,2051,1776,1890,202.6765275001526
2051,1738,1382,2054,1893,1412,2052,1808,1640,2051,1761,1779,202.9645574092865
2054,1986,1468,2049,1703,1348,2053,1807,1884,2058,1740,1568,203.2362093925476
2054,1989,1468,2049,1690,1348,2052,1800,1885,2058,1739,1565,203.52415108680725
2054,1989,1468,2049,1690,1348,2052,1800,1885,2058,1739,1565,203.79644918441772
2054,1885,1405,2050,1783,1387,2053,1777,1747,2057,1766,1661,204.08434677124023
2047,1671,1335,2049,1994,1493,2052,1777,1515,2052,1790,1832,204.3562936782837
2049,1639,1336,2050,2001,1493,2052,1778,1509,2052,1778,1880,204.64559769630432
2049,1639,1336,2050,2001,1493,2052,1778,1509,2052,1778,1880,204.9166088104248
2052,1726,1387,2054,1883,1416,2052,1808,1641,2053,1763,1770,205.2045714855194
2054,1979,1474,2050,1694,1343,2052,1805,1884,2058,1743,1563,205.47640943527222
2054,1991,1474,2049,1685,1342,2052,1798,1885,2058,1742,1545,205.76464200019836
2054,1991,1474,2049,1686,1342,2052,1798,1885,2058,1742,1545,206.0365743637085
2055,1891,1407,2050,1777,1386,2053,1777,1746,2057,1770,1642,206.32449102401733
2050,1671,1333,2049,1993,1492,2052,1780,1515,2051,1790,1819,206.5964663028717
2051,1639,1334,2050,1995,1492,2052,1780,1511,2051,1783,1872,206.88461589813232
2051,1640,1334,2051,1995,1492,2052,1780,1511,2051,1783,1872,207.1564290523529
2052,1734,1381,2052,1881,1416,2052,1809,1641,2052,1766,1762,207.4445242881775
2054,1996,1476,2047,1694,1340,2051,1799,1887,2058,1737,1566,207.71654772758484
2054,2000,1476,2047,1692,1340,2051,1797,1888,2058,1737,1559,208.00449442863464
2054,2000,1476,2047,1692,1340,2051,1797,1888,2058,1737,1559,208.27642965316772
2055,1902,1409,2047,1780,1378,2052,1776,1748,2056,1766,1656,208.56444120407104
2046,1698,1334,2049,1989,1495,2052,1767,1517,2051,1792,1830,208.83638715744019
2046,1679,1334,2049,1989,1496,2052,1767,1516,2050,1793,1865,209.1242790222168
2046,1679,1334,2049,1988,1496,2052,1767,1516,2050,1793,1865,209.39638090133667
2047,1771,1370,2053,1871,1417,2052,1804,1642,2052,1776,1757,209.6843822002411
2054,1987,1473,2048,1693,1339,2052,1806,1880,2059,1747,1566,209.95633625984192
2054,1993,1472,2048,1691,1339,2052,1800,1881,2059,1746,1557,210.24418783187866
2054,1993,1473,2048,1691,1339,2052,1800,1882,2059,1746,1557,210.5162525177002
2054,1893,1408,2048,1791,1378,2053,1777,1739,2057,1774,1655,210.8043088912964
2052,1697,1337,2049,1992,1495,2052,1771,1516,2055,1795,1804,211.07635164260864
2051,1667,1338,2050,1992,1494,2052,1770,1514,2054,1795,1851,211.3639211654663
2051,1668,1338,2050,1992,1494,2052,1770,1514,2054,1795,1851,211.63578033447266
2049,1752,1380,2055,1875,1421,2052,1803,1643,2055,1778,1745,211.92387890815735
2053,1979,1472,2049,1697,1343,2052,1802,1885,2059,1748,1555,212.1957573890686
2053,1985,1472,2049,1680,1342,2052,1800,1886,2059,1748,1545,212.48369097709656
2053,1985,1472,2049,1680,1343,2052,1800,1885,2059,1748,1545,212.75600409507751
2054,1888,1410,2049,1770,1381,2053,1777,1749,2058,1774,1638,213.0437490940094
2047,1692,1337,2049,1983,1496,2052,1767,1518,2052,1794,1828,213.31592392921448
2047,1684,1336,2050,1986,1496,2052,1766,1516,2052,1795,1845,213.60375118255615
2047,1684,1336,2050,1986,1496,2052,1766,1515,2052,1795,1845,213.87599062919617
2047,1774,1377,2054,1871,1420,2052,1802,1644,2053,1781,1743,214.16362166404724
2053,1982,1476,2048,1694,1338,2052,1804,1883,2057,1744,1576,214.435631275177
2053,1989,1476,2048,1692,1338,2052,1799,1883,2057,1744,1565,214.72389674186707
2053,1989,1476,2048,1692,1338,2052,1800,1887,2057,1743,1565,214.99588060379028
2053,1888,1409,2049,1782,1374,2053,1778,1748,2056,1767,1663,215.28347277641296
2049,1658,1346,2048,1971,1486,2052,1768,1518,2049,1793,1874,215.5555694103241
2050,1645,1368,2049,2003,1493,2051,1800,1515,2049,1804,1879,215.84370112419128
2050,1645,1400,2050,2002,1501,2052,1801,1513,2049,1805,1879,216.1157464981079
2049,1795,1457,2051,1843,1448,2052,1804,1671,2045,1806,1746,216.4036841392517
2049,1996,1502,2050,1615,1402,2051,1803,1887,2050,1804,1552,216.67577266693115
2049,1996,1501,2050,1615,1401,2051,1804,1887,2047,1804,1552,216.9633228778839
2051,1999,1490,2049,1599,1394,2052,1803,1891,2053,1793,1539,217.23566484451294
2051,1905,1412,2050,1687,1442,2052,1776,1751,2051,1812,1631,217.52340579032898
2045,1716,1343,2053,1976,1494,2054,1741,1524,2051,1804,1807,217.79554653167725
2046,1678,1344,2053,1981,1493,2054,1740,1523,2051,1795,1846,218.08398532867432
2046,1678,1344,2053,1980,1493,2054,1740,1523,2051,1795,1846,218.35598134994507
2046,1769,1387,2052,1863,1417,2053,1785,1651,2052,1782,1738,218.64393281936646
2052,1987,1484,2043,1686,1335,2049,1798,1882,2056,1745,1596,218.91589951515198
2052,1989,1483,2043,1678,1335,2049,1798,1893,2056,1745,1595,219.20383501052856
2052,1989,1483,2043,1678,1335,2049,1798,1893,2056,1745,1596,219.47578597068787
2053,1883,1412,2044,1772,1372,2051,1774,1755,2054,1769,1682,219.76374292373657
2046,1704,1340,2048,1976,1488,2053,1758,1513,2051,1799,1802,220.03584265708923
2046,1686,1340,2049,1977,1487,2053,1758,1512,2051,1798,1830,220.32361125946045
2046,1686,1340,2049,1977,1487,2053,1758,1512,2051,1798,1830,220.5957841873169
2046,1781,1385,2054,1860,1415,2053,1798,1638,2052,1782,1727,220.8837628364563
2051,1989,1484,2046,1677,1336,2051,1800,1888,2053,1750,1588,221.15575551986694
2051,1996,1484,2046,1675,1336,2051,1800,1891,2053,1750,1588,221.44359421730042
2051,1996,1484,2046,1675,1336,2051,1800,1891,2053,1750,1588,221.7158703804016
2053,1894,1415,2047,1767,1373,2051,1777,1754,2052,1772,1675,222.00351977348328
2046,1722,1344,2050,1971,1482,2053,1751,1522,2052,1799,1803,222.27573680877686
2046,1710,1344,2050,1971,1482,2053,1752,1517,2051,1797,1817,222.56362462043762
2046,1710,1344,2050,1971,1482,2053,1752,1517,2051,1797,1817,222.83568048477173
2045,1799,1380,2051,1854,1412,2053,1796,1642,2051,1784,1718,223.12379503250122
2052,1996,1485,2043,1657,1336,2050,1810,1880,2052,1752,1578,223.39570426940918
2052,2003,1485,2043,1646,1336,2050,1803,1888,2052,1752,1564,223.68358874320984
2052,2003,1485,2043,1646,1336,2050,1803,1888,2052,1752,1564,223.9555583000183
2052,1899,1413,2044,1740,1383,2051,1778,1747,2052,1777,1660,224.2435917854309
2045,1730,1348,2052,1971,1486,2053,1754,1522,2052,1809,1807,224.51569771766663
2045,1703,1348,2051,1980,1486,2053,1754,1520,2051,1798,1819,224.8036732673645
2045,1703,1348,2051,1980,1486,2053,1754,1520,2051,1798,1819,225.07561945915222
2045,1792,1388,2051,1863,1412,2053,1796,1643,2052,1784,1716,225.36344408988953
2051,1990,1483,2042,1667,1340,2051,1804,1883,2052,1762,1573,225.63556694984436
2051,1999,1484,2042,1663,1340,2051,1803,1887,2052,1762,1570,225.92365765571594
2051,1999,1484,2042,1662,1339,2051,1803,1887,2052,1762,1570,226.1958887577057
2052,1892,1413,2043,1753,1383,2051,1778,1743,2052,1786,1668,226.4858431816101
2046,1717,1359,2049,1956,1494,2055,1781,1494,2053,1807,1823,226.73261070251465
2046,1699,1359,2049,1978,1491,2055,1780,1505,2053,1797,1825,226.98847556114197
2046,1699,1359,2049,1978,1491,2055,1780,1505,2053,1797,1825,227.22841691970825
2046,1786,1396,2053,1868,1419,2054,1814,1622,2053,1782,1730,227.48441314697266
2050,1986,1484,2047,1663,1339,2053,1809,1877,2053,1756,1570,227.72441482543945
2052,2001,1484,2047,1649,1338,2052,1802,1888,2053,1756,1567,227.98033928871155
2051,2001,1484,2046,1649,1338,2052,1802,1888,2053,1756,1567,228.22037029266357
2052,1895,1414,2048,1740,1380,2053,1776,1746,2053,1779,1659,228.47639966011047
2045,1718,1357,2052,1949,1492,2055,1767,1495,2052,1806,1822,228.71615600585938
2045,1706,1357,2052,1972,1491,2055,1773,1504,2052,1798,1823,228.9720606803894
2045,1705,1357,2052,1972,1491,2055,1773,1504,2052,1798,1823,229.21912693977356
2045,1801,1394,2051,1857,1415,2054,1813,1625,2053,1783,1721,229.50681400299072
2051,1990,1485,2042,1643,1338,2052,1811,1882,2052,1757,1570,229.77914881706238
2051,2000,1485,2042,1636,1338,2052,1808,1887,2052,1757,1563,230.06685543060303
2051,2000,1485,2042,1636,1338,2052,1808,1887,2052,1757,1563,230.33920240402222
2053,1891,1413,2044,1728,1388,2052,1781,1743,2053,1781,1663,230.6269974708557
2047,1710,1360,2049,1951,1497,2055,1796,1490,2052,1805,1824,230.89924907684326
2047,1695,1360,2049,1972,1496,2055,1792,1493,2052,1797,1825,231.18717908859253
2047,1695,1360,2049,1973,1496,2055,1791,1493,2052,1797,1825,231.45917630195618
2046,1793,1403,2053,1855,1416,2055,1826,1611,2052,1782,1725,231.74684405326843
2052,1987,1490,2044,1638,1338,2052,1816,1879,2052,1756,1568,232.018896818161
2052,2000,1490,2044,1629,1337,2052,1811,1886,2052,1756,1558,232.30702185630798
2052,2000,1490,2044,1629,1338,2051,1811,1887,2052,1756,1558,232.57890820503235
2053,1893,1416,2045,1717,1393,2052,1783,1745,2052,1780,1657,232.86691665649414
2045,1713,1352,2053,1961,1491,2055,1760,1495,2051,1805,1820,233.13911175727844
2046,1703,1352,2053,1968,1490,2055,1759,1504,2052,1798,1822,233.42689633369446
2045,1703,1352,2053,1969,1490,2055,1759,1504,2051,1798,1822,233.69910502433777
2046,1792,1393,2052,1850,1416,2054,1803,1629,2052,1785,1717,233.98687553405762
2049,1987,1491,2043,1637,1340,2052,1812,1880,2052,1758,1568,234.2590229511261
2050,1995,1490,2042,1633,1339,2051,1811,1886,2053,1758,1549,234.5466170310974
2050,1995,1490,2042,1633,1339,2051,1811,1886,2052,1758,1549,234.8188419342041
2052,1887,1419,2044,1723,1385,2052,1784,1746,2053,1782,1646,235.106618642807
2046,1714,1352,2053,1967,1487,2054,1755,1503,2052,1808,1814,235.37864017486572
2047,1703,1352,2053,1968,1487,2054,1755,1503,2052,1800,1815,235.66658520698547
2047,1703,1352,2053,1968,1487,2054,1755,1503,2052,1800,1815,235.93880248069763
2046,1789,1387,2052,1853,1415,2054,1798,1632,2052,1787,1714,236.2268989086151
2050,1986,1490,2042,1649,1336,2051,1807,1882,2052,1757,1566,236.49862217903137
2050,1999,1490,2042,1643,1336,2051,1805,1888,2052,1757,1564,236.78659415245056
2050,1999,1490,2042,1643,1336,2051,1805,1888,2052,1757,1564,237.05862164497375
2053,1885,1421,2044,1732,1383,2051,1784,1747,2053,1781,1663,237.34657788276672
2051,1657,1401,2052,1961,1481,2050,1803,1511,2054,1809,1829,237.61857390403748
2051,1657,1401,2052,1987,1501,2048,1803,1511,2053,1808,1837,237.90658903121948
2052,1644,1392,2049,1996,1494,2047,1802,1510,2057,1799,1838,238.17833542823792
2049,1712,1437,2051,1869,1421,2050,1819,1642,2053,1778,1732,238.46619939804077
2053,1979,1485,2048,1705,1346,2052,1813,1881,2056,1750,1575,238.738596200943
2053,1985,1484,2048,1691,1346,2052,1800,1883,2056,1748,1572,239.02654910087585
2053,1985,1484,2048,1691,1346,2052,1800,1883,2056,1748,1572,239.29863476753235
2053,1881,1414,2048,1787,1383,2053,1775,1742,2055,1773,1665,239.58666396141052
2045,1702,1338,2049,1985,1490,2053,1762,1521,2052,1795,1802,239.85872387886047
2045,1684,1338,2049,1986,1490,2053,1762,1515,2051,1795,1830,240.14640617370605
2045,1684,1338,2049,1986,1491,2053,1762,1514,2051,1795,1830,240.41867303848267
2045,1774,1381,2053,1865,1417,2053,1804,1640,2052,1779,1729,240.70658922195435
2052,1986,1483,2047,1687,1336,2051,1808,1873,2054,1749,1579,240.97859406471252
2052,1992,1482,2047,1682,1337,2051,1805,1879,2054,1749,1579,241.2664475440979
2052,1992,1482,2047,1682,1337,2051,1806,1879,2054,1749,1579,241.5436191558838
2052,1877,1408,2048,1786,1382,2051,1776,1725,2052,1776,1679,241.84259414672852
2045,1696,1337,2049,1985,1495,2052,1761,1521,2051,1797,1807,242.11464190483093
2045,1673,1337,2049,1990,1494,2052,1761,1517,2051,1796,1837,242.4027328491211
2045,1673,1337,2049,1990,1494,2052,1761,1517,2051,1796,1837,242.6749725341797
2045,1763,1377,2054,1870,1420,2052,1800,1644,2051,1780,1735,242.96281719207764
2052,1980,1484,2048,1697,1336,2049,1810,1878,2053,1752,1579,243.23469161987305
2052,1981,1484,2047,1695,1336,2048,1810,1879,2053,1752,1573,243.52280139923096
2052,1981,1484,2047,1695,1336,2049,1810,1879,2053,1752,1573,243.7945737838745
2053,1878,1413,2047,1789,1373,2049,1781,1737,2052,1778,1665,244.08270049095154
2045,1708,1336,2049,1981,1492,2052,1762,1520,2051,1804,1800,244.35482788085938
2045,1702,1337,2050,1983,1492,2052,1762,1519,2051,1802,1814,244.64262199401855
2045,1698,1337,2050,1982,1492,2052,1762,1519,2051,1802,1814,244.91526246070862
2045,1788,1381,2054,1859,1419,2053,1801,1646,2051,1783,1709,245.20263385772705
2052,1979,1486,2047,1683,1336,2050,1810,1878,2053,1752,1581,245.47439694404602
2052,1981,1486,2047,1681,1336,2049,1810,1880,2053,1752,1581,245.76251649856567
2052,1981,1486,2047,1681,1336,2050,1810,1880,2053,1752,1581,246.03449654579163
2053,1875,1414,2048,1782,1373,2050,1782,1737,2052,1776,1671,246.32235765457153
2046,1723,1338,2050,1985,1489,2053,1755,1520,2051,1802,1795,246.5945405960083
2046,1681,1338,2049,1991,1488,2053,1756,1516,2051,1795,1839,246.8824167251587
2046,1681,1338,2049,1991,1488,2053,1756,1516,2051,1795,1840,247.15430784225464
2046,1772,1378,2054,1872,1415,2053,1797,1643,2052,1779,1736,247.44235801696777
2053,1978,1487,2047,1702,1338,2049,1815,1872,2053,1750,1588,247.71481275558472
2053,1984,1487,2047,1686,1338,2049,1808,1879,2053,1750,1574,248.00240325927734
2053,1984,1487,2047,1686,1338,2049,1808,1879,2053,1751,1575,248.27430081367493
2054,1878,1416,2048,1780,1371,2049,1780,1737,2052,1776,1669,248.56208419799805
2046,1699,1336,2046,1987,1492,2052,1764,1518,2051,1800,1804,248.83427906036377
2046,1668,1336,2047,1992,1491,2052,1765,1513,2051,1795,1839,249.122225522995
2046,1668,1336,2047,1992,1491,2052,1764,1513,2051,1795,1839,249.39423751831055
2046,1761,1383,2051,1876,1417,2052,1804,1639,2051,1779,1735,249.6822202205658
2052,1970,1486,2045,1712,1335,2049,1811,1878,2054,1747,1593,249.95421242713928
2052,1978,1486,2045,1712,1334,2049,1808,1880,2054,1747,1581,250.2419843673706
2052,1978,1486,2045,1712,1334,2049,1808,1880,2054,1747,1581,250.51396250724792
2053,1874,1415,2044,1804,1370,2051,1781,1740,2053,1772,1668,250.802006483078
2045,1692,1337,2049,1988,1493,2052,1765,1516,2051,1797,1812,251.0740032196045
2046,1674,1338,2049,1991,1493,2052,1765,1516,2051,1796,1837,251.36224913597107
2045,1674,1338,2049,1991,1493,2052,1765,1516,2051,1796,1837,251.6339349746704
2045,1765,1384,2053,1872,1418,2053,1802,1643,2052,1780,1735,251.9220404624939
2052,1963,1483,2047,1705,1334,2051,1816,1867,2054,1745,1591,252.19408059120178
2052,1965,1483,2047,1700,1334,2051,1817,1872,2054,1745,1591,252.48189973831177
2052,1965,1483,2047,1700,1334,2051,1817,1872,2054,1745,1591,252.75394415855408
2053,1859,1416,2047,1791,1370,2051,1787,1727,2054,1770,1677,253.0418426990509
2045,1703,1338,2049,1985,1490,2052,1767,1519,2052,1797,1797,253.31387734413147
2045,1694,1337,2049,1986,1490,2052,1767,1516,2051,1798,1815,253.6019172668457
2045,1693,1337,2049,1986,1490,2052,1767,1516,2051,1798,1815,253.8739562034607
2045,1779,1381,2053,1869,1419,2053,1805,1641,2051,1782,1720,254.16207146644592
2053,1974,1481,2047,1716,1339,2052,1815,1872,2055,1751,1576,254.43357706069946
2053,1975,1481,2047,1710,1338,2051,1811,1873,2055,1751,1576,254.72175097465515
2053,1975,1480,2047,1710,1338,2051,1811,1873,2055,1751,1576,254.9937183856964
2054,1870,1412,2047,1803,1370,2052,1783,1735,2054,1775,1666,255.28166127204895
2046,1702,1337,2047,1986,1492,2053,1763,1517,2051,1802,1805,255.55386924743652
2046,1679,1338,2048,1990,1491,2053,1763,1515,2051,1797,1830,255.84155416488647
2046,1679,1338,2048,1991,1491,2053,1763,1515,2051,1797,1830,256.1137442588806
2047,1772,1385,2052,1874,1418,2053,1803,1640,2051,1781,1726,256.4014768600464
2052,1974,1481,2047,1719,1337,2051,1809,1878,2055,1753,1579,256.65764689445496
2052,1982,1481,2047,1705,1337,2051,1806,1879,2055,1753,1567,256.9456467628479
2052,1983,1482,2047,1705,1337,2051,1807,1879,2055,1753,1566,257.21781826019287
2053,1876,1413,2048,1800,1374,2053,1779,1738,2054,1779,1658,257.5059823989868
2047,1704,1338,2049,1985,1493,2053,1761,1516,2051,1800,1804,257.77804803848267
2047,1688,1337,2049,1989,1492,2053,1761,1514,2051,1797,1829,258.06547021865845
2047,1688,1337,2049,1989,1492,2053,1761,1514,2051,1797,1829,258.3377637863159
2046,1780,1376,2053,1868,1419,2053,1801,1638,2051,1780,1728,258.6256983280182
2054,1978,1479,2047,1699,1339,2052,1815,1868,2056,1748,1586,258.89737033843994
2054,1981,1479,2047,1695,1339,2052,1814,1872,2056,1747,1585,259.1853332519531
2054,1981,1479,2047,1695,1339,2052,1814,1872,2056,1747,1585,259.45754742622375
2055,1876,1413,2047,1785,1373,2053,1785,1731,2054,1772,1675,259.7454574108124
2046,1707,1337,2049,1983,1495,2053,1769,1516,2051,1800,1797,260.01752758026123
2046,1693,1337,2049,1986,1494,2053,1769,1516,2051,1799,1819,260.3055419921875
2046,1693,1337,2049,1985,1494,2053,1768,1516,2051,1799,1819,260.5777897834778
2046,1787,1374,2053,1867,1421,2053,1806,1642,2052,1782,1717,260.8656847476959
2053,1981,1485,2046,1711,1335,2052,1822,1863,2054,1748,1588,261.1378355026245
2054,1981,1485,2046,1706,1334,2051,1821,1868,2054,1748,1588,261.4258484840393
2054,1981,1485,2046,1707,1334,2051,1821,1868,2054,1748,1588,261.69765734672546
2054,1874,1415,2047,1803,1364,2051,1789,1729,2053,1773,1675,261.98634004592896
2047,1730,1335,2049,1982,1490,2052,1773,1517,2051,1799,1793,262.2572932243347
2047,1726,1335,2049,1982,1491,2052,1773,1516,2051,1800,1802,262.54541659355164
2047,1726,1335,2049,1982,1490,2052,1772,1516,2051,1800,1802,262.8173871040344
2046,1815,1377,2051,1861,1419,2052,1809,1643,2052,1785,1703,263.10532236099243
2053,1983,1480,2046,1708,1332,2052,1821,1860,2054,1748,1586,263.3775088787079
2053,1984,1480,2046,1705,1332,2051,1821,1865,2054,1748,1585,263.66546273231506
2053,1984,1480,2046,1704,1332,2051,1821,1865,2054,1748,1585,263.9373972415924
2054,1876,1414,2047,1794,1368,2052,1790,1722,2053,1772,1675,264.2254343032837
2047,1731,1335,2049,1984,1493,2052,1773,1517,2051,1806,1791,264.49740171432495
2047,1727,1335,2049,1985,1493,2052,1773,1515,2051,1805,1797,264.7856743335724
2047,1727,1335,2049,1985,1493,2052,1773,1516,2051,1805,1797,265.05780124664307
2046,1811,1371,2052,1864,1420,2053,1810,1640,2050,1786,1701,265.34546089172363
2052,1977,1482,2046,1717,1334,2051,1821,1868,2054,1752,1579,265.6175391674042
2053,1984,1483,2046,1716,1334,2051,1819,1871,2054,1752,1567,265.9058403968811
2053,1984,1482,2046,1716,1334,2051,1819,1871,2054,1752,1567,266.1778829097748
2053,1877,1414,2046,1804,1370,2051,1787,1727,2053,1780,1660,266.4656710624695
2046,1730,1333,2049,1983,1497,2053,1768,1520,2051,1813,1776,266.73785948753357
2046,1717,1333,2049,1986,1496,2052,1769,1514,2051,1810,1784,267.0258662700653
2046,1715,1333,2049,1986,1496,2053,1769,1513,2051,1810,1788,267.29766631126404
2046,1805,1365,2049,1863,1421,2053,1810,1636,2049,1791,1694,267.5854606628418
2053,1983,1482,2047,1711,1334,2051,1825,1865,2054,1757,1576,267.8578531742096
2053,1983,1481,2047,1711,1335,2051,1825,1865,2054,1757,1576,268.1457767486572
2053,1983,1481,2047,1711,1334,2051,1825,1865,2054,1757,1576,268.4176471233368
2054,1879,1415,2047,1803,1366,2051,1791,1725,2053,1784,1664,268.70559525489807
2047,1727,1336,2048,1986,1497,2053,1775,1515,2053,1819,1740,268.9774680137634
2047,1717,1351,2048,1997,1495,2053,1799,1513,2059,1824,1744,269.26528120040894
2049,1658,1401,2051,2014,1497,2048,1803,1513,2050,1818,1832,269.5372738838196
2049,1800,1458,2049,1849,1448,2048,1803,1677,2050,1809,1716,269.825736284256
2049,1998,1501,2050,1619,1402,2048,1802,1896,2052,1808,1535,270.0974283218384
2049,1998,1501,2050,1619,1401,2048,1803,1896,2052,1808,1535,270.38550448417664
2052,2002,1492,2050,1611,1392,2053,1802,1896,2052,1805,1500,270.65714478492737
2053,1905,1417,2052,1698,1442,2051,1774,1756,2051,1816,1591,270.9451870918274
2046,1726,1335,2053,1988,1496,2053,1753,1520,2051,1795,1790,271.21771597862244
2046,1661,1336,2052,1994,1493,2052,1756,1515,2050,1788,1871,271.5076353549957
2046,1661,1336,2052,1994,1493,2052,1757,1514,2050,1788,1871,271.77764415740967
2050,1751,1379,2052,1878,1419,2052,1796,1644,2051,1772,1763,272.0649907588959
2054,1978,1474,2048,1694,1344,2052,1807,1885,2061,1750,1545,272.33701968193054
2054,1990,1475,2048,1674,1344,2052,1803,1886,2061,1749,1529,272.6251413822174
2054,1990,1475,2049,1674,1344,2052,1803,1886,2061,1750,1529,272.89691495895386
2055,1892,1413,2050,1768,1383,2053,1778,1748,2061,1776,1625,273.18492245674133
2047,1698,1334,2052,1988,1495,2053,1765,1518,2056,1793,1818,273.45689582824707
2047,1671,1334,2052,1990,1494,2053,1765,1515,2055,1794,1861,273.74489188194275
2047,1671,1334,2052,1990,1494,2053,1765,1515,2055,1793,1861,274.0150845050812
2049,1754,1368,2052,1882,1425,2053,1801,1633,2056,1779,1766,274.28157091140747
2055,1963,1476,2047,1701,1343,2052,1810,1884,2059,1750,1550,274.52138090133667
2055,1979,1476,2048,1690,1342,2052,1804,1885,2060,1751,1531,274.77755403518677
2055,1979,1476,2048,1689,1343,2052,1804,1885,2060,1751,1531,275.017436504364
2056,1879,1411,2050,1786,1382,2053,1779,1740,2059,1780,1624,275.29664039611816
2049,1688,1335,2049,1991,1495,2053,1769,1518,2055,1800,1795,275.5687909126282
2049,1653,1335,2051,1997,1494,2053,1770,1517,2055,1795,1842,275.8565683364868
2049,1653,1335,2051,1997,1494,2053,1770,1516,2055,1795,1842,276.1286973953247
2052,1743,1384,2052,1883,1418,2052,1806,1645,2057,1776,1745,276.41670083999634
2046,1996,1493,2043,1635,1338,2051,1799,1894,2060,1760,1566,276.68873381614685
2049,1997,1501,2043,1609,1341,2050,1808,1895,2059,1763,1556,276.97661542892456
2049,1997,1501,2042,1608,1351,2049,1809,1895,2056,1779,1545,277.2485821247101
2053,1862,1448,2044,1708,1465,2047,1806,1736,2049,1807,1662,277.5366451740265
2054,1640,1395,2045,2004,1494,2047,1802,1508,2058,1805,1846,277.80865359306335
2054,1624,1396,2047,2000,1494,2049,1803,1507,2051,1798,1847,278.096577167511
2054,1624,1395,2047,1999,1494,2049,1803,1506,2052,1798,1847,278.36864399909973
2052,1703,1443,2052,1876,1421,2050,1821,1638,2053,1777,1740,278.65660429000854
2054,1950,1488,2051,1689,1347,2052,1814,1889,2058,1746,1548,278.92857837677
2054,1965,1489,2050,1680,1347,2052,1810,1889,2058,1746,1532,279.22313928604126
2054,1965,1488,2050,1680,1347,2052,1811,1889,2058,1746,1532,279.4885697364807
2055,1865,1418,2050,1775,1385,2053,1782,1743,2057,1774,1629,279.7765226364136
2046,1677,1338,2051,1983,1494,2053,1763,1520,2054,1796,1806,280.04848408699036
2046,1657,1339,2051,1982,1494,2053,1763,1513,2054,1798,1837,280.33628940582275
2046,1656,1339,2051,1982,1494,2053,1763,1513,2054,1798,1837,280.608336687088
2047,1748,1385,2051,1863,1421,2053,1801,1641,2054,1780,1731,280.89648270606995
2053,1962,1479,2043,1712,1339,2052,1812,1876,2057,1746,1582,281.168310880661
2053,1964,1479,2043,1697,1339,2051,1812,1876,2057,1746,1579,281.4562976360321
2052,1964,1480,2043,1697,1339,2051,1812,1876,2057,1746,1579,281.72826170921326
2054,1859,1413,2045,1796,1374,2052,1784,1731,2057,1769,1670,282.0163938999176
2047,1713,1339,2050,1980,1486,2052,1765,1523,2053,1797,1819,282.2881691455841
2047,1702,1340,2050,1979,1486,2052,1765,1518,2053,1797,1833,282.5762667655945
2047,1703,1340,2050,1979,1486,2052,1765,1518,2053,1797,1833,282.8481967449188
2046,1788,1376,2053,1862,1415,2052,1805,1643,2053,1780,1729,283.1362144947052
2053,1976,1479,2046,1712,1338,2050,1816,1874,2056,1745,1593,283.4081881046295
2053,1980,1479,2046,1704,1338,2050,1814,1875,2056,1745,1593,283.6961371898651
2053,1980,1479,2046,1704,1338,2050,1814,1875,2056,1745,1593,283.9681067466736
2054,1874,1411,2046,1797,1373,2052,1785,1733,2055,1769,1680,284.2607207298279
2047,1703,1339,2051,1979,1487,2053,1762,1519,2053,1796,1808,284.52800154685974
2047,1679,1339,2050,1987,1487,2053,1763,1517,2053,1795,1843,284.8161783218384
2047,1679,1339,2050,1987,1487,2053,1763,1516,2053,1795,1843,285.08804416656494
2047,1764,1381,2050,1873,1417,2053,1802,1637,2053,1779,1743,285.376012802124
2052,1983,1483,2043,1689,1336,2051,1812,1876,2056,1743,1596,285.64800548553467
2052,1987,1483,2043,1682,1336,2050,1808,1883,2055,1742,1595,285.93587946891785
2052,1987,1483,2043,1682,1336,2050,1808,1883,2055,1742,1595,286.2088222503662
2053,1885,1415,2044,1776,1370,2051,1782,1746,2054,1765,1679,286.49832558631897
2047,1697,1339,2049,1984,1488,2052,1766,1519,2052,1795,1817,286.7677879333496
2047,1677,1339,2050,1987,1488,2052,1766,1511,2052,1795,1846,287.05533480644226
2047,1677,1339,2050,1987,1488,2052,1766,1511,2052,1795,1846,287.3276445865631
2047,1764,1380,2052,1869,1416,2053,1807,1636,2053,1779,1744,287.615576505661
2049,1983,1483,2043,1687,1334,2050,1814,1875,2055,1746,1582,287.88747000694275
2049,1983,1483,2043,1683,1335,2049,1814,1877,2055,1746,1576,288.1752667427063
2050,1983,1483,2043,1683,1335,2049,1814,1877,2055,1746,1576,288.44753074645996
2052,1877,1415,2045,1779,1372,2051,1784,1737,2054,1770,1669,288.73528242111206
2046,1677,1340,2049,1988,1492,2053,1768,1517,2053,1794,1809,289.0073072910309
2046,1644,1340,2049,1996,1491,2053,1768,1513,2052,1794,1861,289.2951602935791
2046,1644,1340,2049,1996,1491,2053,1767,1514,2053,1794,1861,289.5671401023865
2047,1738,1379,2054,1882,1418,2053,1804,1638,2053,1778,1756,289.85511350631714
2050,1983,1480,2047,1699,1337,2050,1801,1880,2054,1745,1576,290.1271162033081
2050,1985,1480,2047,1685,1337,2049,1799,1888,2054,1745,1571,290.4153091907501
2050,1985,1480,2047,1686,1337,2049,1799,1888,2054,1745,1570,290.6870563030243
2052,1884,1413,2048,1778,1370,2050,1777,1754,2053,1772,1663,290.9752321243286
2046,1681,1338,2049,1997,1488,2052,1764,1517,2052,1793,1821,291.24709248542786
2047,1655,1340,2049,1996,1488,2053,1764,1511,2052,1794,1868,291.5350956916809
2047,1655,1340,2049,1996,1488,2053,1764,1511,2052,1793,1868,291.80736327171326
2047,1747,1380,2054,1884,1417,2053,1804,1628,2053,1776,1766,292.07240319252014
2047,1981,1487,2043,1703,1332,2051,1813,1873,2054,1743,1589,292.3123686313629
2049,1982,1487,2043,1687,1332,2050,1813,1878,2055,1743,1588,292.5682671070099
2050,1984,1487,2043,1677,1332,2050,1813,1878,2055,1743,1579,292.81515288352966
2052,1877,1416,2045,1774,1371,2051,1784,1737,2054,1767,1674,293.10317754745483
2046,1711,1337,2048,1979,1488,2053,1760,1521,2052,1796,1802,293.3751986026764
2046,1700,1337,2048,1982,1487,2053,1760,1518,2052,1796,1823,293.66319036483765
2046,1700,1337,2048,1982,1487,2053,1760,1518,2052,1796,1824,293.9351716041565
2046,1789,1379,2052,1863,1414,2053,1800,1646,2053,1779,1724,294.22306632995605
2051,1968,1484,2047,1698,1335,2049,1814,1873,2054,1750,1581,294.4952230453491
2051,1968,1484,2047,1698,1335,2049,1814,1876,2055,1749,1581,294.7830810546875
2051,1968,1484,2047,1697,1335,2049,1814,1876,2054,1749,1581,295.055025100708
2053,1866,1415,2046,1795,1367,2050,1786,1739,2054,1773,1667,295.3428614139557
2046,1697,1338,2049,1985,1486,2052,1763,1520,2052,1798,1807,295.61480951309204
2046,1683,1338,2049,1985,1486,2052,1763,1518,2052,1798,1827,295.9031081199646
2046,1683,1338,2049,1985,1486,2053,1763,1518,2052,1798,1827,296.17491722106934
2046,1774,1378,2053,1868,1416,2053,1801,1637,2053,1781,1725,296.4627549648285
2051,1973,1488,2047,1691,1335,2051,1813,1872,2054,1750,1584,296.7348620891571
2051,1973,1488,2047,1688,1335,2051,1813,1878,2054,1749,1584,297.02284717559814
2052,1973,1488,2047,1688,1335,2051,1813,1877,2055,1749,1584,297.2946879863739
2053,1868,1417,2047,1782,1368,2051,1785,1735,2054,1774,1673,297.5825207233429
2046,1724,1338,2049,1975,1484,2053,1760,1518,2052,1802,1793,297.85462260246277
2046,1703,1338,2049,1985,1484,2052,1760,1518,2052,1797,1819,298.14259028434753
2046,1703,1338,2049,1985,1484,2053,1760,1518,2052,1798,1820,298.41456842422485
2046,1790,1374,2052,1867,1413,2053,1799,1645,2053,1781,1718,298.70286679267883
2050,1976,1489,2043,1681,1330,2050,1815,1873,2053,1745,1583,298.97485160827637
2050,1985,1490,2043,1676,1331,2049,1814,1881,2053,1745,1581,299.2628405094147
2050,1985,1489,2043,1676,1330,2049,1814,1881,2053,1745,1581,299.5345950126648
2052,1881,1419,2043,1767,1367,2050,1786,1738,2053,1771,1674,299.8226010799408
2045,1721,1340,2047,1986,1486,2053,1757,1526,2052,1809,1792,300.09473299980164
2045,1683,1340,2046,2002,1485,2053,1757,1523,2052,1796,1822,300.38242268562317
2045,1683,1340,2046,2002,1485,2053,1757,1521,2052,1796,1822,300.6544620990753
2046,1772,1389,2047,1880,1410,2053,1796,1649,2052,1781,1723,300.94265842437744
2050,1977,1484,2044,1699,1336,2051,1805,1875,2055,1756,1572,301.215439081192
2051,1977,1484,2044,1698,1336,2051,1805,1879,2056,1756,1572,301.50499653816223
2051,1977,1484,2044,1698,1336,2051,1805,1879,2055,1756,1572,301.7749853134155
2052,1874,1417,2043,1784,1363,2052,1779,1742,2054,1779,1662,302.062885761261
2046,1704,1339,2046,1990,1482,2053,1758,1521,2052,1801,1773,302.3347134590149
2046,1682,1339,2046,2001,1481,2053,1758,1520,2052,1796,1796,302.622750043869
2046,1679,1339,2047,2001,1481,2053,1758,1520,2053,1798,1809,302.8945746421814
2046,1770,1388,2049,1879,1411,2053,1796,1645,2053,1783,1711,303.1827313899994
2050,1980,1493,2042,1678,1335,2051,1809,1873,2053,1770,1566,303.45448780059814
2050,1983,1493,2043,1671,1334,2051,1807,1882,2053,1770,1562,303.7425971031189
2050,1983,1493,2043,1671,1334,2051,1807,1882,2053,1770,1562,304.01464557647705
2052,1875,1423,2043,1770,1370,2051,1780,1740,2053,1794,1659,304.3025825023651
2046,1712,1340,2048,1989,1474,2053,1749,1518,2053,1801,1795,304.57448053359985
2046,1698,1340,2048,1990,1474,2053,1749,1516,2052,1798,1812,304.86242508888245
2046,1698,1340,2048,1990,1474,2053,1749,1516,2052,1798,1812,305.13463163375854
2046,1786,1386,2052,1872,1407,2053,1792,1641,2053,1783,1713,305.42235946655273
2051,1973,1492,2046,1698,1331,2049,1804,1879,2054,1757,1573,305.6945118904114
2051,1973,1491,2046,1694,1331,2049,1803,1885,2053,1757,1572,305.98208951950073
2051,1974,1492,2046,1694,1331,2049,1803,1885,2054,1757,1572,306.254221200943
2053,1869,1419,2047,1792,1360,2051,1779,1744,2052,1783,1664,306.54216289520264
2047,1723,1343,2049,1976,1476,2053,1758,1517,2052,1806,1793,306.81415367126465
2047,1710,1343,2049,1980,1477,2053,1759,1514,2052,1801,1807,307.10196328163147
2047,1710,1343,2049,1980,1477,2053,1759,1514,2052,1801,1807,307.3741316795349
2046,1802,1382,2052,1862,1408,2053,1800,1637,2052,1786,1704,307.66195011138916
2052,1982,1493,2046,1668,1331,2049,1820,1873,2052,1759,1573,307.9340512752533
2052,1984,1492,2046,1661,1331,2049,1817,1879,2052,1758,1564,308.2219076156616
2052,1984,1492,2046,1661,1331,2049,1817,1879,2052,1758,1564,308.4938623905182
2053,1877,1423,2046,1755,1365,2049,1788,1739,2052,1782,1658,308.78176045417786
2046,1720,1339,2049,1979,1485,2053,1762,1518,2052,1816,1782,309.05378127098083
2046,1715,1340,2049,1980,1485,2053,1763,1518,2052,1814,1786,309.3420181274414
2046,1715,1340,2049,1983,1485,2053,1763,1518,2052,1813,1788,309.6140208244324
2045,1801,1377,2053,1863,1416,2053,1800,1643,2051,1792,1692,309.9019274711609
2050,1983,1494,2043,1673,1333,2049,1821,1867,2052,1764,1557,310.17395067214966
2051,1985,1493,2043,1665,1333,2049,1816,1876,2052,1763,1555,310.4618628025055
2051,1985,1494,2043,1665,1333,2049,1816,1876,2052,1763,1555,310.7338409423828
2053,1876,1425,2042,1750,1369,2051,1788,1737,2052,1789,1654,311.02151370048523
2046,1730,1340,2046,1971,1488,2052,1767,1512,2051,1817,1788,311.2936820983887
2046,1727,1340,2046,1971,1488,2053,1768,1512,2052,1817,1788,311.58157229423523
2046,1727,1340,2046,1971,1488,2052,1768,1512,2052,1817,1788,311.85383129119873
2045,1810,1379,2049,1857,1420,2053,1805,1632,2051,1794,1691,312.1419270038605
2051,1985,1492,2041,1676,1331,2049,1818,1874,2052,1764,1567,312.4138615131378
2051,1989,1491,2041,1672,1331,2049,1815,1878,2052,1764,1566,312.70179629325867
2051,1989,1491,2041,1672,1330,2049,1815,1878,2052,1764,1564,312.9736759662628
2052,1885,1423,2041,1761,1365,2050,1787,1739,2053,1788,1656,313.2618043422699
2046,1719,1345,2045,1979,1488,2053,1765,1515,2052,1815,1781,313.53376293182373
2046,1714,1345,2045,1980,1488,2053,1767,1511,2052,1812,1786,313.82171869277954
2046,1711,1345,2045,1979,1488,2053,1767,1509,2052,1812,1786,314.09374618530273
2046,1801,1383,2049,1859,1419,2053,1809,1631,2051,1793,1689,314.38153195381165
2051,1911,1448,2037,1701,1332,2051,1770,1686,2052,1739,1545,314.669570684433
2049,1855,1406,2038,1773,1373,2052,1737,1438,2054,1748,1434,314.95746755599976
2049,1848,1406,2038,1772,1373,2051,1736,1439,2054,1745,1434,315.2455024719238
2049,1848,1406,2038,1772,1373,2051,1736,1439,2054,1745,1434,315.5335087776184
2049,1848,1406,2038,1772,1373,2051,1736,1439,2054,1745,1434,315.8215928077698
2049,1848,1406,2038,1772,1373,2052,1736,1439,2054,1745,1434,316.1093661785126
2049,1849,1406,2038,1772,1373,2051,1736,1439,2054,1745,1434,316.39732456207275
2049,1849,1406,2038,1772,1373,2052,1736,1439,2054,1745,1434,316.68534874916077
2049,1848,1406,2038,1772,1373,2052,1736,1439,2054,1745,1434,316.97317147254944
2049,1848,1406,2038,1772,1373,2052,1736,1439,2054,1745,1434,317.2613785266876
2049,1848,1406,2038,1772,1373,2051,1736,1439,2054,1745,1434,317.5493369102478
2049,1848,1406,2038,1772,1373,2052,1736,1439,2054,1745,1434,317.83734488487244
2049,1849,1406,2038,1772,1373,2052,1736,1439,2054,1745,1434,318.1249623298645
2049,1849,1406,2038,1772,1373,2052,1736,1439,2054,1745,1434,318.41353726387024
2049,1849,1406,2038,1772,1373,2052,1736,1439,2054,1745,1434,318.70123505592346
2049,1849,1406,2038,1772,1373,2051,1736,1439,2054,1745,1434,318.9891264438629
2049,1849,1406,2038,1772,1373,2052,1736,1439,2054,1745,1434,319.2776577472687
2049,1848,1406,2038,1772,1373,2052,1736,1439,2054,1745,1434,319.5649266242981
2049,1848,1406,2039,1772,1373,2051,1736,1439,2054,1745,1434,319.85285925865173
2049,1849,1406,2038,1772,1373,2052,1736,1439,2054,1745,1434,320.141086101532
2049,1849,1406,2038,1772,1373,2052,1736,1439,2054,1745,1434,320.4288387298584
2049,1849,1406,2038,1772,1373,2052,1736,1439,2054,1745,1434,320.7170789241791
2049,1849,1406,2038,1772,1373,2052,1736,1439,2054,1745,1434,321.00518822669983
2049,1848,1406,2038,1772,1373,2052,1736,1439,2054,1745,1434,321.2936580181122
2049,1848,1406,2038,1772,1373,2051,1736,1439,2054,1745,1434,321.5815279483795
2049,1849,1406,2038,1772,1373,2052,1736,1439,2054,1745,1434,321.8698823451996
2049,1849,1406,2038,1772,1373,2052,1736,1439,2054,1745,1434,322.1569938659668
2049,1849,1406,2038,1772,1373,2051,1736,1439,2054,1745,1434,322.44495916366577
2049,1849,1406,2038,1772,1373,2052,1736,1439,2054,1745,1434,322.73323345184326
2049,1849,1406,2038,1772,1373,2052,1736,1439,2054,1745,1434,323.02109837532043
2049,1849,1406,2038,1772,1373,2052,1736,1439,2054,1745,1434,323.30873441696167
2049,1849,1406,2038,1772,1373,2052,1736,1439,2054,1745,1434,323.59748935699463
2049,1849,1406,2038,1772,1373,2052,1736,1439,2054,1745,1434,323.88486766815186
2049,1849,1406,2038,1772,1373,2051,1736,1439,2054,1745,1434,324.17318844795227
2049,1849,1406,2038,1772,1373,2052,1736,1439,2054,1745,1434,324.4614691734314
2049,1849,1406,2038,1772,1373,2052,1736,1439,2054,1745,1434,324.7493886947632
2049,1849,1406,2038,1772,1373,2052,1736,1439,2054,1745,1434,325.03713846206665
2049,1849,1406,2038,1772,1373,2051,1736,1439,2054,1745,1434,325.32521629333496
2049,1848,1406,2038,1772,1373,2051,1736,1439,2054,1745,1434,325.6128854751587
2049,1849,1406,2038,1772,1373,2051,1736,1439,2054,1745,1434,325.9009165763855
2049,1849,1406,2038,1772,1373,2052,1736,1439,2054,1745,1434,326.1885087490082
2049,1849,1406,2038,1772,1373,2052,1736,1439,2054,1745,1434,326.4770567417145
2049,1849,1406,2038,1772,1373,2052,1736,1439,2054,1745,1434,326.7649211883545
2049,1849,1406,2038,1772,1373,2052,1736,1439,2054,1745,1434,327.053829908371
2049,1848,1406,2038,1772,1373,2051,1736,1439,2054,1745,1434,327.34101724624634
2049,1849,1406,2038,1772,1373,2052,1736,1439,2054,1745,1434,327.62877559661865
2049,1849,1406,2038,1772,1373,2051,1736,1439,2054,1745,1434,327.91686177253723
2049,1849,1406,2038,1772,1373,2052,1736,1439,2054,1745,1434,328.2049276828766
2049,1849,1406,2038,1772,1373,2052,1736,1439,2054,1745,1434,328.4695448875427
2049,1849,1406,2038,1772,1373,2052,1736,1439,2054,1745,1434,328.74956130981445
2049,1849,1406,2038,1772,1373,2052,1736,1439,2054,1745,1434,329.03671741485596
2049,1849,1406,2038,1772,1373,2052,1736,1439,2054,1745,1434,329.32481932640076
2049,1848,1406,2038,1772,1373,2052,1736,1439,2054,1745,1434,329.61265683174133
2049,1849,1406,2038,1772,1373,2051,1736,1439,2054,1745,1434,329.9006941318512
2049,1848,1406,2038,1772,1373,2052,1736,1439,2054,1745,1434,330.1887204647064
2049,1849,1406,2038,1772,1373,2052,1736,1439,2054,1745,1434,330.4766664505005
2049,1848,1406,2038,1772,1373,2052,1736,1439,2054,1745,1434,330.768905878067
2049,1849,1406,2038,1772,1373,2051,1736,1439,2054,1745,1434,331.05281138420105
2049,1849,1406,2038,1772,1373,2052,1736,1439,2054,1745,1434,331.3406982421875
2049,1849,1406,2038,1772,1373,2051,1736,1439,2054,1745,1434,331.62853384017944
2049,1849,1406,2038,1772,1373,2052,1736,1439,2054,1745,1434,331.91655945777893
2049,1849,1406,2038,1772,1373,2051,1736,1439,2054,1745,1434,332.20459842681885
2049,1849,1406,2038,1772,1373,2052,1736,1439,2054,1745,1434,332.49241638183594
2049,1849,1406,2038,1772,1373,2052,1736,1439,2054,1745,1434,332.7806963920593
2049,1849,1406,2038,1772,1373,2052,1736,1439,2054,1745,1434,333.068571805954
2049,1849,1406,2038,1772,1373,2051,1736,1439,2054,1745,1434,333.35668683052063
2052,1845,1408,2038,1774,1373,2052,1755,1438,2055,1761,1425,333.64449071884155
2050,1772,1450,2038,1772,1379,2051,1772,1428,2054,1850,1352,333.9327347278595
2049,1770,1451,2039,1771,1416,2051,1773,1427,2054,1897,1301,334.22029185295105
2050,1770,1451,2039,1770,1423,2051,1773,1427,2054,1896,1301,334.50845074653625
2050,1770,1451,2039,1769,1423,2051,1773,1427,2054,1896,1301,334.7965564727783
2049,1770,1451,2039,1770,1423,2051,1773,1427,2054,1896,1301,335.084344625473
2049,1770,1451,2039,1769,1423,2051,1773,1427,2054,1896,1301,335.3723382949829
2050,1770,1451,2039,1769,1423,2051,1773,1427,2054,1896,1302,335.6602854728699
2049,1764,1440,2043,1764,1445,2049,1769,1443,2049,1803,1397,335.9482159614563
2051,1766,1450,2043,1761,1448,2049,1768,1451,2051,1757,1436,336.2361705303192
2051,1766,1450,2045,1761,1453,2049,1768,1452,2051,1757,1436,336.5241096019745
2051,1766,1451,2045,1761,1453,2049,1768,1452,2051,1757,1436,336.8119378089905
2051,1765,1451,2045,1761,1453,2049,1768,1452,2051,1757,1436,337.10007977485657
2051,1764,1451,2045,1759,1453,2049,1766,1453,2050,1756,1436,337.3881504535675
2051,1761,1451,2045,1756,1453,2049,1765,1453,2051,1756,1436,337.6762218475342
2051,1760,1451,2045,1755,1453,2049,1765,1453,2053,1755,1436,337.96417021751404
2051,1760,1451,2045,1755,1453,2049,1765,1453,2051,1747,1444,338.252064704895
2051,1760,1451,2045,1755,1453,2049,1765,1453,2053,1746,1453,338.5399341583252
2051,1761,1451,2045,1755,1453,2049,1765,1453,2052,1753,1452,338.82790660858154
2051,1760,1451,2045,1755,1453,2049,1765,1453,2052,1753,1452,339.1155047416687
2051,1756,1451,2045,1752,1453,2049,1765,1454,2051,1752,1453,339.4037754535675
2051,1757,1451,2045,1751,1453,2049,1763,1454,2051,1752,1452,339.69155764579773
2051,1756,1451,2045,1751,1453,2049,1764,1454,2052,1752,1453,339.97944688796997
2051,1750,1451,2045,1748,1453,2049,1763,1454,2051,1750,1452,340.2677118778229
2051,1749,1451,2045,1746,1454,2049,1758,1455,2051,1748,1452,340.55569434165955
2051,1749,1451,2045,1746,1454,2049,1756,1455,2051,1748,1453,340.8436198234558
2051,1748,1451,2045,1746,1454,2049,1756,1455,2051,1748,1452,341.1316339969635
2051,1749,1451,2045,1746,1454,2049,1756,1455,2051,1748,1452,341.41939401626587
2051,1748,1451,2045,1746,1454,2049,1756,1455,2051,1748,1452,341.707656621933
2051,1748,1451,2045,1746,1454,2049,1752,1455,2051,1748,1453,341.99552822113037
2051,1748,1451,2045,1746,1454,2050,1748,1455,2051,1748,1452,342.2840931415558
2051,1748,1451,2045,1745,1454,2050,1748,1455,2051,1748,1452,342.57146191596985
2051,1748,1451,2045,1746,1454,2049,1748,1455,2051,1748,1453,342.8593409061432
2051,1748,1451,2046,1746,1454,2049,1748,1455,2051,1748,1452,343.14721751213074
2051,1748,1451,2046,1746,1454,2049,1748,1455,2051,1748,1452,343.4358515739441
2051,1748,1451,2046,1746,1454,2049,1748,1455,2052,1748,1452,343.7237548828125
2051,1748,1451,2046,1746,1454,2049,1748,1455,2051,1748,1453,344.0114541053772
2051,1748,1451,2046,1746,1454,2049,1748,1455,2051,1748,1452,344.3000111579895
2051,1748,1451,2045,1746,1454,2049,1748,1455,2052,1748,1452,344.5871629714966
2051,1748,1451,2046,1746,1454,2049,1748,1455,2052,1748,1453,344.87502884864807
2051,1748,1451,2045,1746,1454,2049,1748,1455,2051,1748,1452,345.1638443470001
2051,1748,1451,2045,1746,1454,2049,1748,1455,2052,1748,1452,345.4511618614197
2051,1749,1451,2045,1746,1454,2049,1748,1455,2051,1748,1452,345.73945569992065
2051,1750,1451,2045,1747,1454,2049,1748,1455,2051,1748,1452,346.0272982120514
2051,1750,1451,2045,1747,1454,2049,1748,1455,2051,1748,1452,346.3152644634247
2051,1752,1451,2045,1747,1453,2048,1749,1455,2051,1748,1452,346.6032769680023
2051,1755,1451,2045,1751,1453,2048,1751,1455,2052,1751,1452,346.891135931015
2051,1756,1451,2045,1752,1453,2048,1753,1455,2051,1752,1452,347.17902851104736
2051,1756,1451,2045,1752,1452,2048,1754,1455,2050,1753,1452,347.46730613708496
2051,1756,1443,2045,1752,1453,2048,1758,1443,2050,1751,1443,347.7551577091217
2050,1753,1436,2045,1752,1447,2050,1756,1450,2051,1748,1440,348.04295229911804
2050,1758,1436,2045,1751,1449,2051,1756,1448,2049,1747,1434,348.33121633529663
2050,1745,1437,2045,1748,1447,2051,1755,1452,2050,1744,1436,348.6189920902252
2051,1745,1437,2044,1754,1446,2051,1756,1447,2049,1744,1435,348.9071307182312
2052,1759,1434,2044,1755,1445,2051,1757,1440,2051,1754,1418,349.1948084831238
2052,1759,1432,2044,1755,1445,2051,1757,1440,2051,1754,1418,349.4833195209503
2051,1759,1432,2044,1755,1445,2050,1757,1440,2051,1754,1418,349.77093601226807
2051,1759,1432,2044,1754,1445,2051,1757,1440,2051,1754,1418,350.0590226650238
2051,1759,1432,2044,1754,1445,2050,1757,1439,2051,1754,1418,350.3467507362366
2051,1759,1432,2044,1755,1445,2051,1757,1440,2051,1754,1418,350.63488578796387
2051,1759,1432,2044,1755,1445,2051,1757,1439,2051,1754,1418,350.92287850379944
2051,1759,1432,2044,1754,1445,2051,1757,1440,2051,1754,1418,351.21083331108093
2051,1759,1432,2044,1755,1445,2050,1757,1440,2051,1754,1418,351.49867725372314
2051,1759,1432,2044,1755,1445,2050,1757,1440,2051,1754,1418,351.78692984580994
2051,1759,1432,2044,1755,1445,2051,1757,1440,2051,1754,1418,352.0749444961548
2051,1759,1432,2044,1754,1445,2051,1758,1440,2051,1754,1418,352.3628079891205
2052,1759,1432,2044,1754,1445,2051,1758,1439,2051,1754,1418,352.6509006023407
2051,1759,1432,2044,1754,1445,2050,1758,1440,2051,1754,1418,352.9387638568878
2051,1759,1432,2044,1755,1445,2051,1757,1439,2051,1754,1418,353.226930141449
2052,1759,1431,2044,1755,1445,2051,1758,1440,2051,1754,1418,353.5148215293884
2051,1759,1432,2044,1754,1445,2050,1757,1440,2051,1754,1418,353.80263209342957
2051,1759,1432,2044,1754,1445,2050,1758,1439,2051,1754,1418,354.09057211875916
2051,1759,1432,2044,1755,1445,2050,1757,1440,2051,1754,1418,354.3787462711334
2051,1759,1432,2044,1754,1445,2051,1758,1440,2051,1754,1418,354.66679191589355
2051,1759,1431,2044,1755,1445,2050,1758,1440,2051,1754,1418,354.95462584495544
2051,1759,1432,2044,1754,1445,2050,1757,1439,2051,1754,1418,355.2428584098816
2051,1759,1432,2044,1754,1445,2051,1757,1439,2051,1754,1418,355.5307092666626
2051,1759,1432,2044,1754,1445,2051,1758,1439,2051,1754,1418,355.8186831474304
2051,1759,1432,2044,1755,1445,2050,1757,1439,2051,1754,1418,356.10658288002014
2051,1759,1432,2044,1755,1445,2050,1757,1439,2051,1754,1418,356.39447140693665
2051,1759,1432,2044,1755,1445,2051,1758,1440,2051,1754,1418,356.68264174461365
2051,1759,1432,2044,1755,1445,2051,1758,1439,2051,1754,1418,356.97068548202515
2051,1759,1432,2044,1754,1445,2050,1757,1439,2051,1754,1418,357.25838708877563
2051,1759,1432,2044,1755,1445,2051,1758,1439,2051,1754,1418,357.5465621948242
2051,1759,1432,2044,1755,1445,2050,1758,1439,2051,1754,1418,357.82774686813354
2051,1759,1432,2044,1755,1445,2051,1757,1440,2051,1754,1418,358.0836372375488
2051,1759,1432,2044,1754,1445,2051,1757,1440,2051,1754,1418,358.3393108844757
2051,1759,1432,2044,1754,1445,2051,1757,1440,2051,1754,1418,358.5951943397522
2051,1759,1432,2044,1754,1445,2051,1758,1439,2051,1754,1418,358.85152673721313
2051,1759,1432,2044,1754,1445,2050,1758,1439,2051,1754,1418,359.1073670387268
2051,1759,1432,2044,1754,1445,2051,1758,1439,2051,1754,1418,359.36345648765564
2051,1759,1432,2044,1755,1445,2050,1757,1439,2050,1754,1418,359.6194233894348
2051,1759,1432,2044,1754,1445,2050,1758,1440,2051,1754,1418,359.89865827560425
2051,1759,1432,2044,1754,1445,2050,1757,1439,2051,1754,1418,360.1864092350006
2051,1759,1432,2044,1755,1445,2050,1757,1439,2051,1754,1418,360.4743254184723
2051,1759,1431,2044,1754,1445,2051,1757,1439,2051,1754,1418,360.76307797431946
2052,1759,1432,2044,1755,1445,2051,1757,1439,2051,1754,1418,361.0503921508789
2051,1759,1432,2044,1755,1445,2051,1757,1439,2051,1754,1418,361.33838510513306
2051,1759,1432,2044,1754,1445,2051,1757,1439,2051,1754,1418,361.6263291835785
2051,1759,1432,2044,1755,1445,2051,1758,1439,2051,1754,1418,361.91438698768616
2052,1759,1432,2044,1754,1445,2051,1757,1439,2051,1754,1418,362.20231103897095
2052,1759,1432,2044,1754,1445,2050,1758,1439,2051,1754,1418,362.49026799201965
2051,1759,1432,2044,1755,1445,2051,1758,1439,2051,1754,1418,362.75521445274353
2051,1759,1432,2044,1754,1445,2051,1757,1439,2051,1754,1418,363.0110158920288
2051,1759,1432,2044,1755,1445,2051,1758,1439,2051,1754,1418,363.26710391044617
2051,1759,1432,2044,1754,1445,2051,1757,1439,2051,1754,1418,363.52314352989197
2051,1759,1432,2044,1755,1445,2051,1757,1439,2051,1754,1418,363.77897691726685
2051,1759,1432,2044,1755,1445,2050,1757,1439,2051,1754,1418,364.0349462032318
2051,1759,1431,2044,1754,1445,2051,1757,1439,2051,1754,1418,364.29091787338257
2051,1759,1432,2044,1755,1445,2050,1758,1439,2051,1754,1418,364.5471143722534
2051,1759,1432,2044,1755,1445,2050,1758,1439,2051,1754,1418,364.80303049087524
2051,1759,1432,2044,1754,1445,2051,1758,1439,2051,1754,1418,365.0607900619507
2051,1759,1431,2044,1754,1445,2051,1757,1439,2051,1754,1418,365.31487917900085
2051,1759,1432,2044,1754,1445,2050,1758,1439,2051,1754,1418,365.57089257240295
2051,1759,1432,2044,1755,1445,2051,1757,1439,2051,1754,1418,365.8268873691559
2051,1759,1432,2044,1755,1445,2051,1757,1440,2051,1754,1418,366.08295249938965
2051,1759,1432,2044,1754,1445,2051,1757,1439,2051,1754,1418,366.33877444267273
2051,1759,1431,2044,1755,1445,2050,1757,1439,2051,1754,1418,366.5948705673218
2051,1759,1432,2044,1755,1445,2050,1757,1439,2051,1754,1418,366.8508789539337
2051,1759,1432,2044,1754,1445,2051,1758,1439,2051,1754,1418,367.1069858074188
2051,1759,1432,2044,1754,1445,2051,1757,1439,2051,1754,1418,367.3628098964691
2051,1759,1432,2044,1755,1445,2051,1758,1439,2051,1754,1418,367.6259591579437
2051,1759,1432,2044,1755,1445,2050,1757,1439,2051,1754,1418,367.9137170314789
2051,1759,1432,2044,1754,1445,2051,1758,1439,2051,1754,1418,368.20146560668945
2051,1759,1432,2044,1755,1445,2051,1758,1439,2051,1754,1418,368.4895522594452
2051,1759,1432,2044,1755,1445,2050,1758,1439,2051,1754,1418,368.7774691581726
2051,1759,1432,2044,1755,1445,2050,1757,1439,2051,1754,1418,369.0655105113983
2051,1759,1431,2044,1755,1445,2051,1757,1439,2051,1754,1418,369.35359025001526
2051,1759,1432,2044,1755,1445,2051,1757,1439,2051,1754,1418,369.64158868789673
2051,1759,1432,2044,1755,1445,2050,1758,1439,2051,1754,1418,369.9295480251312
2051,1759,1432,2044,1755,1445,2051,1758,1440,2051,1754,1418,370.2175147533417
2051,1759,1432,2044,1755,1445,2051,1757,1439,2051,1754,1418,370.5054919719696
2051,1759,1432,2044,1754,1445,2050,1758,1439,2051,1754,1418,370.79327964782715
2051,1759,1431,2044,1754,1445,2051,1757,1439,2051,1754,1418,371.0814673900604
2051,1759,1432,2044,1754,1445,2050,1758,1440,2051,1754,1418,371.36951208114624
2051,1759,1432,2044,1755,1445,2051,1758,1439,2051,1754,1418,371.65725660324097
2051,1759,1432,2044,1754,1445,2050,1757,1439,2051,1754,1418,371.94523453712463
2051,1759,1432,2044,1755,1445,2050,1758,1439,2051,1754,1418,372.2332592010498
2051,1759,1432,2044,1755,1445,2050,1758,1439,2051,1754,1418,372.52131700515747
2051,1759,1432,2044,1755,1445,2051,1757,1439,2051,1754,1418,372.80928921699524
2051,1759,1431,2044,1754,1445,2051,1757,1439,2051,1754,1418,373.09748578071594
2051,1759,1432,2044,1755,1445,2051,1758,1440,2051,1754,1418,373.3852891921997
2051,1759,1432,2044,1755,1445,2051,1758,1439,2051,1754,1418,373.673269033432
2051,1759,1432,2044,1754,1445,2051,1758,1439,2051,1754,1418,373.96125960350037
2051,1759,1432,2044,1755,1445,2050,1758,1439,2051,1754,1418,374.2493271827698
2051,1759,1432,2044,1755,1445,2051,1757,1439,2051,1754,1418,374.537278175354
2051,1759,1432,2044,1755,1445,2051,1758,1439,2051,1754,1418,374.8250334262848
2051,1759,1432,2044,1755,1445,2050,1758,1439,2051,1754,1418,375.11294770240784
2051,1759,1432,2044,1755,1445,2050,1758,1439,2051,1754,1418,375.4010365009308
2051,1759,1432,2044,1754,1445,2051,1758,1439,2051,1754,1418,375.6889624595642
2051,1759,1432,2044,1755,1445,2050,1758,1439,2051,1754,1418,375.9771399497986
2051,1759,1432,2044,1755,1445,2051,1758,1439,2051,1754,1418,376.2648415565491
2051,1759,1431,2044,1755,1445,2050,1757,1439,2051,1754,1418,376.5529432296753
2051,1759,1432,2044,1755,1445,2050,1757,1439,2051,1754,1418,376.84084463119507
2051,1759,1432,2044,1755,1445,2051,1758,1439,2050,1754,1418,377.1291615962982
2051,1759,1431,2044,1755,1445,2051,1758,1439,2050,1754,1418,377.41704964637756
2051,1760,1431,2044,1755,1445,2051,1758,1439,2050,1754,1418,377.70504903793335
2051,1760,1431,2044,1755,1445,2051,1758,1439,2050,1754,1418,377.99300503730774
2052,1759,1432,2045,1754,1449,2051,1757,1440,2050,1753,1421,378.28055000305176
2051,1759,1433,2045,1754,1453,2051,1757,1440,2050,1753,1426,378.56860876083374
2051,1758,1452,2045,1754,1453,2050,1756,1443,2050,1753,1427,378.85669684410095
2051,1758,1453,2045,1754,1453,2050,1756,1453,2050,1753,1427,379.1445662975311
2051,1758,1453,2045,1754,1453,2051,1755,1453,2050,1753,1426,379.4325885772705
2051,1758,1453,2045,1754,1453,2052,1755,1453,2050,1753,1427,379.72074151039124
2051,1758,1453,2046,1754,1453,2052,1755,1453,2050,1753,1427,380.0088953971863
2051,1757,1453,2046,1754,1453,2052,1754,1453,2050,1753,1427,380.2968227863312
2051,1757,1453,2046,1754,1453,2051,1754,1453,2050,1753,1427,380.5847930908203
2051,1757,1453,2046,1754,1453,2051,1754,1453,2051,1753,1427,380.8728768825531
2051,1756,1453,2046,1754,1453,2050,1754,1453,2051,1753,1427,381.16071367263794
2051,1757,1453,2046,1754,1453,2050,1754,1453,2051,1753,1427,381.44897198677063
2051,1757,1453,2045,1754,1453,2050,1754,1453,2051,1753,1429,381.7367260456085
2051,1757,1453,2045,1753,1453,2049,1755,1453,2051,1753,1429,382.0024974346161
2051,1756,1453,2046,1753,1453,2049,1755,1453,2052,1752,1429,382.25847721099854
2051,1756,1453,2046,1752,1453,2049,1754,1453,2053,1751,1429,382.5142891407013
2051,1756,1453,2045,1753,1453,2049,1755,1453,2052,1752,1430,382.7703664302826
2051,1756,1453,2046,1753,1453,2049,1755,1453,2052,1751,1429,383.02630138397217
2051,1756,1453,2045,1753,1453,2049,1755,1453,2052,1752,1429,383.2823112010956
2051,1756,1453,2045,1752,1453,2049,1755,1453,2053,1751,1430,383.53840231895447
2051,1756,1453,2045,1753,1453,2049,1755,1453,2053,1752,1430,383.7936677932739
2051,1756,1453,2046,1752,1453,2049,1754,1453,2053,1752,1430,384.0496144294739
2051,1756,1453,2045,1753,1453,2049,1754,1453,2052,1751,1430,384.3129131793976
2051,1757,1453,2045,1753,1453,2049,1755,1453,2052,1752,1430,384.6006374359131
2051,1757,1453,2045,1753,1453,2049,1754,1453,2052,1751,1430,384.8885748386383
2051,1757,1453,2045,1753,1453,2049,1754,1453,2052,1752,1430,385.17664074897766
2051,1757,1453,2045,1753,1453,2050,1754,1453,2050,1752,1430,385.4647150039673
2051,1757,1453,2045,1754,1453,2051,1754,1453,2050,1752,1430,385.75263714790344
2051,1758,1453,2045,1754,1453,2051,1755,1453,2049,1752,1430,386.04069113731384
2051,1758,1453,2045,1754,1453,2051,1755,1453,2050,1752,1430,386.3287000656128
2051,1758,1452,2045,1754,1453,2050,1755,1453,2050,1752,1430,386.61656880378723
2051,1758,1452,2045,1754,1453,2050,1755,1453,2051,1752,1430,386.9045629501343
2051,1758,1453,2045,1754,1453,2050,1755,1453,2050,1752,1430,387.1925253868103
2051,1758,1453,2045,1754,1453,2050,1755,1453,2051,1752,1430,387.48066687583923
2051,1757,1453,2045,1754,1453,2050,1755,1453,2051,1751,1430,387.7685546875
2051,1757,1453,2045,1753,1453,2050,1754,1453,2053,1751,1430,388.05666947364807
2051,1756,1453,2045,1753,1453,2050,1754,1453,2053,1751,1432,388.3445451259613
2052,1757,1453,2045,1753,1453,2051,1753,1453,2053,1751,1432,388.63251781463623
2051,1757,1453,2045,1753,1453,2051,1753,1453,2051,1751,1432,388.9206819534302
2051,1757,1453,2045,1753,1453,2054,1755,1453,2051,1752,1432,389.2083818912506
2051,1757,1453,2045,1753,1453,2053,1755,1453,2050,1752,1433,389.49670696258545
2051,1758,1453,2045,1754,1453,2052,1756,1453,2050,1752,1433,389.78478932380676
2051,1758,1453,2045,1754,1453,2053,1758,1453,2051,1752,1434,390.07283759117126
2051,1755,1453,2046,1747,1453,2052,1758,1453,2051,1752,1434,390.36074233055115
2052,1743,1444,2045,1733,1447,2051,1757,1444,2051,1760,1427,390.64873480796814
2051,1746,1442,2047,1736,1449,2052,1757,1441,2051,1761,1424,390.9367034435272
2051,1746,1442,2047,1735,1447,2052,1758,1441,2051,1762,1423,391.22447180747986
2051,1746,1442,2047,1735,1447,2052,1758,1440,2051,1761,1423,391.512455701828
2051,1746,1442,2047,1736,1447,2052,1758,1441,2051,1762,1423,391.80026388168335
2051,1746,1442,2047,1735,1447,2052,1758,1441,2051,1762,1423,392.08821749687195
2051,1746,1442,2047,1736,1447,2052,1758,1440,2051,1762,1423,392.37627363204956
2051,1746,1442,2047,1736,1447,2052,1758,1441,2051,1762,1423,392.66409063339233
2051,1746,1442,2047,1735,1447,2052,1758,1441,2051,1761,1423,392.9520173072815
2051,1746,1442,2047,1735,1447,2052,1758,1441,2051,1762,1423,393.2401876449585
2051,1746,1442,2047,1735,1447,2052,1758,1441,2051,1762,1423,393.52839374542236
2051,1746,1442,2047,1736,1447,2052,1758,1441,2051,1762,1423,393.81629490852356
2051,1746,1442,2047,1736,1447,2052,1758,1441,2051,1762,1423,394.10406947135925
2051,1746,1442,2047,1735,1447,2052,1758,1440,2051,1762,1423,394.3921637535095
2051,1746,1442,2047,1736,1447,2052,1758,1441,2051,1762,1423,394.68008613586426
2051,1746,1442,2047,1736,1447,2052,1758,1441,2051,1762,1423,394.9683027267456
2051,1746,1442,2047,1736,1447,2052,1758,1441,2051,1762,1423,395.25709199905396
2051,1746,1442,2047,1735,1447,2052,1758,1440,2051,1761,1423,395.5440695285797
2051,1746,1442,2047,1735,1447,2052,1758,1440,2051,1762,1423,395.8323254585266
2051,1746,1442,2047,1735,1447,2052,1758,1441,2051,1762,1423,396.1204035282135
2051,1746,1442,2047,1736,1447,2052,1758,1441,2051,1762,1423,396.40818190574646
2051,1746,1442,2047,1736,1447,2052,1758,1441,2051,1762,1423,396.6960036754608
2051,1746,1442,2047,1736,1447,2052,1758,1441,2051,1762,1423,396.98369693756104
2051,1746,1442,2047,1735,1447,2052,1758,1440,2051,1762,1423,397.27157258987427
2051,1746,1442,2047,1735,1447,2052,1758,1440,2051,1762,1423,397.55952644348145
2051,1746,1442,2047,1735,1447,2052,1758,1441,2051,1762,1423,397.84743571281433
2051,1746,1442,2047,1735,1447,2052,1758,1441,2051,1762,1423,398.13565015792847
2051,1746,1442,2047,1736,1447,2052,1758,1440,2051,1762,1423,398.42357873916626
2051,1746,1442,2047,1736,1447,2052,1758,1441,2051,1761,1423,398.7116894721985
2051,1746,1442,2047,1736,1447,2052,1758,1441,2051,1761,1423,398.9995198249817
2051,1746,1442,2047,1735,1447,2052,1758,1441,2051,1762,1423,399.2874643802643
2051,1746,1442,2047,1736,1447,2052,1758,1440,2051,1762,1423,399.57548356056213
2051,1746,1442,2047,1735,1447,2052,1758,1440,2051,1762,1423,399.8635325431824
2051,1746,1442,2047,1735,1447,2052,1758,1440,2051,1762,1423,400.1513669490814
2051,1746,1442,2047,1735,1447,2052,1758,1440,2051,1762,1423,400.43933033943176
2051,1746,1442,2047,1735,1447,2052,1758,1441,2051,1762,1423,400.72820520401
2051,1746,1442,2047,1736,1447,2052,1757,1441,2051,1761,1423,401.01514887809753
2051,1746,1442,2047,1735,1447,2052,1758,1440,2051,1762,1423,401.3037905693054
2051,1746,1442,2047,1736,1447,2052,1758,1441,2051,1762,1423,401.5924792289734
2051,1746,1442,2047,1736,1447,2052,1758,1440,2051,1761,1423,401.8796639442444
2051,1746,1442,2047,1735,1447,2052,1758,1441,2051,1762,1423,402.16745018959045
2051,1746,1442,2047,1736,1447,2052,1758,1440,2051,1762,1423,402.45536041259766
2051,1746,1442,2047,1735,1447,2052,1758,1441,2051,1762,1423,402.7206664085388
2051,1746,1442,2047,1736,1447,2052,1758,1440,2051,1761,1423,402.97630739212036
2051,1746,1442,2047,1735,1447,2052,1758,1440,2051,1761,1423,403.2324049472809
2051,1746,1442,2047,1736,1447,2052,1758,1440,2051,1762,1423,403.51270818710327
2051,1746,1442,2047,1735,1447,2052,1758,1441,2051,1762,1422,403.79933643341064
2051,1746,1442,2047,1735,1447,2052,1758,1441,2051,1761,1423,404.08739614486694
2051,1746,1442,2047,1735,1447,2052,1758,1440,2051,1762,1423,404.37544107437134
2051,1746,1442,2047,1736,1447,2052,1758,1441,2051,1762,1423,404.65874552726746
2051,1746,1442,2047,1735,1447,2052,1758,1441,2051,1762,1423,404.9122996330261
2051,1746,1442,2047,1735,1447,2052,1758,1440,2051,1762,1423,405.16827845573425
2051,1746,1442,2047,1735,1447,2052,1758,1440,2051,1762,1423,405.4240002632141
2051,1746,1442,2047,1736,1447,2052,1758,1440,2051,1762,1423,405.68039774894714
2051,1746,1442,2047,1736,1447,2052,1758,1441,2051,1762,1423,405.93617701530457
2051,1746,1442,2047,1736,1447,2052,1758,1440,2051,1762,1423,406.1921155452728
2051,1745,1442,2047,1736,1447,2052,1757,1440,2050,1761,1423,406.44802927970886
2051,1746,1442,2047,1735,1447,2052,1758,1440,2052,1762,1422,406.70414304733276
2051,1747,1442,2047,1736,1447,2052,1758,1440,2051,1762,1422,406.96003246307373
2051,1746,1442,2047,1735,1447,2052,1758,1440,2052,1762,1422,407.2160761356354
2051,1746,1442,2047,1735,1447,2052,1757,1440,2051,1762,1422,407.47195959091187
2051,1746,1442,2047,1735,1447,2052,1758,1440,2051,1762,1422,407.72800517082214
2051,1746,1442,2047,1735,1447,2052,1758,1440,2051,1762,1422,407.9841158390045
2051,1746,1442,2047,1735,1447,2052,1758,1440,2051,1762,1422,408.2398657798767
2051,1746,1442,2047,1735,1447,2052,1758,1440,2051,1762,1422,408.47991132736206
2052,1760,1441,2047,1753,1445,2052,1759,1434,2052,1765,1415,408.73579120635986
2052,1760,1443,2046,1752,1443,2051,1758,1417,2051,1769,1398,408.97601866722107
2051,1758,1443,2046,1754,1442,2050,1759,1417,2050,1770,1398,409.2319676876068
2051,1757,1443,2046,1754,1442,2050,1758,1417,2050,1770,1397,409.47199845314026
2051,1756,1442,2047,1755,1443,2049,1758,1418,2050,1771,1395,409.7279922962189
2052,1758,1443,2046,1755,1442,2049,1759,1417,2050,1772,1395,409.9676640033722
2051,1758,1447,2044,1761,1425,2048,1761,1416,2053,1799,1394,410.223886013031
2051,1757,1452,2041,1773,1422,2047,1766,1415,2053,1830,1356,410.46380281448364
2051,1757,1453,2042,1772,1425,2047,1780,1415,2053,1887,1343,410.7198040485382
2051,1757,1453,2043,1762,1432,2047,1777,1419,2053,1899,1340,410.9755985736847
2051,1756,1453,2042,1744,1432,2047,1775,1420,2054,1897,1343,411.23182821273804
2051,1757,1453,2043,1746,1434,2046,1777,1419,2040,1897,1342,411.48764753341675
2056,1765,1425,2046,1756,1450,2047,1769,1443,2041,1768,1429,411.75060772895813
2055,1765,1426,2045,1756,1446,2047,1765,1446,2044,1763,1434,412.0389771461487
2053,1763,1443,2046,1756,1453,2047,1764,1450,2051,1766,1435,412.32704639434814
2053,1763,1451,2047,1756,1453,2047,1764,1451,2050,1767,1435,412.6148478984833
2053,1763,1450,2046,1756,1453,2047,1764,1451,2050,1766,1437,412.90272283554077
2052,1761,1451,2047,1756,1453,2047,1761,1451,2050,1766,1438,413.190678358078
2052,1761,1451,2047,1755,1453,2048,1758,1453,2050,1766,1438,413.4786741733551
2051,1761,1450,2046,1756,1453,2048,1760,1453,2049,1767,1438,413.7668318748474
2051,1762,1451,2047,1756,1453,2048,1760,1453,2050,1765,1438,414.05475997924805
2051,1762,1451,2048,1756,1451,2048,1760,1453,2045,1764,1438,414.3427052497864
2051,1761,1451,2049,1755,1451,2048,1758,1453,2044,1764,1438,414.63056659698486
2051,1755,1451,2049,1750,1452,2048,1753,1453,2043,1764,1445,414.91874265670776
2051,1753,1451,2049,1748,1452,2048,1750,1455,2043,1764,1449,415.2066810131073
2051,1751,1451,2049,1748,1452,2048,1748,1454,2043,1764,1449,415.4945182800293
2051,1750,1451,2049,1748,1452,2048,1748,1454,2043,1764,1450,415.78248476982117
2051,1749,1451,2050,1747,1452,2048,1747,1455,2043,1764,1452,416.07058095932007
2051,1749,1451,2050,1747,1452,2047,1746,1455,2044,1763,1451,416.3425762653351
2051,1749,1451,2050,1747,1452,2047,1746,1455,2044,1759,1451,416.6306140422821
2051,1749,1451,2050,1746,1452,2047,1746,1455,2044,1758,1452,416.9025650024414
2051,1748,1451,2050,1746,1452,2047,1746,1455,2044,1758,1451,417.1905686855316
2051,1748,1451,2050,1746,1452,2047,1744,1455,2046,1757,1451,417.46282625198364
2051,1748,1451,2050,1745,1452,2047,1744,1455,2046,1755,1451,417.7504336833954
2051,1748,1451,2050,1745,1452,2047,1744,1455,2045,1755,1451,418.02266669273376
2051,1747,1451,2049,1745,1452,2047,1744,1455,2045,1751,1451,418.3105938434601
2051,1747,1451,2050,1745,1452,2047,1744,1455,2045,1751,1451,418.5824363231659
2051,1747,1451,2050,1744,1452,2047,1744,1455,2045,1751,1452,418.87037682533264
2051,1747,1451,2050,1744,1452,2047,1744,1455,2045,1750,1451,419.14247155189514
2051,1747,1451,2049,1745,1452,2047,1744,1455,2046,1748,1451,419.43061566352844
2051,1747,1451,2050,1744,1452,2047,1744,1455,2046,1748,1451,419.70239782333374
2051,1747,1451,2050,1744,1452,2047,1744,1455,2046,1748,1451,419.9903926849365
2051,1747,1451,2050,1744,1452,2047,1744,1455,2046,1748,1451,420.26229310035706
2051,1747,1451,2050,1744,1452,2047,1744,1455,2046,1748,1451,420.5504946708679
2051,1747,1451,2049,1744,1452,2047,1744,1455,2046,1748,1451,420.8222484588623
2051,1747,1451,2050,1744,1452,2047,1744,1455,2046,1748,1451,421.11018657684326
2051,1748,1451,2050,1745,1452,2047,1744,1455,2044,1748,1451,421.38214802742004
2051,1748,1451,2050,1745,1452,2047,1744,1455,2044,1750,1452,421.6703345775604
2051,1749,1451,2050,1745,1452,2047,1744,1455,2044,1750,1451,421.94215989112854
2051,1749,1451,2049,1746,1452,2047,1745,1455,2045,1751,1451,422.230263710022
2051,1750,1451,2050,1747,1452,2047,1745,1455,2044,1751,1451,422.50215196609497
2051,1751,1451,2049,1747,1452,2047,1745,1455,2044,1752,1451,422.79006695747375
2051,1752,1451,2049,1749,1452,2047,1745,1455,2044,1752,1451,423.06218791007996
2051,1752,1451,2049,1749,1452,2047,1745,1455,2045,1753,1451,423.3502039909363
2051,1752,1451,2049,1749,1452,2047,1745,1455,2045,1753,1451,423.62206530570984
2051,1754,1451,2050,1749,1452,2047,1745,1455,2045,1753,1451,423.909907579422
2051,1754,1451,2050,1749,1452,2047,1745,1455,2045,1753,1451,424.18196392059326
2051,1754,1451,2049,1749,1452,2047,1745,1455,2045,1753,1451,424.470009803772
2051,1754,1451,2049,1749,1452,2047,1745,1455,2045,1753,1451,424.742399930954
2051,1754,1451,2050,1749,1452,2047,1746,1455,2045,1753,1451,425.0298821926117
2051,1754,1451,2049,1749,1452,2047,1745,1455,2045,1753,1451,425.30202054977417
2051,1754,1451,2049,1749,1452,2047,1745,1455,2045,1753,1451,425.58983087539673
2051,1754,1451,2050,1749,1452,2047,1745,1455,2045,1753,1451,425.8620855808258
2051,1754,1451,2050,1749,1452,2047,1745,1455,2045,1753,1451,426.1498005390167
2051,1754,1451,2050,1749,1452,2047,1745,1455,2045,1753,1451,426.42205023765564
2051,1754,1451,2049,1749,1452,2047,1745,1455,2045,1753,1451,426.70963287353516
2051,1754,1451,2050,1749,1452,2047,1745,1455,2045,1753,1451,426.98195242881775
2051,1754,1451,2050,1749,1452,2047,1745,1455,2045,1753,1451,427.269775390625
2051,1753,1451,2049,1749,1452,2047,1745,1455,2045,1753,1451,427.5579116344452
2051,1754,1451,2049,1749,1452,2047,1746,1455,2045,1753,1451,427.8456916809082
2051,1754,1451,2050,1749,1452,2047,1745,1455,2045,1753,1451,428.1336495876312
2051,1754,1451,2050,1749,1452,2047,1745,1455,2045,1753,1451,428.421669960022
2051,1754,1451,2049,1750,1452,2047,1746,1455,2045,1754,1451,428.7096700668335
2051,1754,1451,2050,1751,1452,2047,1746,1455,2045,1754,1451,428.99768257141113
2051,1754,1451,2049,1751,1452,2047,1746,1455,2045,1754,1451,429.2856216430664
2051,1754,1451,2049,1751,1452,2047,1746,1455,2045,1755,1451,429.57360553741455
2051,1755,1451,2050,1751,1452,2047,1746,1455,2045,1755,1451,429.8615229129791
2051,1755,1451,2050,1752,1452,2047,1747,1455,2045,1754,1451,430.1496512889862
2051,1755,1451,2050,1752,1451,2047,1747,1455,2045,1754,1451,430.43746852874756
2051,1755,1451,2050,1752,1452,2046,1747,1455,2045,1754,1451,430.7254476547241
2051,1756,1451,2050,1752,1452,2047,1748,1455,2046,1754,1451,431.0134770870209
2051,1756,1451,2050,1752,1451,2047,1752,1455,2046,1754,1451,431.30145168304443
2051,1756,1451,2050,1752,1451,2048,1752,1455,2046,1754,1451,431.58950567245483
2051,1756,1451,2050,1752,1451,2047,1751,1455,2046,1754,1451,431.87746691703796
2051,1755,1451,2050,1752,1451,2048,1751,1455,2045,1754,1451,432.16537642478943
2051,1755,1451,2050,1752,1451,2048,1751,1455,2044,1754,1451,432.4533460140228
2051,1756,1451,2050,1752,1451,2048,1752,1455,2044,1754,1451,432.74143838882446
2051,1756,1451,2050,1752,1452,2047,1752,1455,2044,1754,1451,433.0294327735901
2051,1755,1451,2050,1752,1452,2048,1752,1455,2044,1754,1451,433.3174252510071
2051,1755,1451,2050,1752,1452,2047,1751,1455,2044,1754,1451,433.6055085659027
2051,1755,1451,2050,1752,1452,2047,1752,1455,2045,1754,1451,433.89340829849243
2051,1755,1451,2049,1751,1452,2047,1751,1455,2047,1753,1451,434.1815719604492
2052,1756,1451,2049,1751,1452,2047,1750,1455,2046,1754,1451,434.46914505958557
2052,1756,1451,2050,1752,1451,2046,1751,1455,2047,1754,1451,434.7572455406189
2052,1758,1450,2049,1753,1450,2047,1754,1455,2045,1754,1451,435.0452604293823
2046,1757,1447,2050,1752,1450,2048,1760,1438,2045,1753,1451,435.3331398963928
2047,1755,1434,2048,1752,1441,2048,1762,1439,2052,1753,1436,435.62106490135193
2047,1752,1434,2048,1751,1442,2048,1761,1438,2051,1751,1436,435.90905690193176
2047,1752,1434,2048,1750,1442,2048,1761,1437,2051,1751,1436,436.1971549987793
2047,1752,1434,2048,1750,1442,2048,1761,1438,2051,1751,1436,436.48499298095703
2047,1753,1434,2048,1750,1442,2048,1761,1438,2051,1751,1436,436.77311611175537
2047,1752,1434,2048,1750,1441,2048,1761,1438,2051,1751,1436,437.0613090991974
2047,1752,1434,2048,1750,1442,2048,1761,1438,2051,1751,1436,437.33322310447693
2049,1764,1431,2048,1757,1439,2048,1763,1428,2052,1754,1428,437.62112760543823
2047,1762,1431,2048,1755,1438,2048,1765,1413,2050,1754,1412,437.8930974006653
2047,1760,1431,2049,1755,1438,2048,1763,1414,2050,1756,1411,438.18106746673584
2049,1760,1430,2049,1756,1439,2048,1764,1414,2050,1756,1410,438.4531292915344
2049,1757,1430,2049,1755,1440,2048,1762,1416,2050,1758,1409,438.74096846580505
2049,1758,1431,2049,1755,1438,2047,1763,1414,2050,1761,1410,439.01291608810425
2049,1758,1431,2049,1755,1439,2048,1763,1414,2050,1762,1409,439.300940990448
2049,1757,1431,2048,1756,1438,2048,1763,1415,2050,1762,1409,439.57372307777405
2049,1758,1430,2049,1755,1439,2048,1763,1414,2049,1763,1400,439.8609080314636
2050,1742,1443,2049,1738,1440,2047,1760,1417,2049,1768,1403,440.1487956047058
2051,1751,1442,2049,1738,1440,2048,1766,1413,2049,1782,1402,440.436842918396
2051,1750,1442,2049,1738,1440,2048,1766,1413,2049,1782,1402,440.72471022605896
2051,1750,1442,2049,1738,1440,2048,1766,1413,2049,1782,1402,441.0128273963928
2051,1750,1442,2049,1738,1440,2048,1766,1413,2049,1782,1402,441.30074548721313
2051,1750,1442,2049,1738,1440,2048,1766,1413,2049,1782,1402,441.5886301994324
2051,1748,1442,2049,1739,1440,2048,1765,1413,2056,1782,1403,441.87671279907227
2051,1750,1442,2049,1738,1440,2048,1766,1413,2049,1782,1403,442.16463899612427
2051,1747,1441,2049,1735,1440,2048,1763,1415,2055,1780,1409,442.4525537490845
2052,1752,1441,2049,1750,1441,2051,1763,1420,2047,1780,1415,442.7333736419678
2051,1759,1451,2050,1755,1451,2049,1762,1451,2052,1780,1438,442.98915910720825
2051,1758,1450,2050,1755,1451,2050,1762,1451,2051,1779,1438,443.24531507492065
2050,1758,1451,2050,1754,1451,2051,1762,1451,2050,1779,1439,443.50124955177307
2050,1758,1450,2050,1755,1451,2050,1762,1451,2045,1778,1439,443.75722336769104
2050,1747,1450,2050,1746,1446,2050,1762,1456,2046,1774,1439,444.0132567882538
2049,1751,1440,2049,1752,1445,2051,1764,1434,2050,1775,1428,444.2693588733673
2050,1753,1441,2049,1750,1444,2051,1764,1429,2051,1774,1417,444.5252482891083
2050,1753,1441,2049,1750,1444,2051,1764,1429,2051,1774,1417,444.78130984306335
2050,1753,1441,2049,1750,1444,2051,1764,1429,2051,1774,1417,445.03734731674194
2050,1753,1440,2049,1750,1444,2051,1764,1429,2051,1774,1417,445.3170533180237
2050,1753,1441,2049,1750,1445,2051,1764,1429,2051,1774,1417,445.60449409484863
2050,1753,1440,2049,1750,1444,2051,1764,1429,2051,1774,1417,445.8926422595978
2050,1753,1440,2049,1750,1444,2051,1764,1429,2051,1774,1417,446.18077635765076
2050,1753,1440,2049,1750,1444,2051,1764,1429,2051,1774,1417,446.468141078949
2050,1753,1440,2049,1750,1444,2051,1764,1429,2051,1774,1417,446.7561376094818
2050,1753,1440,2049,1750,1445,2051,1764,1429,2051,1774,1417,447.0443904399872
2050,1753,1440,2049,1750,1444,2051,1764,1429,2051,1774,1417,447.3160307407379
2051,1761,1438,2049,1756,1444,2051,1765,1419,2051,1777,1411,447.604052066803
2050,1758,1439,2049,1755,1443,2051,1763,1403,2050,1779,1395,447.8759574890137
2050,1758,1440,2049,1755,1434,2051,1764,1401,2049,1778,1396,448.16414308547974
2050,1757,1439,2049,1743,1433,2049,1764,1402,2049,1781,1395,448.4360213279724
2051,1762,1437,2049,1670,1466,2051,1782,1399,2047,1785,1389,448.72403931617737
2053,1761,1437,2050,1665,1470,2052,1811,1398,2047,1791,1388,449.0119659900665
2053,1762,1437,2050,1665,1469,2053,1811,1398,2047,1792,1388,449.30032539367676
2053,1762,1437,2050,1666,1469,2053,1811,1398,2047,1792,1388,449.58817434310913
2053,1762,1437,2050,1666,1469,2053,1812,1398,2047,1792,1388,449.8759241104126
2053,1761,1437,2050,1666,1469,2053,1811,1398,2051,1792,1389,450.1639976501465
2052,1761,1441,2048,1754,1446,2052,1777,1443,2047,1785,1416,450.45183539390564
2051,1760,1451,2050,1755,1454,2052,1774,1444,2047,1782,1427,450.7398753166199
2051,1760,1449,2050,1755,1453,2051,1768,1449,2047,1777,1433,451.0281925201416
2051,1759,1450,2050,1754,1453,2051,1763,1453,2049,1763,1435,451.3156862258911
2049,1759,1446,2050,1755,1446,2051,1756,1454,2049,1762,1435,451.60393953323364
2050,1761,1442,2049,1755,1447,2051,1758,1448,2046,1754,1435,451.891756772995
2050,1761,1443,2049,1755,1446,2051,1759,1446,2049,1758,1429,452.1798219680786
2050,1760,1446,2047,1749,1448,2051,1758,1446,2049,1752,1432,452.4676818847656
2051,1760,1447,2049,1753,1448,2051,1757,1449,2049,1753,1433,452.7559611797333
2051,1758,1452,2049,1753,1453,2051,1756,1453,2047,1752,1434,453.04365396499634
2051,1758,1450,2050,1755,1447,2051,1758,1454,2049,1745,1441,453.33166122436523
2050,1753,1443,2049,1749,1447,2052,1759,1442,2051,1751,1438,453.61952352523804
2050,1756,1442,2049,1752,1446,2052,1760,1437,2051,1753,1432,453.9075930118561
2050,1756,1442,2049,1752,1446,2052,1760,1437,2051,1753,1432,454.195583820343
2050,1756,1441,2049,1752,1446,2052,1760,1437,2051,1753,1432,454.4833664894104
2050,1756,1442,2049,1752,1446,2052,1760,1437,2051,1753,1431,454.77182698249817
2050,1756,1442,2049,1752,1446,2052,1760,1437,2051,1753,1431,455.0592987537384
2050,1756,1442,2049,1752,1446,2052,1760,1437,2051,1753,1432,455.3476142883301
2050,1756,1442,2049,1752,1446,2052,1760,1437,2051,1753,1432,455.6353952884674
2050,1756,1442,2049,1752,1446,2052,1760,1437,2051,1753,1431,455.92354941368103
2050,1756,1442,2049,1752,1446,2052,1760,1437,2051,1753,1431,456.1951906681061
2052,1726,1395,2051,1844,1472,2052,1774,1440,2053,1802,1536,456.4832854270935
2049,1631,1359,2049,1994,1496,2051,1787,1499,2052,1839,1729,456.75534868240356
2051,1613,1361,2050,1995,1495,2051,1798,1499,2052,1817,1730,457.04362440109253
2051,1613,1361,2050,1995,1495,2051,1798,1499,2052,1817,1730,457.31553506851196
2051,1692,1415,2054,1861,1429,2051,1819,1633,2049,1792,1651,457.60355830192566
2051,1893,1498,2049,1679,1359,2052,1819,1885,2058,1804,1489,457.87555170059204
2052,1960,1494,2049,1649,1359,2052,1797,1892,2057,1795,1489,458.1634397506714
2052,1962,1494,2049,1649,1359,2052,1797,1892,2057,1795,1489,458.43531823158264
2052,1859,1423,2050,1740,1409,2053,1775,1758,2057,1817,1585,458.7233865261078
2044,1694,1333,2048,1990,1496,2053,1759,1526,2052,1810,1757,458.99557518959045
2044,1638,1335,2049,1991,1494,2053,1760,1514,2052,1796,1828,459.28327536582947
2045,1637,1335,2049,1991,1494,2053,1761,1514,2052,1797,1831,459.55515241622925
2045,1716,1387,2054,1871,1425,2053,1798,1640,2052,1779,1730,459.84300541877747
2049,1918,1496,2049,1672,1359,2053,1812,1889,2057,1789,1492,460.11506366729736
2049,1952,1494,2049,1658,1359,2052,1800,1892,2057,1794,1492,460.4032335281372
2049,1953,1494,2049,1658,1359,2052,1800,1892,2057,1794,1492,460.67521119117737
2051,1851,1425,2049,1748,1405,2052,1778,1754,2056,1815,1589,460.96346640586853
2044,1682,1338,2049,1987,1495,2053,1762,1520,2052,1802,1778,461.2352192401886
2045,1636,1340,2050,1994,1494,2053,1762,1511,2050,1796,1847,461.5232436656952
2046,1613,1405,2051,1995,1497,2053,1791,1510,2042,1795,1882,461.794974565506
2049,1775,1454,2047,1851,1450,2052,1808,1667,2042,1772,1802,462.0829436779022
2053,2000,1497,2050,1632,1400,2052,1807,1892,2041,1757,1648,462.3550102710724
2055,2007,1492,2050,1632,1403,2052,1808,1893,2041,1801,1565,462.6428418159485
2053,2001,1501,2050,1632,1401,2052,1808,1893,2039,1805,1559,462.91488814353943
2052,1856,1453,2049,1788,1458,2051,1804,1737,2040,1805,1677,463.2030472755432
2053,1640,1406,2051,2001,1502,2052,1806,1506,2041,1804,1847,463.47477889060974
2053,1640,1406,2050,2000,1502,2052,1806,1506,2041,1804,1847,463.76291251182556
2052,1637,1390,2049,2000,1495,2051,1802,1502,2049,1800,1847,464.034871339798
2049,1715,1431,2051,1877,1420,2052,1821,1621,2050,1778,1745,464.32325196266174
2051,1947,1490,2049,1678,1353,2052,1820,1876,2057,1754,1525,464.5949056148529
2051,1964,1491,2048,1669,1353,2052,1820,1876,2058,1758,1511,464.88289189338684
2051,1964,1491,2048,1669,1353,2052,1820,1876,2058,1758,1511,465.154953956604
2053,1862,1423,2048,1757,1395,2052,1787,1740,2057,1786,1611,465.44296979904175
2045,1732,1335,2052,1969,1495,2053,1753,1529,2052,1811,1788,465.71511030197144
2045,1725,1335,2052,1968,1496,2054,1753,1520,2051,1810,1800,466.00305700302124
2045,1725,1335,2052,1969,1496,2054,1754,1520,2051,1810,1800,466.2750132083893
2044,1808,1368,2052,1851,1427,2054,1795,1637,2050,1790,1703,466.5629744529724
2052,1962,1484,2043,1665,1341,2049,1823,1854,2053,1747,1574,466.8349959850311
2052,1977,1484,2043,1664,1340,2049,1823,1854,2053,1747,1556,467.12304401397705
2052,1977,1484,2043,1664,1340,2049,1823,1854,2053,1747,1556,467.3949692249298
2053,1871,1418,2044,1754,1386,2049,1790,1722,2053,1772,1653,467.68293261528015
2044,1751,1334,2052,1962,1494,2054,1751,1524,2051,1812,1804,467.95490622520447
2044,1737,1334,2052,1962,1494,2054,1751,1520,2051,1806,1805,468.2428820133209
2044,1737,1334,2052,1962,1494,2054,1751,1521,2051,1806,1805,468.51491022109985
2044,1824,1368,2051,1846,1422,2054,1793,1641,2051,1788,1709,468.80288076400757
2052,1962,1485,2043,1666,1340,2049,1823,1853,2053,1745,1579,469.07499623298645
2052,1971,1484,2043,1664,1340,2049,1822,1853,2053,1745,1567,469.36285614967346
2052,1973,1484,2043,1664,1340,2049,1822,1854,2053,1745,1566,469.6348867416382
2053,1871,1418,2044,1755,1387,2050,1790,1720,2053,1771,1661,469.92263650894165
2044,1758,1335,2052,1963,1494,2054,1751,1522,2051,1809,1804,470.19475960731506
2044,1738,1335,2051,1965,1494,2054,1751,1521,2051,1803,1805,470.48284125328064
2045,1738,1334,2051,1965,1494,2054,1752,1521,2051,1802,1805,470.73348689079285
2044,1825,1368,2051,1848,1422,2054,1793,1638,2052,1786,1707,470.9876389503479
2052,1959,1484,2044,1673,1341,2049,1824,1854,2052,1745,1583,471.22756791114807
2052,1968,1484,2043,1665,1341,2049,1824,1854,2053,1745,1571,471.48489332199097
2052,1968,1484,2043,1665,1341,2049,1824,1854,2053,1745,1571,471.72545075416565
2053,1864,1419,2044,1753,1387,2051,1792,1721,2053,1770,1663,471.98148488998413
2045,1757,1337,2050,1960,1494,2054,1754,1517,2052,1808,1805,472.22141885757446
2045,1737,1337,2050,1966,1494,2054,1754,1513,2051,1802,1808,472.4774751663208
2045,1737,1337,2050,1966,1494,2054,1754,1513,2051,1801,1810,472.7175507545471
2044,1822,1368,2051,1850,1424,2054,1796,1630,2051,1786,1712,472.9734032154083
2053,1960,1483,2043,1677,1341,2049,1826,1857,2053,1746,1583,473.21342635154724
2053,1966,1483,2043,1670,1341,2049,1827,1857,2053,1746,1573,473.4692499637604
2053,1966,1483,2043,1670,1341,2049,1827,1857,2053,1746,1572,473.7093367576599
2054,1865,1418,2043,1758,1383,2050,1793,1719,2052,1770,1664,473.9634063243866
2045,1757,1336,2050,1961,1494,2054,1754,1518,2052,1810,1802,474.2032883167267
2045,1740,1336,2049,1966,1494,2054,1755,1514,2051,1806,1805,474.45928478240967
2045,1740,1336,2050,1966,1494,2054,1754,1513,2051,1805,1805,474.6989481449127
2044,1820,1367,2053,1854,1428,2054,1796,1624,2050,1787,1715,474.9712471961975
2052,1962,1484,2047,1675,1340,2049,1826,1859,2053,1746,1582,475.2112910747528
2052,1967,1484,2047,1673,1340,2049,1827,1859,2053,1745,1574,475.4672763347626
2052,1967,1484,2047,1673,1340,2049,1826,1859,2053,1746,1574,475.70729064941406
2053,1871,1421,2047,1755,1379,2050,1793,1733,2053,1768,1660,475.9632451534271
2045,1757,1337,2052,1960,1494,2054,1754,1516,2051,1810,1803,476.203204870224
2045,1741,1337,2051,1966,1494,2054,1754,1513,2051,1804,1805,476.46643924713135
2045,1740,1337,2051,1965,1494,2054,1754,1513,2051,1804,1805,476.7384114265442
2044,1825,1369,2052,1847,1422,2055,1796,1632,2051,1784,1707,477.026340007782
2052,1961,1482,2043,1667,1343,2049,1824,1866,2053,1744,1576,477.2983748912811
2052,1972,1483,2043,1660,1343,2050,1823,1868,2053,1744,1560,477.58619928359985
2053,1972,1489,2045,1636,1401,2050,1813,1893,2051,1787,1559,477.85822319984436
2052,1855,1440,2047,1791,1458,2051,1800,1742,2050,1802,1665,478.1461932659149
2052,1630,1374,2047,2000,1496,2048,1808,1509,2050,1794,1803,478.41825222969055
2052,1629,1374,2049,2001,1495,2048,1807,1509,2052,1796,1821,478.7062523365021
2052,1629,1374,2049,2001,1495,2048,1807,1509,2052,1796,1821,478.9782657623291
2050,1700,1418,2052,1871,1426,2048,1817,1653,2051,1775,1726,479.2661476135254
2050,1934,1496,2049,1720,1352,2053,1816,1888,2056,1772,1506,479.538108587265
2051,1971,1493,2049,1685,1351,2052,1796,1897,2056,1776,1503,479.8262667655945
2052,1978,1494,2048,1685,1351,2051,1796,1898,2056,1776,1503,480.0982732772827
2052,1882,1421,2050,1773,1384,2052,1773,1763,2056,1803,1610,480.38609790802
2045,1700,1331,2052,1982,1499,2053,1759,1519,2051,1806,1770,480.6580584049225
2045,1642,1332,2052,1986,1496,2053,1766,1513,2051,1796,1843,480.9460642337799
2045,1642,1332,2052,1986,1496,2053,1765,1513,2051,1796,1843,481.2178385257721
2047,1723,1379,2052,1867,1425,2053,1800,1642,2050,1779,1739,481.50589632987976
2052,1966,1486,2045,1722,1346,2053,1810,1881,2058,1756,1540,481.77793550491333
2052,1975,1484,2045,1703,1346,2053,1797,1887,2057,1753,1540,482.0658724308014
2052,1976,1484,2045,1698,1346,2053,1797,1887,2057,1753,1540,482.33781003952026
2053,1880,1416,2047,1786,1375,2053,1774,1757,2057,1779,1638,482.6259264945984
2046,1715,1332,2049,1977,1499,2053,1763,1516,2051,1798,1788,482.89773321151733
2046,1682,1333,2049,1979,1498,2053,1763,1514,2050,1797,1836,483.1859288215637
2046,1681,1333,2049,1979,1498,2053,1763,1514,2050,1797,1836,483.4577624797821
2046,1773,1363,2054,1864,1425,2053,1801,1637,2051,1780,1735,483.74575424194336
2052,1965,1485,2045,1721,1334,2050,1824,1859,2053,1748,1573,484.017863035202
2052,1966,1485,2045,1719,1334,2050,1824,1862,2053,1748,1572,484.3057210445404
2052,1966,1485,2045,1719,1334,2050,1824,1862,2053,1748,1572,484.5778319835663
2053,1867,1415,2044,1810,1362,2050,1790,1729,2053,1774,1663,484.86558723449707
2046,1770,1330,2047,1971,1490,2053,1761,1528,2051,1809,1777,485.1376073360443
2045,1769,1330,2046,1971,1489,2053,1761,1528,2051,1809,1777,485.4255950450897
2045,1770,1330,2046,1971,1489,2053,1761,1528,2051,1809,1776,485.6974768638611
2045,1848,1363,2049,1853,1418,2054,1798,1647,2050,1790,1686,485.9857008457184
2052,1967,1483,2046,1713,1333,2048,1820,1852,2052,1752,1574,486.25738286972046
2052,1967,1483,2046,1712,1333,2048,1820,1853,2052,1751,1571,486.545494556427
2052,1967,1483,2046,1712,1333,2048,1820,1853,2052,1751,1571,486.81712532043457
2053,1869,1416,2045,1798,1368,2049,1790,1716,2052,1777,1661,487.10568714141846
2045,1786,1332,2047,1968,1488,2054,1754,1527,2050,1810,1779,487.3771142959595
2045,1786,1332,2047,1968,1488,2054,1754,1528,2050,1811,1779,487.6653347015381
2045,1786,1332,2047,1968,1488,2054,1754,1528,2050,1810,1779,487.9372880458832
2044,1859,1361,2050,1853,1419,2054,1793,1643,2050,1791,1686,488.22521114349365
2052,1968,1482,2045,1728,1332,2048,1819,1852,2052,1751,1575,488.4972200393677
2052,1970,1482,2045,1728,1332,2048,1819,1852,2052,1751,1569,488.7854428291321
2052,1970,1482,2045,1728,1332,2048,1819,1852,2052,1751,1569,489.05721831321716
2053,1872,1416,2044,1808,1366,2049,1790,1720,2052,1776,1658,489.34510922431946
2045,1782,1331,2047,1965,1487,2054,1753,1531,2051,1813,1776,489.6173131465912
2045,1781,1331,2047,1965,1487,2054,1753,1531,2051,1812,1776,489.90518260002136
2045,1770,1331,2047,1965,1487,2054,1753,1531,2050,1811,1789,490.17714619636536
2045,1843,1390,2047,1843,1447,2055,1794,1644,2049,1808,1712,490.4651494026184
2051,2001,1500,2050,1628,1401,2050,1811,1892,2051,1809,1543,490.7371520996094
2051,1996,1501,2049,1628,1401,2048,1811,1893,2050,1808,1542,491.0251307487488
2051,1995,1501,2050,1627,1401,2048,1811,1893,2047,1808,1543,491.2970321178436
2051,1844,1455,2049,1772,1457,2050,1802,1744,2049,1802,1663,491.5851180553436
2052,1633,1415,2049,1987,1502,2049,1805,1515,2049,1800,1852,491.85706520080566
2052,1633,1415,2049,1987,1502,2049,1805,1515,2049,1800,1852,492.1449866294861
2052,1633,1415,2050,1987,1502,2049,1805,1515,2049,1800,1852,492.4173674583435
2049,1782,1463,2053,1835,1451,2050,1805,1677,2049,1800,1730,492.7051179409027
2049,1992,1502,2052,1611,1406,2050,1804,1901,2049,1800,1553,492.9769494533539
2050,1993,1502,2052,1611,1406,2049,1804,1901,2047,1800,1553,493.26508951187134
2050,1992,1502,2052,1611,1405,2049,1805,1901,2049,1799,1552,493.53712916374207
2052,1832,1455,2050,1762,1462,2050,1801,1741,2049,1799,1675,493.82488322257996
2053,1631,1415,2047,1987,1502,2049,1800,1515,2050,1798,1855,494.09713649749756
2053,1632,1415,2047,1987,1502,2049,1802,1515,2049,1800,1855,494.38502836227417
2053,1631,1415,2048,1986,1503,2052,1800,1515,2049,1797,1855,494.6575644016266
2051,1775,1462,2048,1840,1451,2048,1801,1672,2051,1798,1732,494.94587659835815
2050,1995,1502,2050,1611,1406,2049,1801,1900,2049,1800,1535,495.2173306941986
2051,1995,1503,2050,1611,1406,2049,1802,1900,2049,1800,1535,495.50480246543884
2051,1994,1503,2050,1610,1407,2049,1801,1900,2051,1797,1535,495.77678513526917
2051,1858,1453,2048,1771,1459,2048,1806,1739,2052,1807,1659,496.0647110939026
2052,1638,1411,2050,2000,1505,2048,1805,1511,2050,1803,1849,496.33700013160706
2049,1638,1406,2049,2001,1504,2047,1804,1511,2046,1803,1849,496.6250596046448
2049,1638,1391,2050,2000,1504,2048,1801,1510,2046,1801,1849,496.89660906791687
2047,1735,1437,2050,1846,1451,2049,1805,1672,2047,1803,1726,497.18471002578735
2043,1881,1496,2045,1607,1384,2053,1803,1895,2058,1803,1507,497.45653533935547
2042,1936,1485,2047,1606,1387,2052,1803,1895,2058,1802,1495,497.7443368434906
2042,1952,1485,2047,1607,1385,2052,1802,1895,2058,1803,1490,498.0165891647339
2044,1850,1420,2049,1694,1438,2058,1787,1769,2058,1812,1582,498.30480670928955
2044,1662,1355,2052,1977,1495,2056,1762,1514,2055,1794,1820,498.57673263549805
2045,1636,1358,2053,1990,1494,2056,1766,1507,2055,1789,1864,498.86431193351746
2045,1636,1358,2053,1990,1494,2056,1766,1507,2055,1789,1864,499.1367518901825
2046,1714,1403,2052,1873,1422,2056,1801,1636,2056,1772,1757,499.42449426651
2050,1957,1481,2048,1688,1355,2055,1803,1890,2064,1749,1545,499.69690585136414
2050,1978,1481,2049,1662,1355,2055,1796,1895,2063,1747,1540,499.9846923351288
2050,1978,1481,2049,1662,1355,2054,1797,1895,2063,1747,1540,500.2563741207123
2052,1880,1413,2050,1750,1397,2055,1775,1757,2062,1772,1642,500.5446767807007
2045,1687,1337,2052,1983,1494,2055,1763,1513,2059,1791,1811,500.8163335323334
2045,1653,1337,2052,1989,1493,2055,1763,1508,2056,1789,1865,501.1042764186859
2045,1653,1337,2052,1989,1493,2055,1763,1508,2056,1789,1865,501.3763062953949
2046,1736,1384,2052,1873,1421,2055,1797,1635,2057,1774,1759,501.6645882129669
2051,1964,1471,2047,1699,1349,2054,1804,1882,2061,1747,1570,501.9365465641022
2052,1964,1470,2048,1697,1349,2054,1803,1882,2061,1747,1569,502.22429609298706
2051,1964,1471,2048,1697,1349,2054,1803,1882,2061,1747,1569,502.49617886543274
2052,1864,1409,2049,1790,1384,2054,1778,1741,2060,1770,1663,502.78431272506714
2045,1673,1339,2050,1984,1494,2053,1767,1512,2056,1792,1840,503.05629801750183
2045,1653,1339,2050,1987,1493,2053,1767,1505,2055,1793,1876,503.34445095062256
2045,1653,1339,2051,1987,1493,2053,1767,1505,2055,1793,1876,503.61633467674255
2046,1745,1383,2051,1875,1419,2054,1803,1632,2056,1778,1766,503.90433406829834
2052,1968,1471,2046,1699,1347,2052,1806,1880,2058,1745,1564,504.17629528045654
2052,1970,1470,2047,1694,1347,2052,1804,1880,2058,1744,1560,504.4643409252167
2052,1970,1470,2047,1694,1347,2052,1804,1880,2058,1744,1560,504.73625326156616
2053,1871,1408,2047,1786,1384,2052,1779,1741,2057,1769,1656,505.02424144744873
2045,1683,1338,2051,1985,1494,2053,1765,1512,2054,1793,1830,505.296258687973
2046,1659,1338,2051,1992,1493,2052,1765,1509,2054,1793,1871,505.5842659473419
2046,1659,1338,2051,1992,1493,2052,1765,1509,2054,1793,1871,505.8561177253723
2046,1743,1378,2052,1880,1422,2052,1800,1632,2055,1777,1770,506.14405393600464
2052,1968,1468,2047,1696,1346,2053,1806,1879,2060,1744,1572,506.4162452220917
2052,1967,1468,2048,1695,1346,2052,1805,1879,2060,1743,1570,506.704172372818
2051,1967,1468,2048,1695,1346,2053,1805,1879,2059,1744,1570,506.9760823249817
2053,1870,1407,2049,1791,1380,2053,1780,1744,2059,1767,1663,507.26424288749695
2046,1676,1339,2050,1986,1493,2053,1770,1513,2054,1792,1842,507.5362193584442
2046,1659,1338,2050,1989,1493,2053,1770,1509,2054,1792,1872,507.8239390850067
2046,1659,1338,2051,1989,1493,2053,1770,1509,2054,1793,1872,508.09600138664246
2047,1744,1382,2051,1874,1420,2053,1805,1630,2055,1777,1766,508.38390612602234
2053,1968,1468,2047,1692,1352,2052,1810,1879,2059,1747,1563,508.65627932548523
2053,1968,1468,2047,1688,1352,2052,1809,1879,2059,1747,1562,508.9209637641907
2052,1968,1468,2046,1688,1352,2052,1809,1879,2059,1747,1562,509.16106247901917
2053,1875,1412,2047,1781,1383,2053,1781,1749,2059,1770,1648,509.41703152656555
2046,1679,1337,2052,1986,1494,2052,1770,1514,2054,1793,1815,509.6574878692627
2046,1644,1338,2051,1997,1493,2052,1771,1510,2054,1793,1872,509.9127299785614
2047,1644,1338,2051,1997,1493,2052,1771,1509,2054,1793,1872,510.15486764907837
2047,1731,1382,2052,1885,1420,2053,1804,1631,2055,1776,1767,510.40861773490906
2052,1936,1474,2049,1687,1355,2053,1808,1889,2061,1751,1536,510.64872574806213
2052,1977,1476,2049,1664,1354,2051,1804,1890,2061,1762,1506,510.9122247695923
2052,1977,1475,2049,1664,1354,2051,1804,1890,2061,1762,1506,511.18418288230896
2053,1876,1411,2050,1761,1393,2051,1779,1751,2061,1789,1606,511.4719429016113
2045,1658,1337,2052,1989,1495,2052,1765,1514,2056,1794,1810,511.74403142929077
2047,1636,1347,2052,1994,1493,2052,1767,1508,2056,1795,1860,512.0320706367493
2047,1636,1347,2052,1994,1493,2052,1767,1508,2056,1795,1860,512.3040227890015
2049,1720,1395,2052,1877,1420,2053,1802,1636,2056,1776,1752,512.5920429229736
2055,1923,1485,2047,1680,1352,2053,1806,1892,2067,1745,1527,512.8639731407166
2054,1927,1487,2047,1675,1352,2054,1806,1895,2067,1745,1523,513.151926279068
2053,1984,1500,2048,1664,1382,2053,1807,1895,2061,1791,1523,513.423900604248
2052,1849,1455,2051,1776,1457,2053,1809,1744,2058,1805,1648,513.7118730545044
2054,1646,1410,2048,2002,1499,2053,1808,1508,2058,1803,1846,513.9838168621063
2053,1645,1400,2049,2001,1501,2053,1809,1508,2058,1802,1846,514.2717611789703
2053,1645,1397,2050,2000,1502,2053,1808,1508,2053,1806,1846,514.5436499118805
2052,1789,1458,2048,1852,1451,2053,1810,1670,2054,1802,1728,514.8316857814789
2052,1998,1502,2048,1625,1404,2053,1810,1896,2054,1804,1535,515.1036794185638
2052,1999,1502,2049,1625,1401,2053,1811,1896,2053,1804,1535,515.3918585777283
2045,2000,1493,2050,1621,1394,2061,1809,1897,2053,1803,1534,515.6638097763062
2047,1894,1421,2051,1700,1440,2060,1779,1757,2053,1812,1621,515.9516921043396
2046,1685,1357,2051,1985,1491,2058,1759,1517,2052,1800,1798,516.2237205505371
2046,1648,1359,2050,1989,1490,2058,1759,1511,2051,1793,1848,516.5118222236633
2046,1648,1359,2050,1989,1490,2058,1759,1511,2051,1793,1848,516.7837245464325
2047,1735,1395,2052,1874,1417,2058,1795,1636,2052,1778,1745,517.0716080665588
2052,1969,1480,2046,1706,1338,2052,1802,1878,2056,1753,1564,517.343551158905
2052,1969,1480,2046,1704,1338,2051,1802,1878,2056,1753,1559,517.6316134929657
2052,1969,1480,2046,1704,1338,2051,1802,1878,2055,1753,1559,517.9036147594452
2052,1868,1416,2047,1799,1370,2052,1777,1746,2055,1778,1651,518.1916947364807
2046,1678,1340,2051,1989,1485,2053,1759,1515,2051,1794,1817,518.4636406898499
2046,1651,1341,2051,1994,1484,2053,1760,1511,2051,1795,1859,518.7515375614166
2046,1651,1341,2051,1994,1484,2053,1760,1511,2051,1795,1860,519.0236685276031
2047,1744,1387,2052,1880,1414,2053,1795,1632,2051,1781,1753,519.311621427536
2054,1967,1479,2046,1712,1340,2053,1805,1874,2056,1752,1573,519.5836112499237
2054,1968,1478,2046,1704,1340,2052,1802,1880,2056,1751,1572,519.871666431427
2054,1969,1478,2046,1704,1340,2052,1802,1880,2056,1751,1571,520.1434597969055
2055,1870,1414,2047,1795,1369,2053,1779,1742,2056,1777,1661,520.4314017295837
2047,1681,1340,2053,1987,1486,2053,1767,1515,2052,1797,1812,520.7033929824829
2047,1648,1340,2053,1999,1486,2053,1767,1513,2051,1794,1855,520.9914841651917
2047,1648,1340,2052,1999,1486,2053,1767,1513,2051,1794,1855,521.263551235199
2047,1735,1386,2052,1886,1414,2053,1801,1638,2053,1778,1752,521.5513823032379
2053,1975,1478,2046,1707,1338,2052,1802,1869,2056,1746,1582,521.8235788345337
2053,1975,1479,2046,1704,1338,2052,1802,1877,2056,1746,1582,522.1115016937256
2053,1975,1479,2045,1704,1338,2052,1803,1877,2056,1746,1582,522.3833999633789
2053,1873,1413,2047,1803,1364,2052,1779,1741,2054,1769,1672,522.6712718009949
2049,1687,1339,2052,1987,1483,2052,1766,1516,2051,1793,1834,522.9434592723846
2050,1674,1339,2052,1989,1483,2052,1766,1514,2051,1794,1860,523.2315039634705
2050,1674,1339,2052,1989,1483,2052,1766,1514,2051,1794,1860,523.5034046173096
2050,1755,1380,2052,1881,1415,2053,1800,1633,2052,1779,1757,523.791396856308
2054,1972,1473,2047,1715,1339,2052,1808,1872,2056,1743,1583,524.0632774829865
2054,1973,1472,2047,1711,1339,2052,1806,1873,2056,1743,1583,524.3512048721313
2054,1973,1472,2047,1711,1339,2052,1806,1873,2056,1743,1583,524.6232550144196
2055,1875,1409,2048,1806,1367,2052,1779,1737,2055,1767,1671,524.9112281799316
2049,1693,1337,2053,1982,1486,2053,1769,1513,2051,1793,1840,525.1613128185272
2050,1680,1337,2053,1983,1486,2053,1769,1509,2050,1794,1861,525.4157423973083
2050,1681,1337,2053,1983,1486,2053,1769,1509,2050,1794,1862,525.6555647850037
2049,1759,1374,2053,1877,1421,2053,1804,1626,2053,1780,1762,525.9116492271423
2054,1976,1469,2047,1713,1344,2053,1806,1876,2059,1751,1574,526.156129360199
2054,1976,1469,2048,1705,1344,2052,1803,1877,2059,1751,1570,526.4075441360474
2054,1976,1469,2048,1705,1344,2052,1803,1877,2059,1750,1570,526.6475915908813
2054,1878,1410,2049,1794,1370,2053,1779,1751,2058,1774,1655,526.9036180973053
2047,1695,1338,2053,1980,1489,2053,1770,1514,2054,1794,1815,527.1436285972595
2049,1679,1338,2053,1977,1490,2053,1769,1507,2050,1797,1840,527.3995208740234
2049,1679,1338,2053,1977,1490,2053,1770,1505,2050,1797,1840,527.6396481990814
2049,1760,1375,2052,1867,1425,2053,1805,1624,2052,1780,1744,527.895628452301
2054,1955,1473,2045,1707,1341,2050,1809,1882,2059,1746,1568,528.1356072425842
2053,2003,1483,2047,1694,1350,2052,1807,1882,2055,1775,1551,528.3915030956268
2051,1996,1501,2050,1640,1403,2052,1808,1883,2052,1802,1551,528.631557226181
2052,1865,1454,2050,1780,1457,2050,1806,1739,2052,1806,1660,528.8874049186707
2053,1646,1410,2050,2001,1503,2050,1805,1508,2053,1803,1843,529.1275401115417
2053,1646,1410,2050,2000,1503,2050,1804,1508,2052,1803,1844,529.3835737705231
2053,1646,1410,2050,2000,1503,2051,1804,1508,2052,1803,1844,529.6234200000763
2052,1792,1457,2046,1867,1439,2051,1806,1655,2055,1792,1738,529.8794822692871
2051,1995,1487,2049,1630,1383,2051,1806,1882,2053,1793,1535,530.119265794754
2053,1998,1499,2049,1628,1391,2050,1803,1889,2054,1802,1529,530.3753061294556
2050,2000,1491,2050,1603,1393,2051,1800,1896,2052,1799,1509,530.6152002811432
2053,1911,1423,2051,1680,1435,2051,1775,1765,2052,1813,1588,530.8713319301605
2045,1758,1337,2053,1979,1487,2053,1747,1523,2052,1805,1802,531.1113262176514
2046,1702,1338,2053,1985,1485,2053,1747,1518,2050,1793,1860,531.3675670623779
2046,1702,1337,2053,1986,1486,2053,1746,1516,2050,1793,1860,531.6073324680328
2046,1781,1366,2052,1878,1420,2052,1786,1632,2052,1779,1762,531.863287448883
2054,1968,1470,2046,1698,1340,2050,1811,1865,2056,1751,1585,532.1034216880798
2054,1971,1470,2046,1697,1340,2050,1811,1865,2056,1750,1579,532.3592357635498
2054,1971,1470,2046,1697,1339,2050,1811,1865,2056,1751,1579,532.5992298126221
2055,1873,1412,2047,1788,1365,2050,1783,1742,2055,1772,1663,532.855174779892
2046,1722,1333,2053,1983,1487,2053,1761,1522,2052,1796,1803,533.0953495502472
2046,1674,1333,2053,1991,1486,2052,1761,1513,2051,1793,1859,533.3511354923248
2046,1674,1333,2052,1992,1486,2053,1761,1513,2050,1793,1859,533.5910346508026
2046,1765,1362,2052,1887,1421,2052,1800,1626,2052,1780,1763,533.8470885753632
2053,1968,1475,2046,1706,1340,2050,1817,1864,2055,1746,1582,534.0870497226715
2054,1968,1475,2046,1697,1340,2049,1816,1872,2055,1745,1574,534.3433578014374
2054,1968,1475,2046,1697,1340,2049,1817,1872,2055,1745,1574,534.5832920074463
2055,1879,1416,2046,1781,1368,2050,1786,1747,2055,1769,1658,534.8393330574036
2046,1710,1333,2051,1989,1491,2052,1767,1519,2051,1794,1805,535.0795185565948
2046,1680,1334,2051,1989,1490,2052,1767,1513,2050,1794,1849,535.3425872325897
2046,1680,1334,2051,1989,1490,2052,1767,1513,2050,1794,1849,535.6147661209106
2046,1761,1368,2052,1874,1418,2052,1802,1633,2053,1781,1747,535.902694940567
2053,1969,1474,2045,1687,1345,2051,1808,1875,2057,1750,1543,536.1747863292694
2053,1974,1475,2045,1686,1345,2051,1806,1876,2057,1749,1538,536.4626886844635
2053,1974,1475,2045,1686,1345,2051,1806,1877,2058,1749,1538,536.7346506118774
2054,1876,1411,2046,1783,1373,2052,1780,1742,2056,1775,1633,537.0226066112518
2046,1686,1336,2051,1987,1491,2052,1772,1516,2051,1794,1818,537.2945470809937
2046,1661,1336,2051,1992,1491,2052,1772,1510,2051,1794,1855,537.5822751522064
2046,1662,1336,2051,1992,1491,2052,1772,1511,2051,1794,1855,537.8543050289154
2046,1745,1383,2052,1876,1420,2052,1805,1634,2051,1779,1752,538.1423001289368
2052,1963,1477,2046,1677,1348,2052,1808,1878,2056,1751,1526,538.4142446517944
2052,1974,1477,2045,1670,1347,2051,1802,1880,2056,1751,1518,538.7023105621338
2052,1974,1477,2045,1670,1347,2051,1802,1880,2056,1751,1518,538.9743349552155
2053,1876,1413,2046,1767,1384,2051,1779,1746,2054,1777,1620,539.2624552249908
2045,1695,1336,2051,1988,1491,2052,1765,1518,2051,1794,1812,539.5342769622803
2045,1666,1337,2051,1990,1491,2052,1765,1511,2051,1794,1857,539.82217669487
2045,1666,1337,2051,1990,1491,2052,1765,1510,2051,1794,1857,540.0940902233124
2045,1752,1381,2051,1873,1420,2052,1801,1632,2053,1779,1753,540.3818981647491
2053,1968,1477,2045,1680,1347,2051,1808,1877,2057,1750,1534,540.6539206504822
2053,1975,1477,2045,1674,1347,2051,1803,1878,2057,1749,1527,540.9418869018555
2053,1975,1477,2045,1673,1347,2051,1803,1878,2057,1749,1527,541.2139232158661
2054,1876,1414,2046,1771,1382,2051,1779,1745,2056,1775,1626,541.5020151138306
2046,1691,1337,2051,1988,1491,2052,1765,1518,2052,1794,1816,541.7738182544708
2046,1664,1337,2050,1991,1491,2052,1765,1512,2051,1794,1859,542.0614621639252
2046,1664,1337,2050,1991,1491,2052,1765,1511,2051,1794,1860,542.3334176540375
2046,1753,1384,2052,1876,1418,2053,1797,1638,2054,1778,1756,542.6218433380127
2054,1983,1486,2043,1696,1338,2052,1803,1892,2061,1749,1574,542.8937547206879
2053,2000,1485,2044,1680,1338,2053,1800,1892,2061,1750,1548,543.1816051006317
2053,2001,1486,2044,1679,1338,2053,1799,1893,2061,1750,1544,543.453296661377
2054,1894,1418,2044,1756,1374,2053,1780,1758,2062,1771,1638,543.7417240142822
2053,1678,1388,2043,1988,1488,2053,1803,1512,2058,1802,1806,544.0134329795837
2053,1661,1401,2046,2000,1501,2052,1803,1512,2049,1803,1830,544.3015978336334
2053,1661,1401,2048,2001,1500,2053,1795,1512,2050,1802,1837,544.5736479759216
2052,1790,1455,2048,1853,1449,2050,1802,1665,2052,1803,1725,544.8615670204163
2052,2001,1500,2049,1631,1401,2051,1797,1890,2051,1804,1534,545.1332814693451
2052,1998,1500,2049,1631,1401,2052,1795,1896,2050,1804,1534,545.4216015338898
2051,1997,1491,2049,1630,1400,2052,1793,1903,2050,1799,1516,545.6936089992523
2050,1916,1410,2051,1716,1438,2051,1771,1768,2052,1815,1587,545.981472492218
2046,1758,1336,2053,1971,1487,2053,1737,1528,2051,1814,1802,546.2531061172485
2046,1746,1337,2053,1973,1486,2053,1737,1527,2051,1801,1805,546.5410764217377
2046,1746,1337,2053,1973,1486,2053,1737,1527,2051,1801,1805,546.8130528926849
2045,1828,1368,2052,1857,1417,2053,1773,1652,2051,1788,1708,547.101238489151
2051,1979,1466,2048,1673,1346,2049,1804,1877,2053,1754,1556,547.3733446598053
2051,1998,1466,2049,1663,1346,2050,1802,1878,2053,1755,1531,547.6613008975983
2051,1998,1466,2049,1663,1346,2050,1802,1877,2053,1755,1531,547.9330561161041
2053,1904,1406,2050,1753,1387,2051,1778,1752,2053,1780,1624,548.2212405204773
2045,1756,1334,2054,1971,1485,2054,1741,1525,2051,1809,1788,548.4932541847229
2045,1756,1334,2054,1970,1485,2054,1741,1523,2051,1809,1788,548.7813868522644
2045,1756,1334,2054,1971,1486,2054,1741,1523,2051,1809,1788,549.0532810688019
2045,1835,1368,2052,1851,1419,2054,1784,1644,2050,1790,1693,549.3415746688843
2051,1987,1467,2049,1680,1345,2051,1808,1875,2053,1754,1573,549.6133766174316
2051,1990,1467,2049,1680,1345,2051,1808,1875,2053,1753,1565,549.901341676712
2051,1989,1467,2049,1680,1345,2051,1807,1875,2053,1753,1565,550.1731877326965
2053,1894,1404,2049,1772,1384,2051,1779,1742,2052,1776,1659,550.461193561554
2045,1761,1335,2053,1969,1486,2054,1741,1530,2051,1808,1789,550.733204126358
2045,1762,1334,2053,1969,1486,2053,1742,1528,2051,1808,1789,551.0212330818176
2045,1762,1334,2053,1969,1486,2053,1742,1528,2051,1808,1789,551.293294429779
2044,1838,1365,2052,1851,1419,2054,1781,1647,2050,1791,1695,551.5811250209808
2050,1990,1464,2047,1673,1343,2050,1804,1876,2053,1759,1542,551.8530938625336
2051,2008,1463,2046,1635,1345,2053,1805,1876,2051,1773,1523,552.1407754421234
2051,1996,1501,2048,1616,1403,2049,1792,1904,2051,1787,1522,552.4134368896484
2051,1859,1454,2048,1744,1459,2049,1793,1749,2051,1802,1650,552.7009761333466
2051,1645,1402,2050,1987,1503,2052,1795,1501,2057,1793,1849,552.9730370044708
2046,1638,1398,2049,1993,1502,2051,1795,1496,2054,1786,1872,553.2609930038452
2046,1624,1396,2047,1994,1495,2051,1795,1501,2054,1786,1872,553.532928943634
2046,1693,1433,2047,1882,1425,2052,1820,1623,2053,1768,1768,553.8208866119385
2046,1885,1492,2047,1656,1360,2052,1817,1889,2057,1777,1488,554.093124628067
2047,1961,1491,2047,1636,1359,2051,1799,1895,2057,1800,1479,554.3811357021332
2047,1961,1491,2046,1636,1359,2051,1799,1895,2057,1800,1480,554.6530637741089
2050,1860,1425,2047,1740,1401,2052,1777,1764,2057,1817,1566,554.9406442642212
2045,1655,1341,2051,1987,1496,2052,1758,1517,2052,1815,1780,555.1907706260681
2045,1633,1344,2052,1993,1496,2052,1760,1512,2053,1808,1816,555.4460277557373
2045,1633,1344,2052,1993,1496,2052,1760,1512,2053,1808,1816,555.6860182285309
2045,1709,1389,2052,1882,1429,2052,1793,1635,2053,1790,1723,555.9419391155243
2050,1907,1487,2046,1665,1362,2052,1806,1890,2057,1777,1493,556.2050051689148
2051,1966,1487,2045,1647,1362,2052,1797,1896,2056,1792,1491,556.4928503036499
2051,1967,1487,2046,1647,1362,2052,1797,1896,2056,1791,1491,556.7650279998779
2053,1871,1423,2047,1743,1398,2052,1777,1766,2056,1812,1582,557.053050994873
2045,1651,1341,2051,1984,1496,2052,1762,1515,2052,1817,1784,557.3248772621155
2045,1632,1347,2052,1992,1496,2052,1763,1510,2053,1808,1815,557.6128430366516
2045,1632,1347,2052,1992,1496,2052,1763,1510,2053,1808,1815,557.8844666481018
2046,1713,1397,2053,1874,1426,2052,1796,1633,2054,1789,1715,558.1727778911591
2051,1877,1443,2047,1703,1364,2053,1752,1706,2057,1767,1470,558.4607458114624
2046,1847,1416,2050,1754,1392,2053,1710,1458,2057,1771,1423,558.7484812736511
2046,1846,1416,2050,1754,1392,2053,1709,1458,2057,1771,1422,559.0366930961609
2046,1846,1416,2049,1753,1392,2053,1710,1458,2057,1771,1422,559.3246445655823
2046,1846,1416,2049,1754,1392,2053,1709,1458,2057,1771,1422,559.6125433444977
2046,1846,1416,2050,1754,1392,2053,1709,1458,2057,1771,1422,559.9005482196808
2046,1846,1416,2050,1754,1392,2053,1709,1458,2057,1771,1422,560.1884913444519
2046,1846,1416,2050,1754,1392,2053,1709,1458,2057,1771,1422,560.4762806892395
2046,1846,1416,2050,1754,1392,2053,1709,1458,2057,1771,1422,560.7645618915558
2046,1846,1416,2050,1754,1392,2053,1709,1458,2057,1771,1422,561.0522937774658
2046,1846,1416,2050,1754,1392,2053,1710,1458,2057,1771,1422,561.3402163982391
2046,1846,1416,2049,1754,1392,2053,1709,1458,2057,1771,1422,561.6123006343842
2047,1798,1383,2050,1842,1421,2053,1712,1469,2057,1817,1517,561.9002978801727
2045,1635,1345,2050,1987,1495,2052,1752,1501,2053,1840,1747,562.1725854873657
2047,1619,1374,2050,1989,1494,2052,1783,1500,2056,1823,1791,562.4604384899139
2047,1619,1374,2050,1989,1494,2052,1783,1500,2056,1823,1791,562.7326242923737
2049,1697,1421,2054,1866,1427,2053,1812,1630,2053,1796,1693,563.0203378200531
2050,1926,1491,2049,1658,1356,2052,1813,1889,2057,1785,1486,563.2924706935883
2050,1965,1491,2049,1649,1356,2052,1800,1891,2056,1796,1485,563.5804216861725
2049,1965,1491,2049,1649,1355,2052,1800,1891,2056,1796,1485,563.8524050712585
2052,1864,1421,2050,1755,1394,2052,1779,1758,2056,1817,1572,564.1402812004089
2045,1650,1345,2047,1983,1497,2052,1762,1514,2052,1815,1786,564.4121670722961
2045,1638,1346,2050,1996,1496,2052,1764,1508,2053,1809,1812,564.7001962661743
2045,1637,1346,2049,1996,1496,2052,1763,1508,2053,1809,1812,564.9724192619324
2045,1716,1395,2054,1876,1424,2053,1799,1630,2053,1788,1711,565.2604193687439
2050,1933,1487,2049,1665,1359,2052,1809,1887,2056,1785,1491,565.5323312282562
2050,1963,1487,2049,1656,1359,2052,1801,1889,2057,1793,1491,565.8203582763672
2050,1963,1487,2049,1656,1359,2052,1801,1890,2057,1792,1491,566.0923578739166
2052,1860,1421,2050,1755,1396,2052,1779,1753,2056,1811,1587,566.3801629543304
2045,1657,1341,2053,1982,1494,2052,1764,1513,2052,1809,1790,566.652028799057
2045,1639,1343,2053,1981,1494,2052,1764,1505,2052,1805,1821,566.9403738975525
2046,1642,1347,2044,1990,1494,2051,1765,1505,2052,1794,1826,567.2122979164124
2047,1711,1422,2046,1892,1412,2052,1798,1636,2053,1765,1787,567.499951839447
2049,1925,1487,2046,1658,1365,2051,1808,1889,2057,1754,1509,567.7722322940826
2049,1989,1486,2046,1648,1361,2051,1798,1890,2057,1787,1487,568.0601906776428
2049,1989,1486,2046,1648,1361,2051,1798,1890,2057,1787,1487,568.3320152759552
2051,1892,1418,2047,1749,1398,2051,1776,1761,2058,1811,1581,568.619738817215
2044,1666,1340,2047,1987,1496,2052,1762,1515,2054,1810,1789,568.892064332962
2045,1635,1344,2049,1995,1493,2052,1764,1508,2055,1801,1833,569.1798312664032
2045,1635,1344,2049,1995,1493,2052,1763,1508,2055,1800,1833,569.4520056247711
2045,1717,1392,2054,1880,1424,2052,1797,1632,2055,1782,1728,569.7402575016022
2049,1942,1483,2049,1658,1359,2052,1804,1890,2058,1782,1488,570.0137565135956
2049,1975,1483,2049,1649,1358,2051,1797,1893,2058,1793,1486,570.3003482818604
2049,1975,1483,2049,1649,1358,2051,1797,1893,2058,1793,1486,570.5719666481018
2050,1877,1418,2050,1748,1393,2051,1777,1761,2059,1815,1576,570.8599207401276
2044,1658,1341,2052,1986,1496,2052,1759,1515,2055,1813,1786,571.1319251060486
2045,1634,1344,2053,1993,1496,2052,1760,1509,2055,1803,1822,571.419774055481
2045,1634,1343,2052,1994,1496,2052,1761,1506,2056,1805,1822,571.6918885707855
2044,1713,1384,2053,1876,1426,2053,1798,1622,2054,1786,1720,571.9797496795654
2046,1964,1501,2053,1631,1401,2053,1813,1892,2053,1787,1526,572.2518217563629
2046,1983,1501,2053,1631,1401,2053,1812,1892,2052,1798,1526,572.5397942066193
2046,1983,1501,2053,1631,1401,2053,1812,1892,2052,1800,1526,572.8118047714233
2047,1849,1456,2053,1779,1457,2052,1804,1741,2054,1814,1634,573.0995144844055
2049,1638,1410,2053,1998,1501,2052,1805,1510,2052,1807,1847,573.3717851638794
2049,1638,1410,2053,1999,1500,2053,1805,1509,2052,1797,1848,573.659544467926
2047,1635,1396,2053,2000,1494,2053,1804,1495,2052,1795,1849,573.9316189289093
2049,1713,1439,2049,1885,1417,2052,1819,1611,2053,1779,1747,574.219687461853
2051,1957,1481,2047,1656,1356,2053,1817,1882,2056,1758,1510,574.4917225837708
2051,1987,1481,2047,1647,1355,2053,1810,1883,2056,1773,1495,574.7797043323517
2051,1987,1481,2047,1647,1355,2053,1810,1883,2056,1773,1496,575.0516016483307
2053,1887,1415,2047,1741,1402,2053,1782,1750,2055,1797,1595,575.3396754264832
2045,1707,1338,2053,1982,1489,2053,1753,1522,2052,1803,1795,575.6116664409637
2045,1690,1338,2053,1983,1489,2053,1753,1520,2052,1800,1821,575.8993399143219
2045,1690,1338,2053,1983,1489,2052,1753,1519,2052,1800,1821,576.1713666915894
2045,1775,1374,2053,1865,1420,2052,1788,1642,2053,1787,1719,576.4595909118652
2052,1970,1474,2045,1681,1345,2051,1810,1865,2054,1751,1575,576.7312955856323
2052,1970,1474,2045,1676,1345,2051,1810,1865,2054,1751,1571,577.0193796157837
2052,1970,1474,2045,1676,1345,2051,1810,1865,2054,1751,1571,577.2913591861725
2053,1872,1412,2045,1766,1383,2051,1783,1730,2054,1775,1663,577.5792107582092
2044,1702,1338,2053,1984,1488,2053,1758,1524,2052,1804,1795,577.8514564037323
2045,1690,1338,2053,1984,1488,2053,1757,1523,2052,1803,1814,578.1395754814148
2045,1690,1338,2053,1984,1488,2053,1757,1523,2052,1803,1814,578.4117081165314
2045,1773,1376,2053,1872,1422,2053,1791,1641,2052,1786,1718,578.6994094848633
2053,1976,1474,2045,1682,1341,2052,1813,1863,2054,1749,1581,578.9714124202728
2053,1976,1474,2045,1680,1341,2051,1813,1865,2054,1749,1581,579.2594108581543
2053,1977,1474,2045,1680,1341,2051,1813,1865,2054,1749,1581,579.5314235687256
2054,1879,1411,2045,1771,1376,2052,1783,1731,2054,1770,1672,579.8193254470825
2045,1711,1338,2053,1984,1484,2052,1761,1528,2052,1800,1791,580.0913937091827
2045,1710,1338,2053,1984,1484,2052,1761,1527,2052,1801,1802,580.379016160965
2045,1710,1338,2053,1984,1484,2052,1761,1527,2052,1801,1802,580.6513409614563
2045,1794,1371,2053,1870,1416,2053,1793,1650,2053,1787,1706,580.9395258426666
2053,1974,1472,2046,1677,1342,2051,1812,1867,2054,1752,1565,581.2113304138184
2053,1974,1471,2046,1675,1342,2051,1812,1867,2054,1752,1564,581.4990983009338
2053,1975,1472,2046,1675,1342,2051,1812,1867,2054,1752,1564,581.7714684009552
2053,1876,1410,2047,1765,1382,2051,1784,1732,2054,1776,1658,582.0592360496521
2045,1712,1338,2053,1984,1483,2053,1758,1528,2052,1800,1793,582.3310625553131
2045,1705,1338,2053,1984,1483,2053,1758,1528,2052,1800,1807,582.6191310882568
2045,1705,1338,2053,1984,1483,2053,1758,1528,2052,1800,1807,582.8908474445343
2045,1788,1371,2053,1871,1415,2053,1791,1647,2053,1786,1711,583.1791162490845
2053,1973,1470,2047,1678,1343,2051,1810,1867,2055,1752,1573,583.450798034668
2053,1973,1470,2047,1675,1343,2050,1811,1867,2054,1752,1572,583.7390646934509
2053,1973,1470,2047,1675,1343,2051,1811,1867,2054,1752,1572,584.0110914707184
2054,1877,1409,2047,1766,1381,2051,1783,1732,2054,1776,1662,584.2990448474884
2045,1714,1338,2053,1984,1483,2053,1756,1528,2052,1801,1799,584.5710108280182
2045,1704,1338,2054,1985,1483,2053,1755,1526,2052,1801,1817,584.859100818634
2045,1705,1338,2053,1985,1483,2053,1755,1526,2052,1801,1817,585.1312532424927
2045,1789,1371,2053,1872,1414,2053,1790,1647,2053,1787,1718,585.4194505214691
2053,1971,1468,2047,1678,1342,2051,1810,1868,2054,1750,1572,585.6917009353638
2053,1972,1468,2047,1677,1342,2050,1810,1868,2054,1750,1570,585.9791069030762
2053,1972,1468,2047,1677,1342,2050,1810,1868,2054,1750,1570,586.2511606216431
2054,1875,1408,2047,1771,1381,2051,1781,1733,2054,1774,1663,586.5391743183136
2046,1715,1338,2053,1984,1483,2053,1756,1528,2052,1801,1795,586.81112241745
2046,1703,1338,2053,1984,1483,2053,1756,1528,2052,1800,1812,587.0989971160889
2046,1703,1338,2053,1984,1483,2053,1756,1528,2052,1800,1812,587.3709535598755
2046,1790,1371,2053,1872,1415,2054,1791,1646,2052,1785,1715,587.6592442989349
2053,1971,1470,2047,1683,1340,2051,1810,1867,2054,1749,1579,587.931348323822
2053,1971,1470,2047,1676,1340,2050,1810,1867,2054,1748,1574,588.2190790176392
2053,1970,1469,2047,1676,1340,2051,1810,1867,2054,1748,1574,588.4909598827362
2053,1883,1407,2049,1756,1405,2053,1779,1756,2057,1772,1665,588.7790462970734
2051,1695,1348,2048,1993,1489,2053,1762,1523,2046,1804,1835,589.0510332584381
2050,1662,1402,2050,1995,1501,2052,1800,1515,2051,1804,1835,589.3389768600464
2050,1660,1402,2049,1995,1501,2052,1802,1515,2051,1804,1837,589.6109635829926
2050,1786,1456,2049,1850,1452,2051,1804,1668,2052,1798,1725,589.8989005088806
2050,1990,1502,2050,1616,1406,2051,1803,1899,2051,1801,1539,590.170821428299
2050,1990,1502,2050,1616,1406,2051,1803,1899,2051,1800,1539,590.4588224887848
2050,1990,1502,2050,1616,1406,2051,1803,1899,2051,1800,1539,590.7309041023254
2050,1847,1456,2050,1764,1458,2049,1800,1750,2051,1802,1659,591.0188086032867
2051,1635,1415,2050,1989,1502,2050,1801,1513,2052,1800,1851,591.2908153533936
2051,1635,1415,2049,1989,1502,2050,1800,1513,2051,1800,1851,591.5787844657898
2051,1635,1415,2050,1989,1502,2050,1800,1513,2051,1800,1851,591.850837469101
2050,1772,1463,2050,1836,1453,2051,1801,1677,2051,1798,1732,592.1388049125671
2050,1985,1502,2051,1611,1407,2050,1800,1900,2051,1800,1543,592.410781621933
2050,1985,1502,2050,1611,1407,2050,1800,1900,2051,1800,1543,592.6985495090485
2050,1985,1502,2051,1611,1407,2050,1800,1900,2051,1800,1543,592.9705502986908
2050,1840,1456,2049,1764,1461,2049,1799,1744,2051,1802,1664,593.258597612381
2052,1634,1415,2049,1989,1502,2050,1800,1513,2051,1800,1850,593.5304601192474
2052,1634,1415,2049,1989,1502,2050,1801,1513,2051,1800,1850,593.8183825016022
2052,1634,1415,2049,1989,1502,2051,1800,1513,2051,1800,1850,594.0905179977417
2050,1776,1463,2049,1842,1453,2051,1801,1676,2050,1798,1732,594.3784127235413
2050,1990,1502,2050,1614,1406,2051,1802,1900,2051,1801,1542,594.6504080295563
2050,1990,1502,2050,1614,1406,2051,1801,1900,2051,1801,1542,594.938291311264
2050,1990,1502,2050,1614,1406,2051,1801,1900,2051,1801,1542,595.2114818096161
2050,1837,1457,2050,1763,1461,2051,1794,1745,2052,1800,1663,595.4986319541931
2052,1632,1412,2050,1986,1502,2051,1798,1514,2050,1799,1855,595.770503282547
2051,1632,1412,2049,1985,1502,2051,1797,1514,2050,1798,1855,596.058616399765
2051,1632,1412,2049,1985,1503,2051,1797,1514,2050,1799,1855,596.3305993080139
2049,1769,1460,2050,1829,1453,2052,1798,1677,2050,1797,1737,596.618533372879
2050,1975,1503,2051,1601,1410,2050,1796,1901,2050,1797,1549,596.8904392719269
2050,1977,1503,2050,1603,1409,2050,1798,1901,2051,1800,1548,597.1785922050476
2050,1982,1503,2050,1602,1403,2052,1801,1901,2049,1800,1548,597.4506187438965
2051,1841,1457,2049,1763,1458,2049,1802,1745,2053,1803,1665,597.7383451461792
2052,1637,1410,2047,1999,1503,2049,1805,1511,2055,1802,1847,598.0104575157166
2052,1637,1410,2047,2000,1502,2049,1805,1511,2053,1803,1847,598.2982933521271
2052,1637,1410,2048,2000,1503,2049,1804,1511,2051,1803,1847,598.5703346729279
2051,1785,1460,2049,1848,1453,2049,1805,1671,2051,1800,1731,598.8582584857941
2050,1999,1503,2049,1621,1404,2049,1805,1897,2051,1803,1544,599.1302707195282
2050,2000,1503,2050,1621,1403,2049,1805,1897,2050,1803,1543,599.4181435108185
2054,1999,1502,2050,1607,1405,2049,1804,1899,2052,1792,1531,599.6904532909393
2053,1897,1435,2053,1700,1443,2048,1779,1769,2047,1813,1612,599.9781649112701
2046,1674,1343,2051,1988,1495,2050,1766,1517,2050,1802,1765,600.2529785633087
2049,1630,1346,2052,1994,1494,2050,1779,1514,2051,1798,1840,600.5378439426422
2047,1630,1347,2052,1994,1494,2050,1781,1514,2052,1797,1840,600.8099858760834
2050,1702,1394,2052,1881,1428,2051,1809,1636,2050,1779,1743,601.0980739593506
2053,1950,1486,2044,1723,1344,2053,1812,1876,2057,1752,1546,601.3699805736542
2053,1974,1485,2045,1703,1344,2053,1798,1878,2056,1751,1542,601.657870054245
2053,1974,1485,2045,1699,1344,2052,1797,1880,2056,1750,1542,601.9298214912415
2054,1883,1419,2046,1785,1370,2053,1774,1755,2056,1776,1634,602.217785358429
2046,1716,1332,2051,1985,1491,2053,1757,1521,2052,1799,1786,602.489716053009
2046,1652,1334,2050,1988,1489,2053,1758,1514,2051,1793,1870,602.7777760028839
2046,1652,1333,2051,1989,1489,2053,1758,1513,2051,1793,1870,603.0499150753021
2047,1731,1368,2051,1883,1421,2053,1794,1630,2052,1779,1767,603.3377077579498
2054,1970,1482,2043,1724,1334,2052,1809,1861,2055,1744,1593,603.6099581718445
2054,1971,1481,2043,1699,1334,2051,1799,1887,2055,1744,1592,603.8977284431458
2054,1973,1481,2043,1699,1334,2051,1800,1887,2055,1744,1593,604.1694922447205
2054,1879,1414,2044,1792,1366,2052,1775,1753,2054,1769,1675,604.4577994346619
2047,1747,1332,2049,1974,1487,2053,1757,1521,2051,1800,1802,604.7295689582825
2047,1732,1333,2050,1974,1487,2053,1758,1513,2051,1799,1824,605.0175585746765
2047,1732,1333,2050,1974,1487,2052,1758,1513,2050,1799,1824,605.2915823459625
2046,1811,1361,2054,1860,1421,2053,1799,1631,2051,1783,1724,605.5774064064026
2053,1970,1484,2047,1694,1333,2048,1822,1866,2053,1751,1582,605.8495583534241
2053,1974,1484,2047,1693,1333,2048,1822,1869,2053,1751,1581,606.1376736164093
2053,1974,1484,2047,1693,1333,2049,1822,1869,2053,1751,1581,606.4093902111053
2053,1876,1415,2047,1783,1368,2049,1789,1733,2052,1774,1671,606.6976873874664
2046,1774,1335,2050,1954,1487,2053,1751,1526,2051,1808,1791,606.9695043563843
2046,1772,1335,2050,1955,1487,2053,1751,1526,2051,1808,1790,607.2576639652252
2046,1765,1334,2050,1955,1487,2053,1751,1526,2051,1807,1791,607.5295925140381
2045,1843,1365,2053,1844,1420,2054,1791,1643,2051,1789,1695,607.8176174163818
2052,1970,1483,2047,1695,1334,2048,1823,1863,2053,1745,1587,608.0892927646637
2052,1970,1483,2046,1695,1334,2048,1823,1864,2053,1745,1587,608.3772280216217
2052,1970,1483,2046,1695,1334,2048,1823,1864,2053,1745,1587,608.649409532547
2052,1872,1417,2046,1786,1371,2048,1791,1729,2052,1769,1670,608.9371335506439
2044,1765,1335,2052,1959,1487,2053,1748,1520,2051,1808,1797,609.2090847492218
2044,1763,1336,2052,1962,1488,2053,1751,1514,2051,1806,1799,609.4973952770233
2045,1754,1335,2051,1961,1488,2053,1751,1509,2051,1803,1800,609.7693858146667
2044,1833,1367,2051,1848,1422,2054,1793,1626,2050,1786,1705,610.0573205947876
2052,1968,1481,2043,1699,1335,2048,1826,1860,2053,1748,1585,610.3325078487396
2051,1970,1481,2043,1697,1335,2048,1826,1860,2053,1748,1581,610.6173419952393
2051,1970,1481,2042,1697,1335,2048,1826,1860,2053,1748,1581,610.889378786087
2052,1873,1417,2042,1782,1371,2048,1792,1729,2052,1772,1667,611.177099943161
2043,1763,1333,2048,1953,1490,2053,1755,1523,2051,1809,1792,611.4491496086121
2043,1763,1333,2049,1954,1490,2053,1755,1523,2051,1809,1792,611.7373669147491
2043,1763,1333,2049,1954,1490,2053,1755,1523,2051,1809,1792,612.0093672275543
2044,1841,1377,2050,1839,1430,2053,1795,1642,2051,1797,1706,612.2973804473877
2052,2002,1497,2050,1645,1400,2052,1812,1888,2052,1803,1544,612.5690958499908
2052,1997,1500,2050,1645,1401,2052,1812,1888,2051,1803,1544,612.857223033905
2052,1995,1501,2050,1644,1401,2052,1812,1888,2050,1803,1544,613.1290559768677
2051,1856,1455,2050,1787,1457,2051,1807,1734,2052,1804,1665,613.4168844223022
2052,1639,1411,2050,1996,1502,2051,1807,1512,2051,1802,1846,613.6889111995697
2052,1639,1410,2050,1996,1502,2051,1807,1512,2050,1802,1846,613.9771571159363
2052,1639,1410,2050,1996,1502,2051,1807,1511,2049,1802,1846,614.2491536140442
2051,1785,1459,2050,1845,1452,2051,1808,1672,2049,1802,1728,614.5370063781738
2050,1999,1502,2050,1621,1404,2051,1807,1897,2047,1803,1540,614.8093454837799
2050,1999,1500,2050,1619,1401,2053,1801,1900,2047,1802,1532,615.097254037857
2050,1999,1500,2050,1619,1401,2052,1803,1902,2047,1802,1532,615.3690280914307
2050,1897,1422,2050,1677,1442,2051,1773,1770,2050,1813,1620,615.656726360321
2046,1761,1342,2051,1975,1496,2053,1741,1526,2053,1810,1815,615.9287133216858
2047,1686,1343,2050,1982,1494,2053,1742,1513,2049,1785,1866,616.2167122364044
2047,1686,1343,2050,1982,1494,2053,1742,1513,2049,1785,1866,616.4890360832214
2047,1772,1370,2052,1874,1422,2052,1783,1630,2050,1773,1765,616.7767803668976
2052,1952,1480,2047,1695,1336,2048,1816,1875,2053,1756,1572,617.04882979393
2052,1953,1480,2047,1695,1336,2048,1816,1876,2053,1756,1571,617.3366918563843
2052,1952,1480,2047,1695,1336,2048,1816,1876,2053,1756,1570,617.6087074279785
2053,1857,1417,2047,1791,1370,2048,1788,1737,2053,1779,1659,617.8970310688019
2046,1720,1340,2053,1959,1481,2052,1760,1515,2050,1802,1814,618.1689260005951
2047,1717,1340,2053,1959,1481,2052,1760,1513,2050,1803,1816,618.4567058086395
2046,1717,1340,2053,1959,1481,2052,1760,1513,2050,1803,1816,618.7286555767059
2046,1799,1371,2052,1848,1419,2053,1798,1631,2051,1787,1717,619.0168523788452
2053,1941,1480,2047,1698,1343,2048,1817,1869,2055,1750,1577,619.295280456543
2053,1946,1480,2046,1680,1343,2048,1817,1869,2056,1750,1567,619.5764720439911
2053,1946,1480,2046,1680,1343,2048,1817,1869,2056,1750,1566,619.8484971523285
2054,1852,1417,2047,1770,1379,2048,1790,1733,2055,1773,1655,620.1364693641663
2046,1725,1341,2051,1951,1483,2052,1761,1520,2052,1806,1797,620.408362865448
2046,1725,1341,2050,1951,1484,2052,1761,1520,2052,1806,1797,620.6966514587402
2046,1725,1341,2050,1950,1484,2053,1761,1520,2052,1806,1797,620.9687225818634
2045,1802,1377,2050,1840,1420,2053,1798,1638,2052,1789,1704,621.2565405368805
2053,1952,1482,2045,1695,1342,2048,1815,1871,2055,1749,1576,621.5284719467163
2053,1955,1481,2045,1673,1342,2049,1815,1872,2056,1749,1565,621.8162996768951
2053,1955,1481,2045,1673,1342,2049,1815,1872,2055,1749,1565,622.0882995128632
2054,1864,1419,2045,1760,1378,2049,1787,1742,2055,1771,1652,622.3764123916626
2046,1723,1345,2049,1950,1483,2053,1759,1521,2052,1806,1798,622.648530960083
2046,1723,1345,2049,1950,1484,2052,1759,1520,2052,1806,1799,622.936511516571
2046,1723,1345,2049,1950,1484,2052,1759,1520,2052,1806,1799,623.2081582546234
2045,1799,1374,2054,1843,1421,2054,1796,1635,2051,1788,1705,623.4962286949158
2051,1946,1482,2049,1681,1348,2051,1818,1868,2055,1757,1557,623.7682807445526
2051,1951,1481,2049,1678,1347,2051,1817,1869,2055,1756,1552,624.0565340518951
2051,1951,1481,2049,1678,1347,2051,1817,1869,2055,1756,1552,624.3285048007965
2053,1855,1418,2049,1770,1385,2051,1788,1734,2055,1780,1643,624.6161422729492
2045,1722,1338,2053,1957,1485,2053,1759,1519,2051,1806,1793,624.8883752822876
2045,1722,1338,2053,1957,1485,2053,1759,1517,2051,1806,1793,625.1761124134064
2045,1723,1338,2053,1957,1485,2053,1759,1516,2051,1806,1793,625.4481174945831
2045,1801,1370,2053,1846,1422,2054,1798,1633,2051,1789,1702,625.7363393306732
2052,1948,1482,2045,1703,1344,2049,1818,1865,2054,1751,1573,626.0082869529724
2052,1949,1482,2045,1699,1344,2049,1818,1865,2054,1751,1569,626.2994773387909
2052,1949,1482,2045,1699,1344,2049,1818,1865,2054,1751,1569,626.5683982372284
2053,1854,1417,2045,1791,1380,2049,1789,1730,2054,1775,1657,626.8565094470978
2045,1727,1339,2052,1955,1484,2053,1762,1518,2051,1806,1792,627.1281983852386
2045,1727,1339,2052,1955,1484,2053,1762,1518,2051,1806,1792,627.4163608551025
2045,1727,1340,2052,1955,1484,2053,1762,1518,2051,1806,1792,627.6881535053253
2045,1806,1372,2052,1842,1420,2053,1800,1635,2051,1788,1698,627.9763743877411
2052,1939,1475,2045,1684,1349,2051,1820,1860,2055,1758,1565,628.2480132579803
2052,1939,1475,2045,1680,1350,2050,1820,1870,2055,1758,1565,628.5363018512726
2051,1983,1500,2047,1640,1404,2051,1818,1885,2052,1801,1564,628.8081386089325
2051,1846,1456,2049,1790,1457,2051,1808,1737,2052,1803,1673,629.0962789058685
2052,1640,1410,2049,1994,1502,2051,1808,1512,2052,1801,1846,629.3680326938629
2052,1640,1410,2049,1994,1502,2051,1808,1512,2052,1802,1846,629.6560754776001
2052,1640,1410,2049,1995,1502,2051,1808,1512,2053,1802,1846,629.9283554553986
2051,1782,1459,2049,1847,1452,2052,1808,1669,2051,1801,1729,630.2163736820221
2051,1998,1502,2048,1619,1404,2049,1808,1897,2054,1802,1541,630.4883368015289
2049,1999,1492,2050,1619,1402,2049,1806,1897,2050,1797,1541,630.7763633728027
2045,1998,1491,2050,1619,1401,2056,1798,1901,2052,1802,1541,631.0482439994812
2050,1919,1423,2049,1682,1426,2053,1773,1778,2045,1810,1593,631.3374102115631
2047,1766,1342,2050,1938,1499,2062,1771,1486,2056,1815,1822,631.608247756958
2046,1723,1342,2049,1975,1494,2062,1772,1500,2054,1796,1826,631.8963243961334
2047,1723,1342,2049,1975,1494,2061,1772,1500,2054,1796,1827,632.1680607795715
2046,1804,1373,2052,1871,1423,2061,1807,1613,2054,1784,1735,632.4561696052551
2051,1969,1486,2047,1685,1332,2059,1821,1861,2055,1750,1592,632.7280395030975
2051,1970,1486,2047,1680,1332,2059,1820,1869,2055,1750,1588,633.0159795284271
2051,1970,1486,2047,1680,1332,2059,1820,1870,2055,1750,1588,633.288027048111
2053,1878,1421,2047,1759,1367,2059,1786,1739,2054,1772,1670,633.5760457515717
2044,1773,1333,2051,1966,1485,2060,1743,1534,2053,1812,1783,633.8479788303375
2045,1756,1333,2050,1972,1485,2059,1743,1529,2053,1808,1788,634.1360306739807
2045,1755,1333,2050,1972,1485,2059,1744,1528,2053,1807,1788,634.408008813858
2044,1829,1363,2051,1864,1418,2060,1784,1643,2052,1789,1697,634.6960053443909
2050,1969,1482,2042,1711,1330,2056,1813,1866,2053,1747,1588,634.9678866863251
2050,1970,1482,2042,1709,1330,2056,1814,1869,2053,1747,1588,635.2558915615082
2050,1970,1482,2042,1709,1330,2056,1813,1869,2053,1747,1588,635.5278332233429
2052,1879,1414,2043,1793,1359,2056,1782,1738,2053,1771,1671,635.8158249855042
2045,1791,1332,2047,1963,1478,2057,1740,1538,2052,1808,1788,636.0879123210907
2046,1779,1332,2047,1965,1478,2057,1740,1532,2052,1806,1788,636.375735282898
2045,1779,1332,2047,1965,1479,2057,1740,1531,2051,1806,1788,636.6479730606079
2045,1849,1362,2051,1859,1415,2058,1782,1644,2051,1789,1698,636.9358568191528
2050,1967,1480,2045,1707,1331,2054,1814,1865,2053,1756,1579,637.2081429958344
2050,1968,1480,2045,1707,1330,2054,1814,1865,2053,1756,1577,637.4960162639618
2050,1968,1480,2045,1707,1330,2054,1814,1865,2053,1756,1577,637.7677426338196
2052,1877,1415,2044,1790,1358,2054,1783,1734,2052,1779,1663,638.055784702301
2045,1788,1333,2049,1952,1480,2056,1740,1535,2051,1814,1780,638.3278498649597
2045,1779,1333,2050,1953,1480,2056,1740,1534,2051,1813,1781,638.61589884758
2045,1779,1333,2050,1955,1480,2056,1740,1533,2051,1813,1781,638.8878955841064
2044,1845,1362,2054,1854,1419,2057,1779,1647,2051,1794,1691,639.1759240627289
2050,1971,1483,2047,1708,1329,2051,1810,1866,2052,1748,1588,639.4475288391113
2050,1972,1483,2046,1705,1329,2051,1810,1871,2052,1748,1588,639.7355632781982
2050,1972,1483,2047,1705,1329,2051,1810,1871,2052,1748,1588,640.007551908493
2052,1879,1416,2047,1788,1360,2052,1780,1740,2051,1772,1672,640.2956156730652
2045,1786,1334,2050,1957,1478,2054,1738,1526,2051,1811,1791,640.5677127838135
2045,1786,1334,2050,1957,1480,2054,1738,1525,2051,1811,1792,640.8557062149048
2045,1786,1334,2050,1957,1480,2054,1738,1525,2051,1811,1792,641.1276247501373
2045,1853,1365,2054,1850,1416,2055,1780,1639,2051,1792,1697,641.4154222011566
2050,1970,1486,2046,1704,1329,2049,1814,1864,2052,1750,1590,641.6874494552612
2050,1973,1486,2046,1704,1329,2049,1813,1868,2052,1750,1590,641.9756188392639
2050,1973,1486,2046,1704,1329,2049,1813,1868,2052,1750,1590,642.2475254535675
2052,1877,1418,2046,1786,1360,2050,1783,1737,2051,1773,1674,642.5356006622314
2045,1779,1337,2050,1954,1481,2053,1743,1521,2051,1812,1788,642.8074495792389
2045,1779,1337,2050,1954,1482,2054,1743,1521,2051,1812,1788,643.0955212116241
2045,1779,1337,2050,1954,1482,2053,1743,1520,2051,1812,1788,643.3674342632294
2044,1850,1367,2054,1847,1417,2055,1784,1636,2051,1792,1695,643.6553738117218
2049,1973,1487,2045,1686,1330,2049,1819,1867,2052,1757,1585,643.927481174469
2050,1979,1487,2045,1682,1330,2048,1817,1874,2052,1757,1581,644.2154769897461
2047,1994,1494,2049,1672,1346,2048,1813,1885,2049,1770,1580,644.4870319366455
2049,1856,1455,2051,1786,1456,2049,1811,1735,2047,1804,1663,644.7681930065155
2050,1641,1410,2050,1996,1501,2050,1810,1510,2049,1802,1844,645.008930683136
2051,1641,1410,2049,1997,1501,2050,1810,1510,2050,1802,1844,645.2645313739777
2051,1641,1410,2049,1997,1502,2049,1811,1510,2050,1802,1844,645.5044076442719
2050,1783,1455,2049,1865,1455,2050,1813,1652,2054,1800,1740,645.7605006694794
2050,1998,1502,2050,1622,1405,2051,1813,1897,2054,1802,1540,646.0002377033234
2050,1998,1502,2049,1622,1404,2050,1813,1897,2054,1802,1540,646.2561693191528
2050,1999,1502,2049,1622,1404,2050,1813,1897,2054,1802,1540,646.4963254928589
2051,1857,1459,2048,1774,1457,2050,1813,1742,2054,1804,1652,646.7523572444916
2052,1637,1410,2047,1995,1501,2050,1812,1510,2054,1802,1845,646.992246389389
2052,1637,1410,2047,1995,1501,2050,1812,1510,2055,1802,1845,647.2481579780579
2052,1637,1410,2047,1995,1502,2050,1812,1510,2055,1802,1845,647.4882440567017
2052,1779,1457,2048,1844,1454,2050,1812,1672,2054,1799,1737,647.7440509796143
2051,1989,1502,2049,1613,1407,2051,1811,1900,2054,1801,1544,647.984087228775
2051,1989,1503,2048,1614,1406,2050,1811,1900,2054,1800,1544,648.2400710582733
2052,1990,1502,2047,1614,1406,2050,1813,1900,2054,1801,1544,648.4801774024963
2053,1856,1459,2048,1770,1452,2050,1813,1743,2055,1805,1648,648.7360124588013
2053,1641,1409,2047,2001,1502,2050,1808,1508,2055,1803,1842,648.998776435852
2053,1641,1409,2047,2000,1503,2051,1806,1508,2055,1803,1842,649.2870533466339
2053,1641,1409,2047,2000,1503,2051,1806,1508,2055,1803,1842,649.5590150356293
2052,1773,1457,2046,1852,1455,2051,1807,1663,2055,1799,1735,649.8467900753021
2052,1992,1503,2047,1619,1404,2051,1806,1898,2055,1802,1543,650.1188352108002
2052,1992,1502,2047,1619,1403,2051,1806,1898,2055,1802,1543,650.4066848754883
2052,1992,1503,2047,1619,1403,2051,1806,1898,2055,1802,1543,650.6786501407623
2053,1854,1456,2049,1746,1461,2053,1805,1743,2056,1804,1660,650.9666974544525
2053,1637,1416,2048,1982,1505,2053,1803,1511,2055,1800,1848,651.2389447689056
2053,1637,1416,2048,1982,1505,2055,1803,1511,2054,1800,1848,651.5269207954407
2053,1637,1410,2047,1983,1505,2048,1803,1511,2054,1802,1848,651.7985711097717
2052,1783,1458,2048,1848,1454,2047,1806,1663,2056,1802,1732,652.0868124961853
2053,2000,1502,2047,1628,1401,2047,1806,1894,2056,1804,1538,652.3584237098694
2052,1999,1502,2048,1628,1401,2047,1805,1894,2053,1803,1538,652.6467468738556
2052,1998,1502,2049,1627,1402,2047,1806,1894,2053,1803,1538,652.9184532165527
2052,1857,1456,2050,1777,1456,2048,1804,1741,2052,1805,1658,653.2066802978516
2052,1638,1410,2050,1997,1502,2048,1802,1510,2051,1803,1846,653.4786417484283
2052,1638,1410,2050,1998,1501,2051,1802,1510,2051,1804,1846,653.7667050361633
2052,1638,1410,2050,1998,1502,2051,1802,1510,2051,1803,1846,654.0384068489075
2051,1780,1458,2049,1850,1452,2059,1804,1666,2050,1801,1730,654.3267862796783
2053,1997,1498,2050,1596,1404,2058,1804,1896,2051,1800,1538,654.5986239910126
2052,2005,1492,2049,1596,1392,2057,1805,1895,2053,1800,1501,654.8862910270691
2052,2004,1492,2049,1596,1392,2056,1804,1895,2054,1799,1501,655.1584568023682
2053,1920,1418,2050,1671,1445,2056,1779,1767,2052,1818,1582,655.4463269710541
2049,1820,1340,2050,1730,1519,2057,1744,1559,2051,1833,1747,655.7183663845062
2049,1820,1340,2049,1815,1519,2057,1750,1496,2050,1833,1747,656.0064306259155
2049,1818,1340,2049,1843,1516,2057,1759,1496,2051,1833,1747,656.2783679962158
2049,1781,1340,2049,1843,1516,2056,1759,1496,2050,1833,1747,656.5665030479431
2049,1780,1340,2049,1843,1516,2057,1758,1496,2051,1833,1747,656.8383135795593
2046,1853,1389,2051,1753,1436,2055,1802,1608,2050,1812,1658,657.1262936592102
2051,1945,1495,2046,1670,1345,2048,1846,1839,2054,1761,1562,657.3982400894165
2051,1945,1496,2046,1669,1345,2049,1846,1839,2055,1762,1561,657.6862115859985
2051,1945,1496,2046,1670,1345,2049,1847,1839,2055,1762,1561,657.9581954479218
2053,1851,1427,2045,1756,1386,2049,1808,1710,2055,1788,1651,658.2462193965912
2049,1763,1348,2046,1889,1498,2054,1756,1512,2054,1825,1761,658.518342256546
2049,1763,1348,2046,1897,1501,2054,1756,1501,2053,1828,1761,658.8062047958374
2049,1763,1348,2046,1897,1501,2054,1756,1501,2053,1828,1761,659.078275680542
2046,1840,1386,2049,1796,1425,2053,1799,1621,2051,1804,1665,659.3666200637817
2051,1946,1494,2047,1694,1338,2048,1844,1840,2053,1746,1576,659.6383907794952
2051,1946,1495,2047,1694,1337,2048,1844,1840,2054,1746,1574,659.9264395236969
2051,1946,1495,2047,1694,1337,2049,1844,1840,2054,1746,1574,660.1985692977905
2053,1852,1425,2046,1778,1372,2049,1805,1712,2054,1772,1661,660.4860079288483
2047,1762,1344,2047,1915,1497,2054,1756,1523,2054,1824,1754,660.7581686973572
2049,1761,1345,2047,1915,1497,2053,1756,1523,2054,1823,1754,661.0462703704834
2047,1672,1390,2056,1959,1501,2054,1790,1522,2041,1821,1778,661.318208694458
2049,1789,1455,2054,1840,1454,2053,1801,1674,2046,1806,1725,661.6060793399811
2049,1994,1502,2054,1618,1404,2052,1800,1897,2046,1805,1541,661.8780477046967
2047,1995,1502,2054,1618,1402,2052,1801,1897,2046,1805,1541,662.1660122871399
2047,1995,1502,2054,1618,1402,2052,1801,1897,2046,1805,1542,662.4381442070007
2049,1857,1457,2053,1770,1455,2052,1801,1743,2047,1806,1659,662.7260036468506
2051,1640,1410,2053,1988,1498,2052,1801,1510,2049,1805,1842,662.9980750083923
2051,1640,1410,2054,1989,1502,2052,1801,1510,2049,1805,1842,663.2861475944519
2051,1640,1410,2053,1989,1502,2052,1800,1510,2049,1805,1842,663.5583598613739
2050,1779,1459,2052,1842,1453,2052,1802,1668,2049,1801,1729,663.846467256546
2050,1994,1502,2053,1619,1406,2052,1802,1898,2049,1803,1541,664.1183776855469
2050,1994,1502,2053,1619,1406,2052,1802,1898,2049,1803,1541,664.4064152240753
2050,1994,1502,2053,1620,1406,2052,1802,1898,2049,1803,1541,664.6783626079559
2050,1856,1457,2053,1770,1459,2052,1801,1746,2049,1804,1660,664.9663398265839
2051,1638,1411,2052,1994,1502,2052,1801,1512,2049,1801,1848,665.2381591796875
2051,1638,1411,2053,1994,1502,2052,1801,1511,2049,1802,1848,665.5263030529022
2051,1637,1411,2052,1994,1502,2052,1801,1511,2049,1801,1848,665.798259973526
2050,1779,1459,2052,1845,1454,2051,1802,1668,2049,1799,1732,666.0860908031464
2050,1991,1502,2052,1616,1406,2051,1801,1899,2049,1802,1542,666.3581311702728
2050,1991,1502,2052,1616,1406,2051,1801,1898,2049,1802,1542,666.6461472511292
2050,1991,1502,2052,1616,1406,2051,1801,1898,2049,1802,1542,666.9180400371552
2050,1851,1457,2052,1769,1458,2051,1801,1745,2049,1803,1661,667.2059893608093
2051,1637,1412,2051,1993,1502,2051,1800,1512,2049,1801,1847,667.4780921936035
2051,1637,1412,2051,1993,1502,2051,1801,1512,2049,1801,1848,667.76620221138
2051,1637,1411,2050,1994,1502,2051,1801,1512,2052,1801,1847,668.0379977226257
2051,1770,1460,2049,1842,1453,2051,1800,1667,2052,1798,1735,668.3259983062744
2051,1986,1502,2049,1613,1406,2051,1800,1900,2051,1801,1543,668.5979902744293
2051,1986,1502,2049,1613,1405,2051,1800,1900,2051,1801,1543,668.886031627655
2050,1987,1502,2050,1613,1405,2051,1801,1900,2049,1800,1543,669.1580021381378
2050,1860,1459,2049,1763,1456,2051,1803,1748,2051,1805,1655,669.4460887908936
2052,1642,1409,2050,1996,1504,2050,1799,1508,2051,1802,1843,669.7178838253021
2051,1642,1409,2050,1998,1503,2049,1800,1508,2055,1805,1842,670.0058977603912
2052,1626,1403,2047,2000,1494,2049,1801,1508,2051,1794,1851,670.2780005931854
2051,1692,1437,2053,1887,1424,2051,1815,1627,2051,1778,1758,670.5659112930298
2052,1894,1493,2049,1678,1351,2052,1814,1888,2057,1763,1505,670.8378376960754
2052,1962,1492,2049,1656,1351,2052,1804,1891,2058,1791,1490,671.1258187294006
2052,1962,1492,2049,1656,1351,2052,1804,1891,2058,1791,1490,671.3977184295654
2053,1865,1426,2049,1748,1389,2053,1779,1761,2057,1811,1573,671.6858727931976
2045,1679,1338,2052,1980,1490,2053,1760,1517,2053,1797,1780,671.9576470851898
2046,1638,1343,2052,1993,1489,2053,1766,1512,2053,1796,1847,672.2455360889435
2046,1638,1344,2052,1993,1489,2053,1767,1512,2053,1796,1847,672.517730474472
2049,1718,1388,2052,1883,1421,2053,1801,1632,2053,1779,1749,672.8056652545929
2053,1943,1482,2047,1688,1348,2054,1812,1885,2059,1751,1538,673.0774607658386
2053,1965,1482,2048,1674,1347,2053,1801,1887,2060,1749,1529,673.3653151988983
2053,1965,1482,2048,1674,1347,2054,1802,1887,2060,1749,1529,673.6374382972717
2054,1872,1419,2049,1761,1381,2054,1778,1754,2059,1773,1623,673.925550699234
2045,1676,1338,2051,1986,1490,2053,1771,1516,2056,1798,1771,674.1974403858185
2046,1638,1342,2051,1991,1489,2053,1773,1509,2056,1797,1838,674.4853754043579
2046,1638,1342,2051,1991,1489,2053,1773,1509,2056,1797,1838,674.7592267990112
2047,1714,1389,2052,1880,1424,2054,1804,1631,2056,1780,1741,675.0458679199219
2052,1945,1481,2047,1680,1353,2053,1808,1888,2062,1757,1534,675.3176629543304
2052,1961,1481,2047,1674,1352,2053,1801,1889,2062,1756,1515,675.6055791378021
2052,1960,1481,2047,1674,1352,2053,1801,1889,2062,1756,1515,675.8774366378784
2053,1867,1421,2046,1759,1384,2052,1780,1757,2062,1781,1607,676.1655263900757
2049,1665,1382,2052,1983,1485,2052,1800,1513,2058,1802,1820,676.4374039173126
2050,1661,1401,2050,1988,1501,2047,1800,1512,2057,1802,1839,676.7255148887634
2051,1653,1400,2047,1995,1501,2045,1802,1512,2053,1800,1840,676.9974248409271
2050,1707,1425,2051,1879,1427,2048,1810,1627,2054,1779,1747,677.2852847576141
2054,1975,1480,2046,1695,1344,2053,1801,1878,2059,1746,1570,677.5572981834412
2054,1976,1480,2046,1689,1344,2052,1795,1881,2059,1745,1567,677.8452320098877
2054,1976,1480,2046,1686,1344,2052,1795,1882,2059,1745,1567,678.1173021793365
2054,1882,1416,2047,1767,1372,2054,1775,1752,2059,1769,1658,678.4053592681885
2047,1685,1338,2051,1980,1490,2053,1766,1513,2051,1796,1807,678.6772663593292
2047,1659,1339,2052,1980,1490,2053,1765,1511,2051,1796,1846,678.965535402298
2047,1659,1339,2052,1980,1490,2053,1765,1511,2051,1796,1846,679.2372369766235
2047,1745,1370,2052,1875,1423,2053,1798,1630,2051,1780,1747,679.5253188610077
2053,1968,1478,2045,1721,1330,2050,1809,1875,2054,1743,1598,679.7972114086151
2054,1968,1478,2045,1721,1330,2050,1809,1877,2054,1743,1598,680.0852482318878
2054,1968,1478,2045,1720,1330,2050,1809,1877,2054,1743,1598,680.3571364879608
2055,1878,1413,2045,1808,1358,2050,1784,1741,2054,1766,1677,680.6452016830444
2047,1716,1337,2052,1973,1480,2052,1774,1512,2050,1797,1805,680.918496131897
2047,1669,1337,2051,1989,1480,2052,1775,1510,2050,1793,1863,681.2050070762634
2047,1669,1337,2051,1989,1480,2052,1774,1510,2050,1793,1863,681.4767699241638
2047,1752,1372,2052,1884,1415,2052,1804,1626,2052,1779,1762,681.7650167942047
2053,1966,1475,2045,1733,1334,2052,1806,1871,2057,1741,1602,682.036741733551
2053,1967,1475,2045,1726,1334,2051,1806,1872,2058,1740,1598,682.3246493339539
2053,1967,1475,2045,1726,1334,2051,1806,1872,2058,1740,1598,682.596595287323
2054,1878,1412,2046,1806,1358,2052,1779,1741,2057,1763,1677,682.8846225738525
2049,1703,1338,2052,1979,1484,2053,1767,1512,2051,1794,1820,683.1567184925079
2050,1669,1339,2051,1991,1484,2053,1768,1509,2050,1793,1864,683.4448256492615
2050,1669,1339,2051,1992,1484,2053,1768,1509,2050,1793,1864,683.7165842056274
2049,1754,1369,2052,1888,1416,2053,1802,1625,2052,1777,1766,684.0046770572662
2054,1968,1474,2046,1728,1329,2052,1808,1866,2058,1735,1595,684.2835803031921
2054,1970,1474,2046,1717,1329,2051,1804,1878,2058,1734,1593,684.564692735672
2054,1970,1474,2046,1716,1330,2052,1804,1878,2058,1734,1593,684.8365454673767
2055,1878,1412,2047,1804,1353,2052,1780,1748,2056,1758,1672,685.1246023178101
2051,1708,1337,2052,1979,1485,2052,1773,1512,2049,1794,1835,685.3965535163879
2051,1681,1337,2051,1984,1484,2052,1773,1507,2047,1792,1869,685.6843738555908
2051,1681,1337,2051,1984,1484,2052,1773,1507,2047,1792,1869,685.9567177295685
2049,1763,1372,2052,1882,1418,2052,1804,1622,2049,1777,1770,686.2446427345276
2054,1969,1469,2047,1729,1331,2051,1807,1871,2056,1735,1593,686.516366481781
2054,1969,1470,2047,1728,1331,2051,1806,1873,2056,1735,1591,686.8044531345367
2054,1969,1469,2047,1728,1331,2051,1806,1873,2056,1735,1591,687.0764873027802
2055,1879,1410,2047,1807,1356,2053,1781,1742,2054,1759,1672,687.3643264770508
2050,1724,1338,2052,1975,1482,2053,1768,1512,2049,1794,1824,687.6363496780396
2050,1692,1338,2052,1980,1482,2052,1768,1508,2049,1792,1866,687.9243392944336
2050,1692,1338,2052,1980,1482,2052,1768,1508,2049,1793,1866,688.1963636875153
2049,1773,1366,2052,1878,1416,2052,1799,1625,2051,1778,1767,688.4843020439148
2055,1968,1470,2047,1718,1330,2052,1809,1875,2057,1734,1598,688.7564342021942
2055,1968,1470,2047,1712,1330,2051,1806,1877,2057,1734,1596,689.0441443920135
2055,1968,1470,2047,1712,1330,2051,1807,1877,2057,1734,1596,689.3161478042603
2056,1879,1408,2047,1796,1356,2052,1781,1745,2056,1756,1677,689.6044428348541
2047,1724,1337,2051,1976,1485,2053,1771,1513,2051,1794,1806,689.8762500286102
2049,1683,1338,2050,1979,1484,2052,1771,1507,2050,1793,1863,690.1642978191376
2049,1683,1338,2051,1979,1485,2053,1771,1507,2050,1793,1863,690.4363384246826
2047,1765,1369,2051,1876,1417,2053,1804,1622,2052,1778,1765,690.7241106033325
2054,1963,1467,2047,1734,1335,2052,1809,1870,2058,1738,1602,690.9963307380676
2055,1965,1467,2047,1727,1334,2052,1806,1873,2058,1737,1602,691.2842094898224
2055,1966,1467,2047,1727,1334,2052,1806,1872,2058,1737,1602,691.5562574863434
2055,1875,1409,2047,1806,1359,2053,1783,1740,2057,1760,1682,691.8443088531494
2047,1716,1335,2050,1976,1485,2052,1771,1511,2050,1793,1823,692.116162776947
2049,1682,1336,2050,1981,1484,2053,1770,1509,2050,1792,1872,692.4042501449585
2049,1682,1336,2050,1981,1484,2052,1770,1509,2050,1792,1872,692.6759555339813
2047,1763,1366,2051,1881,1417,2053,1800,1625,2052,1777,1773,692.9643816947937
2054,1955,1469,2047,1738,1335,2052,1809,1873,2057,1741,1587,693.2362575531006
2054,1955,1470,2047,1730,1335,2051,1808,1873,2058,1740,1586,693.5240125656128
2054,1955,1470,2047,1730,1335,2051,1808,1873,2058,1740,1586,693.7959711551666
2055,1864,1410,2047,1814,1362,2051,1782,1738,2058,1764,1668,694.0839908123016
2050,1698,1336,2049,1976,1489,2052,1773,1509,2050,1794,1832,694.3563280105591
2050,1680,1336,2050,1989,1488,2052,1774,1505,2050,1793,1857,694.6440918445587
2050,1680,1336,2050,1989,1488,2052,1773,1505,2050,1793,1857,694.9159829616547
2049,1756,1369,2054,1884,1422,2052,1804,1620,2052,1778,1763,695.2041945457458
2052,1973,1472,2049,1725,1336,2052,1804,1881,2058,1744,1579,695.4760844707489
2053,1977,1473,2048,1723,1335,2051,1803,1881,2059,1744,1572,695.7639353275299
2053,1977,1472,2048,1723,1335,2051,1803,1881,2058,1744,1572,696.0358603000641
2053,1887,1412,2048,1797,1358,2053,1780,1754,2058,1766,1654,696.323780298233
2047,1708,1334,2049,1974,1490,2052,1773,1510,2049,1794,1815,696.5961666107178
2047,1673,1335,2049,1982,1489,2052,1773,1503,2049,1793,1862,696.8838167190552
2047,1673,1335,2049,1981,1489,2052,1773,1503,2049,1793,1862,697.1558508872986
2047,1747,1368,2054,1884,1422,2052,1804,1616,2050,1779,1768,697.4437537193298
2054,1959,1472,2049,1716,1337,2052,1805,1880,2059,1745,1564,697.7159700393677
2054,1965,1472,2049,1700,1336,2052,1802,1883,2059,1744,1556,698.0036540031433
2054,1965,1472,2049,1700,1336,2052,1802,1883,2059,1744,1556,698.2757654190063
2054,1877,1415,2049,1781,1364,2053,1781,1754,2058,1769,1642,698.5637149810791
2047,1696,1338,2050,1976,1490,2053,1771,1511,2051,1795,1806,698.8357572555542
2047,1657,1339,2050,1986,1489,2053,1771,1501,2051,1794,1858,699.1239078044891
2047,1657,1339,2050,1986,1489,2053,1771,1501,2050,1794,1858,699.3958442211151
2047,1740,1378,2054,1882,1422,2053,1804,1619,2052,1778,1761,699.6839363574982
2053,1968,1474,2049,1717,1337,2052,1805,1882,2058,1743,1560,699.9557821750641
2053,1984,1474,2049,1699,1337,2052,1796,1890,2057,1742,1554,700.2438087463379
2053,1984,1474,2049,1697,1337,2052,1796,1892,2058,1743,1554,700.5155696868896
2054,1896,1411,2050,1780,1362,2053,1776,1762,2056,1767,1641,700.8038980960846
2047,1705,1336,2052,1976,1489,2052,1770,1509,2049,1794,1807,701.07568526268
2047,1661,1336,2051,1989,1488,2052,1769,1502,2049,1792,1867,701.363799571991
2047,1661,1337,2051,1989,1488,2052,1769,1501,2049,1792,1867,701.6357107162476
2047,1744,1375,2052,1886,1421,2052,1804,1619,2050,1777,1769,701.9233396053314
2053,1962,1472,2046,1723,1334,2052,1806,1875,2059,1741,1593,702.195540189743
2053,1965,1472,2046,1723,1334,2052,1806,1875,2059,1740,1588,702.483448266983
2053,1965,1472,2046,1723,1334,2052,1805,1875,2059,1740,1588,702.7553534507751
2054,1873,1411,2046,1806,1356,2053,1782,1741,2058,1764,1667,703.0435664653778
2049,1702,1337,2049,1979,1483,2052,1779,1510,2051,1793,1822,703.3157062530518
2049,1675,1337,2049,1982,1483,2052,1779,1508,2050,1793,1863,703.6035730838776
2049,1675,1337,2049,1983,1483,2052,1779,1508,2050,1793,1863,703.8756897449493
2047,1757,1372,2054,1880,1417,2052,1810,1622,2053,1778,1765,704.1637892723083
2053,1958,1473,2048,1728,1334,2053,1813,1870,2059,1740,1600,704.4355630874634
2053,1961,1473,2048,1727,1335,2052,1811,1870,2058,1740,1600,704.7235243320465
2053,1961,1473,2048,1727,1334,2053,1812,1870,2058,1740,1600,704.9955942630768
2054,1870,1413,2048,1807,1357,2053,1785,1738,2058,1762,1678,705.2845692634583
2050,1710,1338,2050,1979,1485,2053,1771,1517,2051,1794,1817,705.5550572872162
2051,1681,1338,2049,1986,1484,2053,1771,1509,2051,1793,1857,705.8431322574615
2051,1681,1338,2050,1986,1484,2053,1771,1509,2051,1793,1857,706.1152455806732
2049,1763,1368,2055,1883,1416,2052,1801,1626,2053,1778,1761,706.4032442569733
2054,1968,1471,2048,1717,1334,2052,1808,1872,2056,1739,1591,706.6754248142242
2054,1977,1473,2048,1715,1334,2052,1807,1873,2056,1738,1585,706.9633822441101
2054,1978,1473,2048,1716,1334,2052,1807,1873,2056,1738,1585,707.2352483272552
2053,1883,1411,2049,1798,1357,2052,1782,1742,2056,1762,1668,707.5235569477081
2049,1720,1334,2051,1977,1481,2052,1771,1518,2051,1794,1817,707.7949621677399
2050,1691,1334,2052,1978,1481,2052,1772,1510,2051,1793,1856,708.083417892456
2050,1691,1334,2051,1978,1481,2052,1772,1510,2050,1793,1856,708.3549699783325
2049,1771,1361,2052,1879,1416,2052,1806,1621,2052,1779,1762,708.6429948806763
2053,1959,1470,2046,1721,1331,2049,1814,1863,2057,1736,1591,708.9150421619415
2052,1959,1470,2046,1721,1331,2048,1814,1863,2057,1736,1591,709.2030055522919
2052,1959,1470,2046,1721,1331,2048,1814,1863,2057,1736,1591,709.4749228954315
2053,1866,1412,2046,1803,1361,2050,1786,1737,2056,1760,1670,709.7629008293152
2047,1720,1336,2049,1979,1481,2052,1763,1522,2051,1795,1810,710.0347726345062
2049,1688,1336,2049,1983,1481,2052,1764,1515,2050,1794,1852,710.3230068683624
2049,1688,1336,2049,1983,1481,2052,1764,1515,2051,1794,1852,710.5949795246124
2047,1770,1368,2054,1879,1417,2053,1800,1626,2052,1779,1756,710.8828032016754
2052,1972,1474,2047,1734,1329,2051,1812,1864,2055,1736,1599,711.1550574302673
2052,1973,1475,2047,1727,1329,2050,1810,1877,2055,1736,1588,711.443156003952
2052,1973,1474,2047,1728,1329,2050,1810,1877,2055,1736,1588,711.7148897647858
2052,1879,1413,2047,1803,1352,2051,1783,1749,2055,1759,1667,712.0030765533447
2047,1733,1333,2049,1978,1478,2053,1761,1525,2051,1795,1809,712.2751660346985
2049,1693,1334,2049,1987,1478,2053,1761,1515,2050,1793,1863,712.5627248287201
2049,1693,1334,2049,1987,1478,2053,1761,1515,2050,1793,1863,712.8347959518433
2047,1774,1363,2054,1888,1412,2053,1797,1625,2053,1777,1768,713.1227424144745
2053,1970,1477,2048,1725,1329,2051,1814,1861,2056,1733,1597,713.3946177959442
2053,1970,1477,2048,1708,1329,2050,1809,1878,2056,1733,1579,713.6827845573425
2053,1970,1477,2048,1708,1329,2050,1809,1878,2056,1733,1579,713.9546210765839
2054,1877,1415,2048,1789,1355,2051,1783,1749,2055,1759,1664,714.2426009178162
2047,1742,1332,2049,1972,1478,2053,1755,1527,2052,1797,1795,714.5080411434174
2047,1705,1332,2049,1983,1477,2053,1755,1521,2051,1794,1846,714.7671544551849
2047,1705,1332,2049,1983,1477,2053,1755,1521,2051,1794,1846,715.0270090103149
2046,1789,1363,2053,1880,1412,2053,1793,1633,2051,1779,1750,715.3146631717682
2051,1964,1476,2047,1716,1328,2050,1814,1864,2054,1736,1592,715.5868928432465
2052,1964,1476,2047,1713,1328,2050,1814,1867,2054,1736,1591,715.8748290538788
2052,1964,1476,2047,1713,1328,2050,1814,1867,2054,1736,1591,716.1468687057495
2053,1870,1415,2047,1794,1357,2051,1786,1739,2054,1760,1672,716.4348247051239
2047,1736,1337,2050,1971,1479,2053,1757,1525,2052,1801,1791,716.7068376541138
2047,1712,1338,2049,1979,1478,2054,1757,1522,2051,1797,1819,716.9946973323822
2047,1710,1338,2049,1989,1478,2053,1757,1522,2051,1797,1823,717.2669451236725
2046,1781,1367,2054,1888,1415,2053,1791,1635,2052,1780,1734,717.5546817779541
2052,1967,1478,2047,1733,1329,2049,1812,1862,2053,1739,1601,717.8265340328217
2052,1967,1478,2047,1732,1329,2049,1812,1865,2053,1738,1601,718.1147372722626
2052,1967,1478,2047,1732,1329,2049,1813,1865,2053,1738,1601,718.3865683078766
2053,1875,1415,2047,1813,1351,2049,1785,1737,2054,1761,1682,718.6746988296509
2046,1753,1338,2049,1978,1472,2053,1756,1533,2051,1798,1794,718.9463579654694
2046,1742,1337,2049,1977,1472,2053,1756,1525,2050,1798,1808,719.2346994876862
2046,1742,1337,2049,1977,1472,2053,1756,1525,2050,1798,1808,719.5067491531372
2045,1816,1366,2053,1874,1411,2053,1793,1635,2052,1782,1719,719.7957890033722
2052,1971,1474,2047,1730,1327,2049,1809,1867,2053,1739,1603,720.0663909912109
2052,1972,1474,2047,1729,1327,2049,1809,1868,2053,1740,1603,720.3543081283569
2052,1972,1474,2047,1729,1328,2049,1809,1868,2053,1739,1603,720.6266782283783
2052,1880,1412,2046,1809,1351,2049,1783,1744,2053,1762,1681,720.9143869876862
2045,1775,1333,2050,1953,1473,2053,1746,1530,2051,1808,1776,721.1863095760345
2045,1775,1333,2050,1953,1474,2053,1746,1529,2051,1807,1776,721.4742913246155
2045,1775,1333,2050,1953,1474,2053,1746,1529,2051,1808,1776,721.7462484836578
2045,1847,1364,2054,1850,1412,2054,1785,1638,2050,1788,1690,722.0343215465546
2051,1969,1480,2046,1714,1325,2048,1808,1869,2052,1739,1600,722.306126832962
2051,1970,1480,2046,1711,1325,2048,1808,1877,2052,1739,1599,722.5942702293396
2051,1970,1480,2046,1711,1325,2048,1808,1877,2052,1739,1599,722.8663067817688
2052,1879,1415,2046,1795,1356,2049,1781,1748,2052,1762,1677,723.1541609764099
2046,1766,1339,2049,1952,1474,2053,1745,1521,2051,1806,1791,723.4261207580566
2046,1764,1339,2049,1952,1474,2053,1746,1521,2051,1805,1792,723.7140197753906
2046,1764,1339,2049,1952,1474,2053,1745,1520,2051,1805,1792,723.986216545105
2045,1836,1368,2052,1849,1412,2054,1786,1631,2052,1786,1702,724.2739808559418
2050,1972,1481,2047,1689,1330,2049,1814,1868,2053,1746,1588,724.5459706783295
2050,1973,1481,2047,1683,1330,2048,1812,1877,2052,1745,1581,724.8342638015747
2050,1973,1481,2047,1683,1330,2048,1812,1877,2052,1745,1581,725.1058859825134
2052,1883,1419,2047,1766,1361,2050,1785,1749,2052,1769,1663,725.3939352035522
2046,1758,1340,2050,1968,1475,2053,1746,1527,2051,1805,1793,725.6659903526306
2046,1726,1340,2049,1970,1474,2053,1746,1525,2051,1798,1813,725.9541349411011
2046,1726,1340,2050,1970,1474,2053,1747,1525,2051,1798,1813,726.2259478569031
2046,1805,1368,2054,1868,1413,2054,1786,1637,2052,1783,1723,726.5138881206512
2050,1968,1479,2046,1722,1328,2050,1811,1861,2053,1742,1598,726.7861082553864
2050,1968,1480,2046,1719,1328,2049,1812,1866,2052,1742,1598,727.0738642215729
2050,1968,1479,2046,1719,1327,2049,1812,1866,2052,1742,1598,727.3458027839661
2053,1877,1416,2047,1801,1350,2050,1784,1739,2053,1765,1674,727.633763551712
2046,1770,1338,2050,1963,1475,2053,1757,1528,2051,1808,1774,727.9058349132538
2046,1758,1338,2050,1966,1475,2053,1756,1528,2051,1806,1786,728.1938097476959
2046,1758,1338,2049,1967,1475,2053,1756,1527,2051,1807,1786,728.4660687446594
2045,1828,1366,2054,1863,1414,2054,1793,1634,2050,1789,1700,728.7538132667542
2052,1961,1478,2047,1712,1330,2048,1816,1861,2052,1743,1593,729.0257294178009
2052,1963,1478,2047,1708,1330,2048,1816,1869,2052,1743,1593,729.3137621879578
2052,1965,1478,2047,1708,1330,2048,1816,1869,2052,1743,1593,729.5857281684875
2053,1876,1416,2047,1786,1359,2048,1787,1741,2052,1765,1671,729.8737683296204
2045,1764,1337,2054,1950,1478,2053,1747,1533,2051,1811,1788,730.1459157466888
2045,1764,1337,2053,1950,1477,2053,1747,1533,2051,1810,1788,730.4339377880096
2045,1764,1338,2053,1951,1477,2053,1747,1533,2051,1810,1788,730.706095457077
2045,1834,1367,2053,1848,1417,2054,1784,1642,2051,1791,1697,730.9940872192383
2052,1965,1477,2045,1703,1333,2048,1810,1870,2053,1747,1585,731.2659728527069
2052,1966,1477,2045,1699,1333,2048,1810,1874,2053,1747,1585,731.553778886795
2052,1966,1477,2045,1699,1333,2048,1810,1874,2053,1747,1583,731.8255610466003
2053,1879,1415,2044,1776,1361,2049,1783,1747,2052,1771,1663,732.1135935783386
2045,1759,1339,2052,1945,1478,2053,1745,1526,2051,1807,1784,732.3856647014618
2045,1751,1340,2052,1968,1477,2053,1746,1526,2051,1801,1789,732.6739037036896
2045,1751,1340,2052,1969,1477,2053,1746,1526,2051,1801,1791,732.9458405971527
2045,1823,1366,2052,1868,1417,2054,1783,1636,2050,1788,1709,733.2336068153381
2052,1965,1478,2045,1709,1330,2048,1811,1873,2052,1748,1588,733.5055558681488
2052,1966,1478,2045,1706,1330,2048,1811,1877,2052,1748,1588,733.7935254573822
2052,1966,1478,2045,1706,1330,2048,1811,1877,2052,1748,1588,734.0660696029663
2053,1876,1414,2044,1790,1355,2048,1784,1749,2052,1770,1664,734.3539216518402
2046,1752,1337,2052,1959,1476,2053,1746,1528,2051,1810,1774,734.6259076595306
2046,1706,1337,2052,1975,1476,2053,1749,1518,2050,1799,1809,734.9141099452972
2046,1688,1338,2052,1975,1476,2052,1750,1512,2050,1797,1831,735.1859695911407
2045,1763,1367,2051,1877,1417,2053,1788,1624,2052,1781,1741,735.4503474235535
2053,1968,1482,2042,1745,1325,2050,1818,1859,2053,1736,1607,735.6906640529633
2053,1967,1483,2042,1733,1325,2050,1818,1860,2054,1736,1596,735.9466552734375
2053,1967,1483,2042,1733,1325,2050,1818,1860,2054,1736,1596,736.186577796936
2054,1881,1423,2042,1806,1346,2051,1787,1735,2054,1757,1669,736.4426512718201
2046,1759,1337,2045,1966,1475,2053,1761,1526,2051,1803,1784,736.6825611591339
2046,1759,1336,2045,1967,1475,2053,1761,1524,2051,1803,1784,736.9386332035065
2047,1759,1336,2045,1967,1475,2053,1761,1524,2051,1803,1784,737.1786165237427
2045,1830,1365,2050,1868,1418,2054,1795,1630,2050,1786,1704,737.4347591400146
2051,1965,1481,2044,1714,1328,2049,1820,1851,2052,1746,1593,737.674747467041
2052,1966,1481,2043,1702,1328,2049,1819,1868,2052,1745,1593,737.9306576251984
2052,1966,1481,2043,1702,1328,2049,1819,1868,2052,1745,1593,738.1706256866455
2053,1882,1423,2043,1779,1355,2049,1791,1747,2053,1766,1666,738.4266500473022
2046,1771,1337,2050,1962,1477,2053,1751,1529,2051,1810,1780,738.6890826225281
2046,1730,1337,2050,1975,1477,2053,1753,1520,2051,1798,1805,738.977303981781
2046,1722,1337,2049,1975,1477,2053,1753,1519,2051,1798,1817,739.2494540214539
2046,1801,1364,2054,1873,1416,2054,1792,1629,2051,1782,1727,739.5374562740326
2053,1960,1479,2047,1728,1327,2049,1820,1854,2052,1740,1603,739.8092794418335
2053,1974,1479,2047,1722,1327,2049,1819,1860,2052,1741,1602,740.0972826480865
2053,1974,1479,2047,1720,1327,2049,1817,1861,2052,1741,1599,740.3691732883453
2054,1885,1421,2047,1795,1352,2049,1788,1741,2052,1764,1668,740.6570613384247
2047,1763,1334,2050,1968,1477,2053,1753,1519,2051,1808,1775,740.9292764663696
2047,1716,1335,2050,1975,1477,2053,1754,1518,2050,1797,1823,741.2173271179199
2047,1715,1335,2050,1975,1477,2053,1754,1518,2051,1797,1824,741.4893801212311
2046,1793,1363,2053,1873,1417,2053,1791,1629,2052,1781,1734,741.7773630619049
2052,1960,1478,2047,1729,1329,2050,1816,1853,2055,1744,1586,742.04922914505
2053,1961,1478,2047,1726,1329,2050,1815,1863,2055,1744,1581,742.3372886180878
2052,1961,1478,2047,1725,1329,2050,1815,1863,2055,1744,1581,742.6092901229858
2054,1871,1419,2047,1801,1351,2051,1788,1735,2054,1768,1660,742.8970584869385
2047,1768,1332,2049,1962,1477,2053,1757,1520,2051,1805,1764,743.168958902359
2047,1757,1333,2050,1963,1477,2053,1757,1518,2051,1806,1788,743.4570159912109
2047,1756,1332,2050,1963,1477,2053,1757,1518,2051,1806,1788,743.7289633750916
2046,1831,1359,2053,1861,1417,2054,1793,1627,2050,1787,1703,744.0175926685333
2053,1961,1479,2047,1720,1329,2048,1822,1855,2052,1747,1588,744.2889523506165
2053,1961,1480,2047,1719,1329,2048,1822,1859,2052,1747,1588,744.5773749351501
2053,1961,1479,2047,1719,1329,2048,1822,1859,2052,1747,1588,744.8492753505707
2054,1876,1417,2048,1801,1353,2048,1791,1733,2052,1771,1666,745.1371743679047
2049,1770,1333,2052,1969,1475,2053,1756,1519,2051,1808,1770,745.4093961715698
2049,1736,1333,2052,1970,1475,2053,1755,1517,2050,1801,1800,745.6971898078918
2049,1731,1333,2051,1972,1475,2052,1756,1518,2051,1800,1810,745.9693665504456
2047,1803,1359,2052,1871,1416,2053,1793,1628,2051,1784,1721,746.2571949958801
2054,1959,1478,2043,1752,1327,2049,1820,1844,2053,1741,1598,746.5292048454285
2054,1959,1478,2043,1752,1327,2049,1820,1844,2053,1741,1598,746.8171801567078
2054,1959,1478,2043,1752,1327,2049,1820,1844,2053,1741,1598,747.0892932415009
2055,1871,1417,2043,1825,1353,2049,1791,1722,2054,1763,1673,747.3771770000458
2049,1771,1330,2049,1974,1475,2053,1761,1524,2051,1802,1772,747.6491651535034
2049,1738,1330,2049,1978,1476,2052,1762,1522,2050,1798,1808,747.9370484352112
2049,1738,1330,2049,1978,1476,2052,1762,1522,2050,1798,1814,748.2089126110077
2047,1810,1354,2054,1879,1417,2053,1797,1627,2051,1781,1727,748.4970362186432
2054,1958,1475,2047,1759,1327,2049,1819,1857,2054,1740,1601,748.7689507007599
2054,1961,1475,2047,1760,1327,2049,1820,1857,2054,1740,1596,749.0569179058075
2054,1961,1475,2047,1759,1327,2049,1820,1857,2053,1740,1596,749.3290495872498
2055,1878,1416,2047,1830,1351,2049,1790,1737,2054,1762,1667,749.6168818473816
2049,1779,1328,2050,1969,1474,2052,1760,1526,2051,1802,1770,749.888697385788
2049,1775,1328,2050,1970,1474,2052,1761,1525,2051,1803,1783,750.1771748065948
2049,1775,1328,2050,1970,1474,2052,1760,1524,2051,1803,1783,750.449047088623
2047,1842,1354,2054,1869,1414,2053,1796,1631,2049,1786,1697,750.7371046543121
2053,1961,1475,2047,1742,1327,2048,1819,1851,2053,1744,1592,751.0088679790497
2053,1965,1475,2047,1741,1327,2048,1819,1851,2053,1744,1591,751.2968742847443
2053,1965,1475,2047,1741,1327,2048,1819,1852,2053,1745,1591,751.568799495697
2054,1879,1415,2047,1820,1350,2048,1790,1727,2053,1767,1667,751.8568723201752
2050,1804,1332,2050,1961,1474,2053,1757,1527,2051,1808,1760,752.1288723945618
2050,1804,1332,2050,1963,1474,2053,1757,1522,2051,1808,1760,752.4167475700378
2050,1804,1332,2050,1963,1474,2053,1757,1522,2051,1808,1760,752.6886365413666
2047,1863,1357,2054,1862,1415,2054,1794,1628,2050,1791,1679,752.9767799377441
2054,1956,1478,2047,1743,1328,2048,1821,1852,2053,1744,1588,753.2486872673035
2054,1966,1478,2047,1740,1328,2048,1821,1862,2053,1744,1577,753.5136096477509
2054,1965,1478,2047,1741,1328,2048,1821,1862,2053,1744,1577,753.7536468505859
2055,1884,1421,2047,1811,1347,2049,1791,1743,2054,1766,1651,754.009523153305
2050,1805,1332,2050,1956,1473,2053,1756,1525,2051,1808,1766,754.2497329711914
2050,1788,1331,2050,1958,1477,2053,1757,1513,2051,1803,1768,754.5053150653839
2050,1765,1331,2050,1963,1478,2053,1756,1513,2050,1800,1787,754.7453479766846
2047,1823,1352,2054,1879,1424,2053,1791,1617,2049,1783,1717,755.0013263225555
2055,1948,1474,2048,1762,1327,2048,1824,1848,2053,1738,1599,755.2412474155426
2055,1956,1474,2048,1753,1327,2049,1823,1851,2053,1738,1588,755.4972922801971
2055,1956,1474,2048,1753,1327,2049,1823,1851,2054,1738,1588,755.7374134063721
2056,1876,1419,2047,1822,1347,2049,1793,1737,2054,1759,1659,755.9965734481812
2050,1783,1332,2051,1955,1480,2053,1761,1520,2051,1807,1771,756.2334685325623
2050,1764,1333,2051,1965,1480,2053,1762,1520,2051,1801,1784,756.4894707202911
2050,1756,1333,2051,1975,1480,2053,1762,1520,2051,1799,1788,756.7294442653656
2047,1818,1353,2054,1881,1426,2054,1798,1621,2050,1785,1712,756.985434293747
2054,1949,1472,2048,1767,1328,2049,1822,1850,2054,1739,1597,757.2252440452576
2055,1961,1472,2048,1767,1327,2049,1822,1854,2054,1739,1578,757.481184720993
2055,1961,1472,2048,1767,1327,2049,1822,1854,2054,1739,1578,757.7211527824402
2056,1884,1420,2047,1829,1348,2050,1792,1740,2055,1760,1650,757.9773995876312
2050,1787,1333,2050,1950,1478,2053,1762,1520,2051,1807,1768,758.2171454429626
2050,1786,1333,2051,1955,1480,2053,1762,1517,2051,1806,1769,758.4731960296631
2050,1785,1333,2051,1963,1480,2053,1763,1517,2051,1805,1770,758.7132580280304
2047,1843,1353,2054,1869,1426,2054,1797,1616,2050,1789,1695,758.9692809581757
2055,1947,1477,2047,1743,1327,2049,1828,1842,2053,1739,1598,759.2253682613373
2055,1957,1477,2047,1743,1327,2049,1828,1853,2054,1740,1591,759.4881947040558
2055,1959,1477,2047,1743,1327,2049,1827,1853,2054,1740,1591,759.7598524093628
2056,1878,1418,2047,1818,1350,2050,1795,1731,2054,1762,1665,760.0480165481567
2049,1798,1333,2050,1888,1449,2054,1742,1493,2051,1766,1660,760.3357763290405
2052,1800,1334,2047,1867,1401,2053,1738,1448,2052,1709,1511,760.6239161491394
2052,1800,1334,2047,1867,1401,2053,1738,1448,2052,1709,1511,760.9118571281433
2050,1799,1334,2048,1862,1403,2054,1737,1449,2051,1710,1511,761.1998789310455
2051,1799,1362,2050,1803,1428,2053,1738,1449,2051,1729,1511,761.4682514667511
2052,1798,1382,2049,1774,1453,2053,1741,1449,2045,1752,1511,761.7602984905243
2051,1786,1450,2050,1774,1453,2053,1753,1454,2043,1753,1511,762.0483365058899
2050,1783,1451,2050,1774,1453,2053,1752,1454,2043,1752,1503,762.3364238739014
2051,1772,1451,2050,1764,1453,2053,1752,1455,2043,1752,1504,762.6242158412933
2051,1770,1451,2050,1764,1453,2053,1751,1455,2043,1752,1504,762.9122788906097
2050,1771,1451,2050,1764,1453,2053,1752,1454,2041,1752,1503,763.2001738548279
2050,1766,1450,2050,1763,1453,2053,1761,1437,2042,1752,1499,763.4877164363861
2053,1757,1438,2049,1757,1442,2052,1754,1440,2050,1746,1454,763.77614569664
2053,1758,1437,2049,1759,1442,2053,1755,1437,2049,1745,1449,764.0640659332275
2053,1758,1437,2049,1759,1442,2053,1755,1437,2049,1745,1449,764.3521475791931
2053,1758,1437,2049,1759,1442,2053,1755,1437,2049,1745,1449,764.639886379242
2053,1758,1437,2049,1759,1442,2053,1755,1437,2049,1745,1449,764.9278724193573
2053,1758,1437,2049,1759,1442,2053,1755,1437,2050,1745,1449,765.1953778266907
2053,1758,1437,2049,1759,1442,2053,1755,1437,2049,1745,1449,765.4509427547455
2053,1758,1437,2049,1759,1442,2053,1755,1437,2049,1745,1448,765.6910073757172
2053,1731,1397,2050,1840,1459,2052,1769,1442,2050,1790,1552,765.9469068050385
2049,1634,1356,2048,1987,1494,2052,1777,1494,2051,1828,1742,766.1869692802429
2049,1624,1377,2049,1991,1494,2052,1785,1495,2056,1821,1780,766.4428741931915
2049,1624,1377,2049,1991,1494,2052,1786,1495,2056,1821,1780,766.6826868057251
2050,1698,1421,2052,1880,1429,2053,1809,1616,2053,1797,1695,766.9392783641815
2053,1968,1482,2048,1736,1331,2054,1804,1871,2056,1750,1579,767.1788046360016
2053,1978,1481,2048,1711,1331,2053,1797,1888,2056,1750,1579,767.4324340820312
2053,1978,1481,2048,1711,1331,2053,1797,1888,2056,1750,1579,767.6727492809296
2054,1898,1422,2048,1784,1351,2053,1776,1774,2056,1771,1654,767.9286985397339
2047,1754,1343,2053,1971,1468,2053,1751,1519,2053,1804,1781,768.1687023639679
2047,1716,1343,2053,1978,1470,2053,1751,1516,2052,1797,1819,768.4247372150421
2047,1715,1343,2053,1978,1470,2053,1751,1515,2052,1797,1819,768.6645176410675
2047,1789,1365,2052,1884,1415,2054,1783,1617,2052,1785,1738,768.920567035675
2051,1972,1479,2044,1727,1324,2051,1804,1862,2053,1748,1592,769.160728931427
2052,1984,1478,2045,1691,1323,2050,1795,1899,2053,1748,1569,769.4185285568237
2051,1984,1478,2045,1691,1323,2050,1796,1899,2053,1748,1568,769.6584639549255
2052,1900,1416,2046,1769,1350,2051,1773,1776,2053,1772,1651,769.9147863388062
2047,1767,1339,2051,1963,1466,2053,1737,1535,2052,1808,1774,770.1594049930573
2046,1764,1339,2052,1963,1472,2053,1737,1534,2052,1807,1782,770.4243845939636
2046,1764,1339,2052,1964,1472,2053,1737,1534,2051,1807,1782,770.6646440029144
2045,1830,1365,2051,1869,1417,2054,1773,1635,2051,1790,1700,770.9205031394958
2050,1971,1473,2044,1714,1325,2050,1794,1876,2054,1753,1592,771.1624886989594
2051,1975,1473,2044,1702,1324,2050,1794,1893,2054,1753,1588,771.4187593460083
2051,1975,1473,2044,1702,1324,2050,1794,1893,2054,1753,1588,771.6583898067474
2053,1894,1415,2044,1776,1349,2052,1772,1774,2053,1774,1663,771.9144504070282
2047,1771,1338,2049,1970,1467,2053,1742,1529,2052,1809,1774,772.1543667316437
2047,1709,1338,2050,1980,1467,2053,1743,1512,2051,1796,1827,772.4083724021912
2047,1703,1338,2050,1986,1467,2053,1742,1512,2051,1796,1835,772.6481447219849
2046,1780,1360,2054,1896,1413,2053,1778,1611,2050,1783,1754,772.9041934013367
2049,1969,1474,2048,1756,1322,2050,1798,1863,2053,1740,1606,773.1441686153412
2049,1971,1473,2048,1738,1322,2050,1797,1880,2053,1740,1592,773.4004333019257
2050,1974,1473,2048,1738,1322,2050,1797,1880,2053,1740,1591,773.6403429508209
2051,1900,1421,2048,1799,1339,2050,1776,1774,2052,1762,1652,773.8963384628296
2047,1753,1338,2049,1978,1463,2052,1749,1523,2051,1798,1791,774.1432733535767
2047,1713,1338,2049,1984,1465,2052,1753,1506,2050,1794,1831,774.4309589862823
2047,1712,1338,2049,1984,1465,2052,1753,1506,2050,1794,1835,774.703319311142
2047,1790,1363,2052,1888,1408,2053,1790,1612,2052,1780,1750,774.9909145832062
2051,1971,1474,2048,1724,1328,2048,1798,1880,2054,1746,1578,775.2631239891052
2052,1979,1474,2049,1704,1327,2048,1797,1902,2054,1746,1576,775.5513696670532
2052,1980,1474,2048,1704,1327,2048,1797,1901,2054,1746,1576,775.82306432724
2052,1898,1414,2049,1781,1350,2049,1774,1780,2053,1769,1653,776.1110844612122
2046,1771,1337,2053,1965,1467,2053,1739,1527,2051,1802,1784,776.3830885887146
2046,1757,1337,2053,1964,1473,2053,1740,1513,2051,1800,1798,776.6709234714508
2046,1757,1337,2053,1964,1473,2053,1740,1513,2050,1800,1798,776.9429631233215
2045,1825,1360,2052,1869,1416,2053,1777,1614,2051,1786,1719,777.2309520244598
2051,1970,1474,2044,1712,1324,2049,1803,1869,2053,1746,1594,777.5028743743896
2051,1978,1474,2044,1703,1324,2049,1801,1883,2053,1746,1578,777.7909135818481
2051,1978,1474,2044,1703,1324,2049,1801,1883,2053,1746,1578,778.0631487369537
2052,1890,1416,2044,1775,1354,2049,1779,1761,2053,1767,1657,778.3508191108704
2047,1761,1342,2049,1960,1476,2053,1749,1529,2051,1806,1788,778.6229519844055
2047,1715,1343,2049,1978,1476,2052,1753,1512,2050,1795,1824,778.9110200405121
2047,1692,1343,2049,1984,1476,2052,1753,1510,2050,1794,1851,779.1830027103424
2047,1770,1364,2054,1891,1415,2052,1787,1613,2052,1778,1767,779.4711446762085
2053,1968,1466,2048,1736,1326,2050,1804,1859,2055,1734,1605,779.7430465221405
2053,1970,1466,2048,1732,1325,2050,1802,1863,2055,1734,1605,780.0308446884155
2053,1969,1466,2048,1732,1325,2050,1802,1863,2055,1734,1605,780.3094139099121
2053,1881,1408,2048,1808,1352,2051,1779,1742,2054,1756,1686,780.6074271202087
2049,1738,1338,2052,1976,1472,2052,1759,1517,2051,1797,1793,780.8795592784882
2049,1686,1339,2052,1986,1472,2052,1761,1506,2050,1793,1854,781.1675972938538
2049,1686,1339,2052,1989,1472,2052,1761,1506,2050,1792,1856,781.4395592212677
2047,1758,1364,2052,1893,1415,2052,1793,1612,2052,1778,1768,781.7274730205536
2054,1957,1468,2045,1753,1327,2052,1812,1860,2056,1734,1614,782.0020418167114
2054,1971,1468,2045,1740,1327,2052,1807,1866,2057,1734,1604,782.2873454093933
2054,1970,1468,2045,1739,1326,2052,1806,1868,2057,1734,1603,782.5594987869263
2055,1889,1413,2045,1810,1346,2052,1781,1753,2056,1755,1676,782.847329378128
2049,1735,1335,2049,1978,1470,2052,1765,1512,2050,1791,1821,783.1194915771484
2049,1704,1335,2049,1981,1469,2052,1765,1508,2050,1787,1865,783.4074077606201
2049,1704,1335,2049,1981,1469,2052,1765,1508,2050,1787,1866,783.6791987419128
2046,1774,1362,2053,1890,1411,2052,1799,1611,2052,1774,1777,783.9672706127167
2052,1962,1465,2048,1733,1327,2051,1811,1861,2056,1733,1594,784.2390615940094
2052,1971,1465,2048,1723,1327,2051,1806,1873,2056,1733,1582,784.5271420478821
2052,1971,1465,2048,1723,1327,2051,1806,1873,2056,1733,1583,784.7991104125977
2053,1889,1411,2048,1796,1349,2052,1782,1754,2055,1755,1660,785.0870594978333
2047,1751,1333,2049,1976,1473,2051,1761,1522,2051,1794,1811,785.3587446212769
2047,1706,1334,2049,1990,1472,2051,1764,1512,2050,1792,1866,785.6470665931702
2049,1703,1334,2049,1991,1473,2051,1764,1510,2049,1791,1867,785.9192888736725
2047,1776,1357,2052,1897,1415,2052,1798,1613,2051,1776,1781,786.2068877220154
2053,1957,1462,2048,1771,1328,2049,1814,1864,2055,1729,1611,786.4789192676544
2053,1964,1462,2048,1772,1328,2049,1815,1865,2055,1729,1600,786.7669558525085
2053,1964,1462,2048,1772,1328,2049,1815,1865,2055,1727,1600,787.0391662120819
2054,1883,1409,2047,1839,1346,2050,1789,1746,2055,1749,1670,787.3272047042847
2049,1742,1330,2049,1984,1468,2051,1765,1525,2051,1785,1813,787.5988688468933
2049,1711,1331,2049,1986,1469,2051,1765,1520,2050,1785,1860,787.8869104385376
2049,1711,1331,2049,1986,1469,2051,1765,1521,2050,1785,1860,788.1586842536926
2047,1785,1353,2053,1892,1411,2052,1796,1624,2052,1769,1772,788.4468786716461
2053,1954,1459,2048,1739,1329,2049,1814,1854,2055,1726,1603,788.7186517715454
2052,1956,1460,2048,1737,1329,2049,1814,1855,2056,1725,1599,789.006594657898
2052,1956,1459,2048,1737,1329,2049,1814,1855,2056,1725,1599,789.2786908149719
2054,1875,1409,2047,1811,1349,2051,1788,1744,2055,1746,1669,789.5666501522064
2047,1745,1329,2049,1977,1475,2051,1766,1525,2051,1793,1798,789.8386173248291
2047,1703,1330,2049,1978,1474,2051,1767,1517,2051,1788,1850,790.1261034011841
2047,1702,1330,2049,1978,1474,2051,1767,1517,2051,1788,1850,790.3979842662811
2046,1771,1353,2053,1885,1418,2052,1800,1619,2051,1775,1766,790.6860201358795
2052,1954,1455,2048,1744,1333,2052,1814,1851,2056,1729,1605,790.9582855701447
2052,1957,1456,2048,1743,1333,2052,1814,1854,2056,1729,1602,791.2463021278381
2052,1957,1456,2048,1743,1333,2052,1814,1854,2056,1729,1602,791.5182247161865
2053,1878,1405,2047,1815,1352,2052,1787,1740,2056,1748,1672,791.8064436912537
2047,1757,1330,2049,1974,1475,2052,1767,1523,2051,1787,1802,792.0785164833069
2047,1715,1330,2049,1979,1474,2052,1767,1520,2050,1786,1858,792.3662481307983
2047,1715,1330,2049,1980,1474,2052,1767,1520,2050,1786,1858,792.6381216049194
2047,1787,1352,2053,1890,1417,2052,1800,1620,2052,1770,1773,792.9259960651398
2053,1970,1452,2048,1753,1329,2051,1811,1860,2056,1723,1617,793.1983976364136
2053,1976,1453,2048,1752,1329,2051,1810,1861,2056,1724,1603,793.4860689640045
2053,1976,1453,2048,1752,1329,2051,1810,1861,2056,1724,1603,793.7582483291626
2054,1901,1402,2048,1819,1346,2051,1784,1750,2056,1743,1670,794.0460755825043
2050,1787,1328,2049,1973,1470,2052,1760,1531,2052,1786,1793,794.3180458545685
2050,1732,1328,2049,1978,1469,2052,1762,1519,2049,1782,1862,794.6060276031494
2050,1732,1328,2049,1979,1470,2052,1762,1518,2050,1782,1863,794.8755626678467
2047,1792,1344,2053,1896,1421,2053,1793,1610,2051,1772,1786,795.1277823448181
2052,1947,1457,2048,1774,1328,2049,1822,1844,2055,1718,1638,795.3739399909973
2052,1972,1457,2048,1774,1328,2049,1821,1860,2054,1718,1605,795.6616921424866
2052,1973,1457,2048,1773,1328,2050,1821,1860,2054,1718,1605,795.9337124824524
2053,1897,1408,2047,1830,1344,2050,1792,1750,2054,1736,1668,796.2217299938202
2047,1801,1325,2049,1968,1466,2051,1753,1532,2051,1785,1775,796.4937596321106
2049,1773,1326,2050,1978,1492,2051,1755,1521,2049,1787,1831,796.781907081604
2050,1673,1390,2050,1986,1502,2051,1798,1517,2051,1808,1839,797.0540556907654
2049,1787,1448,2051,1862,1459,2052,1803,1651,2051,1807,1739,797.3419759273529
2049,1994,1501,2050,1634,1401,2052,1803,1889,2051,1808,1546,797.6137285232544
2049,1995,1501,2050,1634,1401,2052,1803,1890,2051,1808,1546,797.9017894268036
2049,1994,1501,2050,1634,1401,2052,1803,1890,2050,1808,1546,798.1735634803772
2049,1869,1452,2048,1770,1450,2052,1792,1757,2051,1808,1648,798.4617595672607
2050,1655,1395,2049,1998,1502,2051,1796,1507,2050,1808,1835,798.7337799072266
2051,1627,1392,2047,1999,1493,2051,1796,1507,2059,1793,1836,799.0217700004578
2051,1626,1390,2047,2004,1493,2051,1796,1507,2058,1794,1837,799.2934677600861
2050,1687,1421,2050,1907,1426,2052,1814,1622,2057,1776,1761,799.5815365314484
2053,1892,1474,2047,1710,1341,2052,1812,1875,2060,1741,1565,799.8533797264099
2054,1974,1475,2048,1677,1340,2052,1802,1878,2060,1744,1521,800.1414132118225
2054,1985,1474,2048,1670,1340,2052,1797,1883,2060,1744,1522,800.4135339260101
2054,1909,1417,2049,1739,1359,2052,1777,1775,2059,1767,1601,800.7014465332031
2046,1758,1328,2051,1975,1478,2052,1748,1531,2056,1807,1734,800.9735081195831
2046,1667,1329,2051,1981,1480,2052,1751,1516,2054,1794,1844,801.2614405155182
2047,1665,1329,2052,1983,1480,2052,1751,1515,2054,1794,1847,801.5335166454315
2047,1727,1359,2051,1895,1422,2052,1785,1616,2054,1780,1767,801.8216626644135
2053,1950,1450,2045,1731,1339,2052,1803,1868,2058,1740,1587,802.0932331085205
2053,1968,1455,2046,1728,1339,2052,1797,1871,2058,1740,1580,802.3813800811768
2053,1968,1455,2046,1728,1339,2052,1797,1871,2058,1740,1580,802.6532158851624
2054,1896,1405,2046,1797,1354,2052,1775,1764,2057,1761,1648,802.9414072036743
2049,1788,1330,2051,1962,1467,2052,1753,1530,2054,1798,1742,803.2135148048401
2049,1715,1330,2051,1976,1475,2052,1756,1517,2054,1793,1830,803.5015776157379
2049,1697,1330,2051,1980,1474,2052,1756,1513,2053,1792,1858,803.7734491825104
2047,1758,1351,2052,1893,1421,2052,1789,1610,2054,1778,1781,804.0616490840912
2054,1950,1455,2044,1786,1326,2051,1815,1844,2056,1723,1633,804.3330960273743
2054,1951,1455,2044,1786,1326,2051,1815,1847,2056,1723,1607,804.6213893890381
2054,1951,1455,2044,1786,1326,2051,1815,1847,2056,1724,1607,804.8932492733002
2055,1885,1413,2044,1840,1341,2051,1790,1748,2057,1741,1666,805.1821105480194
2051,1785,1328,2047,1975,1458,2052,1759,1530,2054,1781,1785,805.4532465934753
2052,1719,1329,2047,1983,1462,2051,1760,1517,2053,1777,1868,805.7412443161011
2052,1717,1329,2047,1984,1462,2051,1760,1517,2052,1778,1872,806.0131549835205
2050,1779,1346,2052,1906,1409,2052,1791,1606,2053,1766,1798,806.3011553287506
2054,1939,1444,2047,1826,1322,2050,1814,1831,2055,1714,1681,806.5731925964355
2054,1939,1443,2047,1826,1322,2050,1814,1831,2055,1713,1681,806.8545219898224
2054,1939,1444,2047,1826,1322,2050,1814,1831,2055,1713,1681,807.0944654941559
2055,1883,1406,2046,1873,1330,2051,1791,1747,2056,1721,1723,807.3504745960236
2053,1830,1328,2048,1970,1424,2051,1756,1547,2053,1749,1783,807.5905182361603
2053,1827,1328,2049,1972,1432,2051,1756,1526,2053,1748,1785,807.8464121818542
2053,1828,1328,2049,1972,1432,2051,1756,1526,2053,1748,1785,808.0864090919495
2051,1869,1340,2052,1907,1399,2052,1784,1601,2053,1742,1737,808.3424880504608
2054,1922,1429,2049,1835,1322,2049,1816,1803,2054,1714,1696,808.5824460983276
2054,1925,1429,2049,1834,1322,2048,1814,1839,2055,1713,1691,808.8383274078369
2054,1925,1429,2049,1834,1322,2048,1814,1839,2055,1713,1690,809.0940158367157
2055,1872,1395,2047,1881,1331,2048,1791,1755,2056,1720,1730,809.3498954772949
2053,1830,1328,2051,1923,1411,2051,1740,1526,2053,1733,1711,809.6060571670532
2053,1831,1328,2049,1917,1399,2051,1735,1470,2054,1680,1598,809.8619465827942
2053,1831,1328,2049,1917,1399,2051,1735,1470,2054,1680,1598,810.1179010868073
2053,1831,1328,2049,1917,1399,2051,1735,1470,2054,1680,1598,810.3741314411163
2053,1831,1328,2049,1917,1399,2051,1735,1469,2054,1680,1596,810.630065202713
2053,1831,1328,2049,1917,1400,2051,1735,1467,2053,1680,1588,810.9093134403229
2054,1829,1334,2049,1898,1402,2051,1736,1463,2054,1682,1582,811.1972789764404
2052,1781,1450,2049,1815,1448,2050,1739,1462,2053,1748,1512,811.4853024482727
2052,1780,1451,2049,1814,1447,2051,1752,1461,2052,1750,1511,811.7731580734253
2052,1774,1435,2047,1815,1446,2052,1753,1457,2056,1750,1479,812.0611910820007
2051,1774,1418,2046,1815,1438,2053,1754,1438,2055,1747,1441,812.3491461277008
2050,1774,1418,2046,1814,1438,2053,1753,1438,2055,1746,1441,812.6373794078827
2050,1774,1418,2046,1815,1438,2053,1753,1438,2055,1746,1441,812.9251801967621
2051,1774,1418,2046,1814,1438,2053,1753,1438,2055,1746,1441,813.21333360672
2051,1774,1418,2046,1814,1438,2053,1753,1438,2055,1746,1441,813.5019843578339
2050,1773,1418,2046,1814,1438,2053,1753,1438,2055,1746,1441,813.7905752658844
2051,1774,1418,2046,1814,1438,2053,1753,1438,2055,1746,1441,814.0808699131012
2050,1774,1418,2046,1814,1438,2053,1753,1438,2055,1746,1441,814.3651478290558
2050,1774,1418,2046,1814,1438,2053,1753,1438,2055,1746,1441,814.6527523994446
2051,1774,1418,2046,1814,1438,2053,1753,1438,2055,1746,1441,814.9408957958221
2050,1774,1418,2046,1814,1438,2053,1753,1438,2055,1746,1441,815.2289974689484
2050,1773,1418,2046,1814,1438,2053,1753,1438,2055,1746,1441,815.517240524292
2050,1774,1418,2046,1814,1438,2053,1753,1438,2055,1746,1441,815.8048465251923
2050,1774,1418,2046,1814,1438,2053,1753,1438,2055,1746,1441,816.0938725471497
2050,1774,1418,2046,1814,1438,2053,1753,1438,2055,1746,1441,816.3808484077454
2050,1774,1418,2046,1814,1438,2053,1753,1438,2055,1746,1441,816.668607711792
2050,1774,1418,2046,1814,1438,2053,1753,1438,2055,1746,1441,816.9576392173767
2050,1774,1418,2046,1814,1438,2053,1753,1438,2055,1746,1441,817.2446992397308
2050,1774,1418,2046,1814,1438,2053,1753,1438,2055,1746,1441,817.5328118801117
2050,1774,1418,2046,1814,1438,2053,1753,1438,2055,1746,1441,817.8208355903625
2050,1774,1418,2046,1815,1438,2053,1753,1438,2055,1746,1441,818.1087725162506
2050,1774,1418,2046,1814,1438,2053,1753,1438,2055,1746,1441,818.396541595459
2050,1774,1418,2046,1814,1438,2053,1753,1438,2055,1746,1441,818.6846671104431
2050,1774,1418,2046,1814,1438,2053,1753,1438,2055,1746,1441,818.9726066589355
2051,1774,1418,2046,1814,1438,2053,1753,1438,2055,1746,1441,819.2605237960815
2050,1774,1418,2046,1815,1438,2053,1753,1438,2055,1746,1441,819.5484375953674
2050,1774,1418,2046,1815,1438,2053,1753,1438,2055,1746,1441,819.8362386226654
2050,1774,1418,2046,1814,1438,2053,1753,1438,2055,1746,1441,820.1242113113403
2050,1774,1418,2046,1814,1438,2053,1753,1438,2055,1746,1441,820.4123165607452
2050,1774,1418,2046,1814,1438,2053,1753,1438,2055,1746,1441,820.7001714706421
2050,1774,1418,2046,1814,1438,2053,1753,1438,2055,1746,1441,820.9886305332184
2051,1774,1418,2046,1814,1438,2053,1753,1438,2055,1746,1441,821.2764308452606
2050,1774,1418,2046,1814,1438,2053,1753,1438,2055,1746,1441,821.5644319057465
2050,1774,1418,2046,1814,1438,2053,1753,1438,2055,1746,1441,821.8522639274597
2051,1774,1418,2046,1814,1438,2053,1753,1438,2055,1746,1441,822.140444278717
2050,1774,1418,2046,1814,1438,2053,1753,1438,2055,1746,1441,822.4283654689789
2050,1774,1418,2046,1814,1438,2053,1753,1438,2055,1746,1441,822.71644282341
2050,1774,1418,2046,1814,1438,2053,1753,1438,2055,1746,1441,823.0041453838348
2050,1774,1418,2046,1815,1438,2053,1753,1438,2055,1746,1441,823.2923309803009
2051,1774,1418,2046,1815,1438,2053,1753,1438,2055,1746,1441,823.5801138877869
2051,1774,1417,2046,1815,1438,2053,1753,1438,2055,1746,1441,823.8682553768158
2050,1774,1418,2046,1814,1438,2053,1753,1438,2055,1746,1441,824.1562526226044
2050,1774,1418,2046,1815,1438,2053,1753,1438,2055,1746,1441,824.444287776947
2050,1774,1418,2046,1815,1438,2053,1753,1438,2055,1746,1441,824.7323226928711
2050,1774,1418,2046,1815,1438,2053,1753,1438,2055,1746,1441,825.0200481414795
2050,1774,1418,2046,1814,1438,2053,1753,1438,2055,1746,1441,825.3082792758942
2051,1774,1418,2046,1815,1438,2053,1753,1438,2055,1746,1441,825.5959527492523
2050,1774,1417,2046,1814,1438,2053,1753,1438,2055,1746,1441,825.8841302394867
2050,1774,1418,2046,1814,1438,2053,1753,1438,2055,1746,1441,826.1719501018524
2050,1774,1418,2046,1814,1438,2053,1753,1438,2055,1746,1441,826.4602394104004
2050,1774,1418,2046,1815,1438,2053,1753,1438,2055,1746,1441,826.7480142116547
2050,1774,1418,2046,1815,1438,2053,1753,1438,2055,1746,1441,827.0362334251404
2050,1774,1418,2046,1814,1438,2053,1753,1438,2055,1746,1441,827.3242697715759
2050,1774,1418,2046,1814,1438,2053,1753,1438,2055,1746,1441,827.6123247146606
2050,1774,1418,2046,1814,1438,2053,1753,1438,2055,1746,1441,827.9001252651215
2050,1774,1418,2046,1814,1438,2053,1753,1438,2055,1746,1441,828.1882627010345
2050,1774,1418,2046,1814,1438,2053,1753,1438,2055,1746,1441,828.476202249527
2050,1774,1418,2046,1814,1438,2053,1753,1438,2055,1746,1441,828.7640640735626
2050,1774,1418,2046,1814,1438,2053,1753,1438,2055,1746,1441,829.0521545410156
2050,1774,1418,2046,1814,1438,2053,1753,1438,2055,1746,1441,829.339849948883
2051,1774,1418,2046,1814,1438,2053,1753,1438,2055,1746,1441,829.6279947757721
2050,1774,1418,2046,1814,1438,2053,1753,1438,2055,1746,1441,829.9160592556
2050,1774,1418,2046,1815,1438,2053,1753,1438,2055,1746,1441,830.2041583061218
2050,1774,1418,2046,1814,1438,2053,1753,1438,2055,1746,1441,830.4920799732208
2051,1774,1418,2046,1814,1438,2053,1753,1438,2055,1746,1441,830.7803087234497
2050,1774,1418,2046,1815,1438,2053,1753,1438,2055,1746,1441,831.0681307315826
2050,1774,1418,2046,1815,1438,2053,1753,1438,2055,1746,1441,831.3555970191956
2050,1774,1418,2046,1814,1438,2053,1753,1438,2055,1746,1441,831.6437342166901
2051,1774,1418,2046,1815,1438,2053,1753,1438,2055,1746,1441,831.9317502975464
2050,1774,1418,2046,1815,1438,2053,1753,1438,2055,1746,1441,832.2197933197021
2050,1774,1418,2046,1815,1438,2053,1753,1438,2055,1746,1441,832.5078055858612
2050,1774,1418,2046,1815,1438,2053,1753,1438,2055,1746,1441,832.7959182262421
2050,1774,1418,2046,1814,1438,2053,1753,1438,2055,1746,1441,833.0836839675903
2051,1774,1418,2046,1814,1438,2053,1753,1438,2055,1746,1441,833.3717164993286
2050,1774,1418,2046,1814,1438,2053,1753,1438,2055,1746,1441,833.6596097946167
2051,1774,1418,2046,1814,1438,2053,1753,1438,2055,1746,1441,833.9481599330902
2050,1774,1418,2046,1814,1438,2053,1753,1438,2055,1746,1441,834.236430644989
2050,1774,1418,2046,1815,1438,2053,1753,1438,2055,1746,1441,834.5241649150848
2051,1774,1418,2046,1815,1438,2053,1753,1438,2055,1746,1441,834.795836687088
2051,1775,1417,2046,1815,1438,2053,1754,1436,2055,1752,1436,835.0839214324951
2051,1775,1418,2046,1815,1436,2052,1746,1421,2052,1746,1413,835.355800151825
2051,1776,1416,2047,1815,1421,2051,1745,1423,2051,1745,1413,835.6437420845032
2051,1778,1415,2047,1815,1420,2051,1744,1423,2051,1745,1413,835.9157085418701
2051,1780,1415,2047,1816,1419,2051,1744,1423,2051,1744,1413,836.2037148475647
2051,1764,1418,2046,1797,1420,2051,1744,1424,2050,1743,1415,836.4916484355927
2051,1756,1417,2047,1779,1420,2051,1754,1421,2051,1749,1413,836.7795469760895
2051,1756,1418,2046,1779,1420,2051,1754,1421,2051,1749,1413,837.0676119327545
2051,1756,1418,2046,1779,1420,2051,1754,1421,2051,1749,1413,837.3555641174316
2051,1756,1418,2046,1779,1420,2051,1754,1421,2051,1749,1413,837.6435985565186
2051,1756,1418,2046,1779,1420,2051,1754,1421,2051,1749,1413,837.931608915329
2051,1756,1418,2046,1779,1420,2051,1754,1421,2051,1749,1413,838.219583272934
2051,1756,1418,2047,1779,1420,2051,1754,1421,2051,1749,1413,838.5076675415039
2051,1756,1418,2047,1779,1420,2051,1754,1421,2051,1749,1413,838.7957811355591
2051,1756,1417,2047,1779,1420,2051,1754,1421,2051,1749,1413,839.0835616588593
2051,1756,1417,2046,1779,1420,2051,1753,1421,2051,1749,1413,839.3715991973877
2051,1756,1418,2046,1779,1420,2051,1754,1421,2051,1749,1413,839.6596105098724
2051,1756,1417,2047,1779,1420,2051,1754,1421,2051,1749,1413,839.9477500915527
2051,1756,1418,2046,1779,1420,2051,1754,1421,2051,1749,1413,840.2359657287598
2051,1756,1418,2046,1779,1420,2051,1754,1421,2051,1749,1413,840.5238530635834
2051,1756,1418,2046,1779,1420,2051,1754,1421,2051,1749,1413,840.8115921020508
2051,1756,1418,2046,1779,1420,2051,1754,1421,2051,1749,1413,841.0995388031006
2051,1756,1418,2046,1779,1420,2051,1754,1421,2051,1749,1413,841.3876991271973
2051,1756,1418,2046,1779,1420,2051,1754,1421,2051,1749,1413,841.6757283210754
2051,1756,1418,2047,1779,1420,2051,1754,1421,2051,1749,1413,841.9447011947632
2051,1756,1418,2046,1779,1420,2051,1754,1421,2051,1749,1413,842.2125499248505
2051,1756,1418,2047,1779,1419,2051,1754,1421,2051,1749,1413,842.4683938026428
2051,1756,1418,2047,1779,1420,2051,1754,1421,2051,1749,1413,842.7486698627472
2051,1756,1418,2047,1778,1420,2051,1754,1421,2051,1749,1413,843.0362772941589
2051,1756,1418,2047,1779,1420,2051,1754,1421,2051,1749,1413,843.3246378898621
2051,1756,1418,2046,1779,1420,2051,1754,1421,2051,1749,1413,843.6108493804932
2051,1756,1418,2046,1779,1420,2051,1754,1421,2051,1749,1413,843.8989553451538
2051,1756,1418,2047,1779,1420,2051,1754,1421,2051,1749,1413,844.1869609355927
2051,1756,1418,2046,1779,1420,2051,1754,1421,2051,1749,1413,844.4751257896423
2051,1756,1418,2047,1779,1420,2051,1754,1421,2051,1749,1413,844.7630434036255
2051,1756,1418,2047,1779,1420,2051,1754,1421,2051,1749,1413,845.0508952140808
2051,1756,1418,2046,1779,1420,2051,1754,1421,2051,1749,1413,845.3388671875
2051,1756,1418,2046,1779,1420,2051,1754,1421,2051,1749,1413,845.6266603469849
2051,1756,1418,2046,1779,1420,2051,1754,1421,2051,1749,1413,845.9147884845734
2051,1756,1418,2046,1779,1420,2051,1754,1421,2051,1749,1413,846.2031219005585
2051,1756,1418,2047,1779,1420,2051,1754,1421,2051,1749,1413,846.490651845932
2051,1756,1418,2046,1779,1420,2051,1753,1421,2051,1749,1413,846.7789034843445
2051,1756,1418,2047,1779,1420,2051,1754,1421,2051,1749,1413,847.0665440559387
2051,1756,1418,2047,1779,1420,2051,1754,1421,2051,1749,1413,847.3548452854156
2051,1756,1418,2046,1779,1420,2051,1754,1421,2051,1749,1413,847.642706155777
2051,1756,1418,2047,1779,1420,2051,1754,1421,2051,1749,1413,847.930873632431
2051,1756,1418,2047,1779,1420,2051,1754,1421,2051,1749,1413,848.2187733650208
2051,1756,1418,2046,1779,1420,2051,1754,1421,2051,1749,1413,848.5068457126617
2051,1756,1418,2047,1779,1420,2051,1754,1421,2051,1749,1413,848.7945320606232
2051,1756,1418,2047,1779,1420,2051,1753,1421,2051,1749,1413,849.0828056335449
2051,1756,1418,2047,1779,1420,2051,1754,1421,2051,1749,1413,849.3705508708954
2051,1756,1418,2046,1779,1420,2051,1754,1421,2051,1749,1413,849.6585705280304
2051,1756,1417,2046,1779,1420,2051,1754,1421,2051,1749,1413,849.9465103149414
2051,1756,1418,2047,1779,1420,2051,1754,1421,2051,1749,1413,850.2347254753113
2051,1756,1418,2046,1779,1419,2051,1754,1421,2051,1749,1413,850.5227947235107
2051,1756,1418,2047,1779,1420,2051,1754,1421,2051,1750,1413,850.8108191490173
2051,1756,1417,2046,1779,1420,2051,1754,1421,2051,1749,1413,851.0988929271698
2051,1755,1418,2047,1779,1420,2051,1754,1421,2051,1748,1414,851.386641740799
2051,1758,1420,2047,1778,1425,2051,1756,1421,2050,1753,1416,851.6746337413788
2051,1758,1450,2047,1780,1451,2050,1755,1447,2052,1753,1418,851.9627227783203
2051,1757,1450,2048,1777,1451,2051,1755,1449,2052,1754,1418,852.2502827644348
2051,1757,1451,2048,1776,1452,2051,1753,1451,2052,1753,1418,852.5384862422943
2051,1756,1451,2046,1775,1454,2050,1753,1440,2051,1752,1418,852.8261203765869
2049,1748,1440,2046,1776,1444,2052,1759,1437,2054,1758,1413,853.1144232749939
2050,1748,1439,2046,1774,1442,2052,1758,1435,2055,1761,1411,853.402348279953
2050,1748,1439,2046,1774,1442,2052,1758,1435,2054,1761,1411,853.6901171207428
2050,1748,1439,2046,1774,1442,2052,1758,1435,2055,1761,1411,853.9784345626831
2050,1748,1439,2046,1774,1442,2052,1758,1435,2054,1761,1411,854.2684750556946
2050,1748,1440,2046,1774,1442,2052,1758,1435,2055,1761,1411,854.5558574199677
2050,1748,1440,2046,1774,1442,2052,1758,1435,2055,1760,1411,854.8423433303833
2050,1747,1439,2046,1774,1442,2052,1758,1435,2054,1760,1411,855.130081653595
2050,1748,1439,2046,1774,1442,2052,1758,1435,2054,1761,1411,855.4182617664337
2050,1748,1439,2046,1774,1442,2052,1758,1434,2054,1761,1411,855.7064015865326
2050,1748,1439,2046,1774,1442,2052,1758,1435,2054,1761,1411,855.994371175766
2050,1748,1439,2046,1774,1442,2052,1758,1435,2054,1761,1411,856.2822759151459
2050,1748,1439,2046,1774,1442,2052,1758,1435,2054,1761,1411,856.569846868515
2050,1748,1439,2046,1774,1442,2052,1758,1435,2054,1761,1411,856.8582282066345
2050,1748,1439,2046,1774,1442,2052,1759,1435,2054,1761,1411,857.1461610794067
2050,1748,1440,2046,1774,1442,2052,1758,1435,2054,1761,1411,857.4345681667328
2050,1748,1440,2046,1774,1442,2052,1758,1435,2054,1760,1411,857.7224371433258
2050,1748,1439,2046,1774,1442,2052,1758,1435,2054,1760,1411,858.0106446743011
2050,1748,1440,2046,1774,1442,2052,1758,1435,2054,1761,1411,858.2984664440155
2050,1748,1440,2046,1774,1442,2052,1758,1435,2054,1761,1411,858.5865640640259
2050,1748,1439,2046,1774,1442,2052,1758,1435,2054,1761,1411,858.8743464946747
2050,1748,1439,2046,1774,1442,2052,1758,1434,2054,1761,1411,859.1623663902283
2050,1748,1439,2046,1774,1442,2052,1758,1435,2054,1761,1411,859.4503393173218
2050,1747,1440,2046,1774,1442,2052,1758,1435,2054,1760,1411,859.7383608818054
2050,1748,1439,2046,1774,1442,2052,1758,1435,2054,1761,1411,860.026421546936
2050,1748,1439,2046,1774,1442,2052,1758,1435,2054,1760,1411,860.3142759799957
2050,1748,1440,2046,1774,1442,2052,1758,1435,2054,1761,1411,860.6023898124695
2050,1748,1439,2046,1774,1442,2052,1758,1435,2054,1761,1411,860.8902609348297
2050,1748,1439,2046,1774,1442,2052,1758,1435,2054,1760,1411,861.1782915592194
2050,1748,1439,2046,1774,1442,2052,1759,1435,2054,1761,1411,861.4662396907806
2050,1748,1439,2046,1774,1442,2052,1758,1435,2054,1761,1411,861.7542967796326
2050,1748,1439,2046,1774,1442,2052,1758,1435,2055,1761,1411,862.0420608520508
2050,1748,1440,2046,1774,1442,2052,1758,1435,2054,1761,1411,862.3300273418427
2050,1748,1439,2046,1774,1442,2052,1758,1434,2054,1760,1411,862.6177685260773
2050,1748,1439,2046,1774,1442,2052,1758,1435,2054,1761,1411,862.9057686328888
2050,1748,1439,2046,1774,1442,2052,1758,1435,2054,1760,1411,863.1943385601044
2050,1748,1439,2045,1774,1442,2052,1758,1434,2054,1761,1411,863.4818460941315
2050,1748,1439,2045,1774,1442,2052,1758,1435,2054,1761,1411,863.7698245048523
2050,1748,1440,2046,1774,1442,2052,1758,1435,2054,1761,1411,864.0577981472015
2050,1748,1440,2046,1774,1442,2052,1758,1435,2054,1761,1411,864.3461470603943
2050,1748,1440,2046,1774,1442,2052,1758,1435,2054,1761,1411,864.6341409683228
2050,1748,1439,2046,1774,1442,2052,1758,1434,2054,1761,1411,864.922238111496
2050,1748,1439,2045,1774,1442,2052,1758,1435,2054,1760,1411,865.2096376419067
2050,1747,1439,2046,1774,1442,2052,1758,1435,2055,1761,1411,865.4988763332367
2050,1748,1439,2045,1774,1442,2052,1758,1435,2055,1761,1411,865.7868504524231
2050,1748,1439,2046,1774,1442,2052,1758,1435,2054,1760,1411,866.0750169754028
2050,1748,1439,2046,1774,1442,2052,1758,1435,2055,1760,1411,866.3623604774475
2050,1748,1439,2046,1774,1442,2052,1758,1435,2054,1761,1411,866.6503837108612
2050,1748,1439,2046,1774,1442,2052,1758,1434,2054,1760,1411,866.9396679401398
2050,1748,1440,2046,1774,1442,2052,1758,1435,2054,1761,1411,867.2257664203644
2050,1748,1439,2046,1774,1442,2052,1758,1435,2054,1761,1411,867.5143775939941
2050,1748,1439,2046,1774,1442,2052,1758,1435,2054,1761,1411,867.8019139766693
2050,1748,1440,2046,1774,1442,2052,1758,1435,2054,1760,1411,868.0897142887115
2050,1748,1440,2046,1774,1442,2052,1758,1435,2054,1761,1411,868.3775315284729
2050,1747,1439,2046,1774,1442,2052,1758,1434,2054,1761,1411,868.6655085086823
2050,1748,1440,2046,1774,1442,2052,1758,1435,2055,1761,1411,868.9535613059998
2050,1748,1439,2046,1774,1442,2052,1758,1435,2054,1760,1411,869.2421991825104
2050,1748,1439,2045,1774,1442,2052,1758,1435,2054,1761,1411,869.529393196106
2050,1748,1439,2046,1774,1442,2052,1758,1435,2054,1761,1411,869.817645072937
2050,1748,1439,2046,1774,1442,2052,1758,1434,2054,1761,1411,870.1056480407715
2050,1748,1439,2046,1774,1442,2052,1758,1434,2054,1761,1411,870.4105038642883
2050,1748,1439,2046,1774,1442,2052,1758,1435,2054,1761,1411,870.6983194351196
2050,1747,1440,2046,1774,1442,2052,1758,1435,2054,1761,1411,870.9862184524536
2050,1748,1439,2045,1774,1442,2052,1758,1435,2054,1761,1411,871.273904800415
2050,1748,1439,2046,1774,1442,2052,1758,1435,2054,1761,1411,871.5618686676025
2050,1747,1439,2046,1774,1442,2052,1758,1435,2055,1761,1411,871.8495581150055
2050,1748,1439,2046,1774,1442,2052,1758,1435,2054,1761,1411,872.1375911235809
2050,1748,1439,2046,1774,1442,2052,1758,1435,2054,1760,1411,872.4257397651672
2050,1748,1439,2046,1774,1442,2052,1758,1435,2054,1760,1411,872.713761806488
2050,1748,1439,2046,1774,1442,2052,1758,1435,2054,1761,1411,873.0019636154175
2050,1748,1440,2046,1774,1442,2052,1758,1435,2055,1761,1411,873.2897396087646
2050,1748,1439,2046,1774,1442,2052,1758,1435,2054,1760,1411,873.5777895450592
2050,1748,1439,2046,1774,1442,2052,1758,1435,2054,1761,1411,873.8654370307922
2050,1748,1439,2046,1774,1442,2052,1758,1435,2054,1761,1411,874.1538970470428
2050,1748,1440,2046,1774,1442,2052,1758,1435,2054,1761,1411,874.4417078495026
2050,1748,1439,2046,1774,1442,2052,1758,1435,2054,1760,1411,874.7303049564362
2050,1748,1439,2045,1774,1442,2052,1758,1435,2054,1761,1411,875.0176358222961
2050,1748,1439,2046,1774,1442,2052,1758,1435,2054,1761,1411,875.3056111335754
2050,1748,1439,2046,1774,1442,2052,1758,1435,2054,1761,1411,875.5949330329895
2050,1748,1439,2046,1774,1442,2052,1758,1435,2054,1761,1411,875.8581573963165
2050,1748,1439,2046,1774,1442,2052,1758,1435,2054,1761,1411,876.114095211029
2050,1747,1439,2046,1774,1442,2052,1758,1435,2055,1761,1411,876.3703496456146
2050,1748,1439,2046,1774,1442,2052,1758,1435,2054,1761,1411,876.6265535354614
2050,1748,1439,2045,1774,1442,2052,1758,1435,2054,1761,1411,876.8823702335358
2050,1748,1439,2046,1774,1442,2052,1758,1435,2054,1761,1411,877.1381299495697
2050,1748,1439,2046,1774,1442,2052,1758,1435,2054,1761,1411,877.3943486213684
2050,1747,1439,2045,1774,1442,2052,1758,1435,2054,1761,1411,877.6505925655365
2050,1748,1439,2046,1774,1442,2052,1758,1435,2054,1761,1411,877.9061987400055
2050,1747,1440,2046,1774,1442,2052,1758,1435,2054,1761,1411,878.1623938083649
2050,1748,1439,2046,1774,1442,2052,1758,1434,2054,1761,1411,878.4417073726654
2050,1748,1439,2046,1774,1442,2052,1758,1435,2054,1761,1411,878.7333519458771
2050,1748,1439,2046,1774,1442,2052,1758,1435,2054,1760,1411,879.0176656246185
2050,1748,1440,2046,1774,1442,2052,1758,1435,2054,1761,1411,879.3052361011505
2050,1748,1439,2046,1774,1442,2052,1758,1435,2054,1761,1411,879.5928404331207
2050,1747,1439,2046,1774,1442,2052,1758,1435,2054,1761,1411,879.8808920383453
2050,1748,1440,2046,1774,1442,2052,1758,1435,2054,1761,1411,880.1688239574432
2050,1748,1439,2046,1774,1442,2052,1758,1435,2054,1760,1411,880.4576714038849
2050,1748,1440,2046,1774,1442,2052,1758,1435,2054,1761,1411,880.7452020645142
2050,1748,1439,2046,1774,1442,2052,1758,1435,2054,1761,1411,881.0328571796417
2050,1748,1439,2045,1774,1442,2052,1758,1435,2054,1760,1411,881.3208827972412
2050,1748,1439,2046,1774,1442,2052,1758,1435,2055,1760,1411,881.6088628768921
2050,1748,1439,2046,1774,1442,2052,1758,1435,2054,1761,1411,881.8965590000153
2050,1748,1439,2045,1774,1442,2052,1758,1434,2054,1761,1411,882.1850020885468
2050,1748,1439,2046,1774,1442,2052,1758,1435,2054,1761,1411,882.4728736877441
2050,1748,1439,2046,1774,1442,2052,1758,1435,2054,1761,1411,882.7612009048462
2050,1747,1440,2046,1774,1442,2052,1758,1434,2054,1760,1411,883.0486767292023
2050,1748,1439,2046,1774,1442,2052,1758,1435,2054,1761,1411,883.3367314338684
2050,1748,1439,2046,1774,1442,2052,1758,1435,2054,1761,1411,883.6246099472046
2050,1748,1440,2046,1774,1442,2052,1758,1435,2054,1761,1411,883.9125874042511
2050,1747,1439,2046,1774,1442,2052,1759,1435,2054,1761,1411,884.2008357048035
2050,1748,1439,2046,1774,1442,2052,1758,1435,2055,1761,1411,884.4889078140259
2050,1748,1439,2046,1774,1442,2052,1758,1435,2054,1761,1411,884.7770400047302
2050,1748,1440,2046,1774,1442,2052,1758,1435,2054,1760,1411,885.064555644989
2050,1748,1440,2046,1774,1442,2052,1758,1435,2054,1761,1411,885.3524820804596
2050,1748,1439,2046,1774,1442,2052,1758,1434,2054,1760,1411,885.6404473781586
2050,1748,1439,2046,1774,1442,2052,1758,1435,2054,1761,1411,885.928391456604
2050,1748,1439,2046,1774,1442,2052,1758,1435,2054,1761,1411,886.216433763504
2050,1748,1439,2046,1774,1442,2052,1758,1435,2054,1761,1411,886.5045025348663
2050,1748,1439,2045,1774,1442,2052,1758,1435,2054,1761,1411,886.7924499511719
2050,1748,1439,2046,1774,1442,2052,1758,1435,2054,1760,1411,887.0803411006927
2050,1748,1440,2046,1774,1442,2052,1758,1435,2054,1761,1411,887.3689186573029
2050,1748,1439,2046,1774,1442,2052,1758,1435,2054,1761,1411,887.6570084095001
2050,1748,1439,2046,1774,1442,2052,1758,1434,2054,1760,1411,887.9445538520813
2050,1748,1439,2045,1774,1442,2052,1758,1435,2054,1761,1411,888.2322800159454
2050,1748,1440,2046,1774,1442,2052,1758,1435,2054,1761,1411,888.5203588008881
2050,1748,1439,2046,1774,1442,2052,1758,1435,2054,1760,1411,888.8086895942688
2050,1748,1439,2046,1774,1442,2052,1758,1435,2054,1761,1411,889.0967631340027
2050,1748,1439,2046,1774,1442,2052,1758,1434,2054,1761,1411,889.3844101428986
2050,1748,1439,2046,1774,1442,2052,1758,1435,2055,1761,1411,889.6562414169312
2051,1719,1401,2045,1840,1451,2052,1766,1435,2055,1799,1478,889.9444119930267
2052,1636,1352,2047,1978,1492,2051,1773,1487,2054,1842,1638,890.2163226604462
2051,1626,1356,2047,1980,1492,2051,1791,1492,2055,1842,1671,890.5044622421265
2052,1626,1357,2047,1980,1492,2051,1791,1492,2055,1842,1671,890.7761664390564
2051,1626,1356,2047,1980,1492,2051,1791,1492,2055,1842,1671,891.0639798641205
2051,1626,1356,2047,1980,1492,2051,1791,1492,2055,1842,1671,891.336098909378
2049,1671,1392,2049,1893,1447,2051,1811,1584,2053,1825,1622,891.6240537166595
2050,1758,1485,2047,1739,1350,2052,1815,1855,2056,1784,1501,891.8960721492767
2050,1818,1490,2047,1727,1350,2052,1815,1859,2056,1808,1472,892.1843550205231
2050,1820,1493,2047,1727,1350,2052,1815,1860,2056,1808,1471,892.4560897350311
2053,1765,1447,2047,1785,1366,2051,1791,1774,2056,1817,1499,892.7440884113312
2051,1707,1377,2053,1942,1454,2052,1790,1546,2053,1849,1584,893.0160670280457
2051,1674,1398,2055,1991,1501,2047,1798,1526,2052,1829,1820,893.3039484024048
2051,1674,1398,2055,1991,1501,2047,1798,1526,2052,1829,1820,893.5759763717651
2051,1673,1398,2055,1991,1501,2047,1799,1526,2052,1829,1820,893.8640089035034
2051,1672,1398,2055,1991,1501,2047,1799,1526,2052,1829,1820,894.1362018585205
2051,1772,1440,2055,1882,1465,2047,1802,1635,2052,1824,1743,894.4243047237396
2050,1984,1501,2055,1643,1406,2047,1802,1885,2052,1822,1558,894.6958746910095
2050,1984,1501,2055,1643,1406,2047,1802,1884,2052,1821,1558,894.9839525222778
2050,1984,1500,2055,1643,1406,2047,1802,1885,2052,1821,1558,895.2559082508087
2051,1888,1470,2055,1750,1444,2047,1804,1776,2052,1821,1635,895.5440318584442
2051,1638,1396,2052,1986,1496,2048,1803,1519,2053,1806,1815,895.8158433437347
2052,1621,1396,2047,1990,1493,2051,1802,1517,2055,1799,1815,896.1040017604828
2052,1621,1396,2047,1991,1494,2050,1802,1516,2055,1798,1815,896.3758633136749
2049,1665,1423,2050,1910,1438,2049,1810,1601,2054,1782,1753,896.6640937328339
2049,1707,1489,2046,1828,1333,2050,1813,1853,2057,1730,1636,896.9360253810883
2049,1740,1486,2047,1827,1334,2050,1813,1864,2057,1730,1580,897.2238094806671
2049,1798,1487,2047,1763,1334,2050,1813,1864,2057,1733,1508,897.4958295822144
2050,1864,1486,2047,1729,1334,2051,1813,1863,2057,1746,1496,897.783983707428
2050,1865,1486,2047,1730,1333,2051,1813,1864,2057,1747,1496,898.0559842586517
2053,1809,1438,2046,1790,1346,2052,1792,1773,2057,1765,1543,898.3441917896271
2049,1742,1336,2049,1963,1452,2053,1758,1555,2054,1820,1648,898.6159996986389
2049,1669,1336,2049,1975,1470,2053,1760,1531,2053,1810,1730,898.9038710594177
2050,1643,1337,2049,1977,1470,2053,1760,1529,2053,1806,1771,899.1758170127869
2050,1643,1337,2049,1977,1470,2053,1759,1529,2053,1806,1771,899.4639363288879
2050,1643,1337,2049,1977,1470,2053,1760,1529,2053,1806,1771,899.7126064300537
2049,1691,1356,2052,1904,1429,2053,1785,1608,2052,1791,1714,899.9686534404755
2051,1781,1459,2048,1781,1344,2051,1807,1848,2057,1750,1584,900.2085266113281
2051,1856,1463,2048,1735,1343,2052,1809,1858,2057,1755,1501,900.4645507335663
2052,1917,1464,2048,1730,1342,2053,1806,1859,2057,1753,1500,900.704861164093
2053,1884,1425,2047,1774,1351,2053,1781,1783,2056,1770,1557,900.9606359004974
2047,1836,1314,2050,1934,1438,2054,1723,1600,2055,1821,1658,901.2005999088287
2047,1816,1314,2050,1973,1452,2054,1724,1552,2054,1817,1660,901.4565198421478
2047,1815,1314,2050,1926,1441,2054,1723,1533,2054,1789,1602,901.7124402523041
2049,1816,1315,2049,1906,1395,2054,1724,1490,2055,1738,1504,901.9685401916504
2049,1816,1316,2050,1906,1395,2053,1727,1453,2056,1741,1465,902.2284927368164
2049,1815,1333,2050,1905,1396,2053,1731,1442,2054,1745,1444,902.480521440506
2047,1813,1408,2051,1824,1405,2048,1737,1451,2042,1752,1444,902.7365257740021
2049,1790,1449,2051,1812,1423,2046,1743,1451,2044,1753,1445,902.9923658370972
2049,1763,1447,2052,1763,1443,2046,1749,1452,2045,1753,1445,903.2483561038971
2047,1763,1440,2051,1763,1442,2047,1758,1443,2047,1762,1442,903.50443816185
2049,1762,1438,2048,1761,1440,2051,1757,1431,2052,1767,1422,903.760324716568
2049,1770,1417,2048,1765,1439,2051,1760,1383,2053,1775,1396,904.0171782970428
2047,1745,1420,2046,1742,1439,2051,1742,1403,2052,1750,1398,904.2723348140717
2049,1765,1417,2047,1757,1438,2051,1760,1388,2052,1770,1395,904.5282757282257
2049,1763,1419,2047,1755,1438,2052,1756,1390,2052,1768,1396,904.7842669487
2049,1763,1419,2047,1755,1438,2052,1756,1390,2052,1768,1396,905.0402843952179
2049,1763,1418,2047,1755,1438,2052,1756,1390,2052,1768,1396,905.2962203025818
2049,1763,1418,2047,1755,1438,2052,1756,1390,2052,1768,1396,905.5522985458374
2049,1763,1418,2047,1755,1438,2052,1756,1390,2052,1768,1396,905.8081178665161
2049,1763,1419,2047,1755,1438,2052,1756,1390,2052,1768,1396,906.0643937587738
2049,1763,1419,2047,1755,1438,2052,1756,1390,2052,1768,1396,906.3201518058777
2049,1763,1419,2047,1755,1438,2052,1756,1390,2052,1768,1396,906.5820069313049
2049,1763,1418,2047,1755,1438,2052,1756,1390,2052,1768,1396,906.8555593490601
2049,1765,1417,2047,1761,1438,2052,1760,1388,2052,1771,1392,907.1435384750366
2049,1765,1417,2047,1772,1426,2052,1756,1389,2051,1770,1384,907.41570520401
2049,1766,1416,2047,1773,1417,2051,1751,1390,2049,1767,1385,907.7037336826324
2049,1768,1416,2047,1773,1417,2051,1749,1390,2049,1766,1384,907.9756889343262
2049,1767,1416,2047,1772,1417,2051,1748,1391,2047,1763,1385,908.2634506225586
2049,1768,1410,2047,1772,1418,2051,1749,1391,2045,1762,1384,908.5355703830719
2049,1767,1399,2047,1772,1418,2051,1748,1391,2045,1762,1384,908.8235576152802
2049,1768,1398,2047,1772,1418,2051,1749,1391,2045,1762,1384,909.0955772399902
2049,1768,1397,2047,1772,1418,2051,1748,1397,2045,1761,1384,909.3835716247559
2050,1754,1400,2047,1757,1419,2051,1749,1398,2045,1758,1385,909.6715071201324
2050,1755,1401,2048,1753,1420,2051,1765,1396,2047,1770,1382,909.9598479270935
2050,1755,1401,2048,1753,1420,2051,1765,1396,2047,1770,1382,910.2474086284637
2050,1755,1401,2048,1753,1419,2051,1764,1396,2047,1770,1382,910.5355715751648
2050,1755,1401,2048,1753,1420,2051,1765,1396,2047,1770,1382,910.8233966827393
2050,1755,1401,2048,1753,1420,2051,1765,1396,2047,1770,1382,911.1112589836121
2050,1755,1401,2048,1753,1420,2051,1765,1396,2047,1770,1382,911.3994176387787
2050,1754,1401,2048,1753,1419,2051,1765,1396,2046,1770,1382,911.6874551773071
2050,1758,1400,2049,1755,1422,2052,1766,1394,2046,1774,1385,911.9753875732422
2054,1759,1401,2049,1755,1450,2051,1764,1401,2052,1766,1409,912.2633771896362
2052,1761,1414,2048,1754,1450,2049,1761,1444,2051,1766,1409,912.5513441562653
2052,1760,1449,2048,1754,1450,2049,1762,1446,2050,1766,1409,912.8392868041992
2052,1760,1449,2048,1754,1450,2048,1761,1446,2050,1766,1409,913.1271739006042
2052,1760,1449,2048,1755,1450,2049,1761,1446,2049,1766,1409,913.4152369499207
2052,1760,1449,2048,1755,1450,2049,1761,1446,2046,1766,1409,913.7032001018524
2052,1760,1450,2048,1755,1450,2049,1761,1446,2045,1766,1409,913.9913899898529
2051,1760,1449,2049,1755,1450,2050,1761,1446,2044,1766,1409,914.2794466018677
2052,1759,1451,2049,1755,1450,2049,1761,1447,2044,1766,1409,914.5672466754913
2053,1760,1453,2049,1755,1450,2048,1758,1451,2053,1766,1409,914.855170249939
2053,1761,1453,2049,1755,1450,2048,1759,1451,2051,1765,1411,915.1432657241821
2053,1761,1454,2049,1755,1450,2048,1758,1451,2046,1766,1411,915.4312844276428
2053,1761,1453,2049,1755,1450,2048,1758,1451,2051,1766,1412,915.7191123962402
2053,1760,1453,2049,1755,1450,2048,1758,1451,2054,1766,1421,916.0073254108429
2053,1760,1453,2049,1755,1451,2048,1758,1452,2053,1768,1424,916.2950072288513
2053,1760,1453,2049,1755,1450,2048,1758,1451,2052,1764,1430,916.5830488204956
2053,1760,1453,2049,1755,1450,2048,1760,1451,2052,1764,1430,916.8709487915039
2053,1760,1453,2049,1755,1450,2049,1760,1453,2052,1764,1430,917.1589496135712
2053,1760,1453,2049,1755,1450,2049,1759,1454,2051,1764,1430,917.4469938278198
2053,1760,1453,2049,1755,1450,2048,1758,1454,2052,1764,1430,917.7349050045013
2053,1759,1452,2049,1755,1450,2048,1756,1454,2053,1764,1430,918.0229060649872
2052,1760,1451,2048,1755,1450,2048,1757,1454,2053,1764,1430,918.3110177516937
2052,1760,1452,2048,1755,1450,2048,1758,1454,2052,1765,1430,918.5989825725555
2053,1760,1452,2048,1755,1450,2048,1758,1454,2051,1764,1430,918.8868973255157
2053,1760,1452,2049,1755,1450,2048,1757,1453,2051,1764,1430,919.1748850345612
2052,1760,1452,2047,1751,1443,2049,1756,1453,2049,1764,1430,919.4629273414612
2052,1759,1438,2046,1750,1438,2051,1758,1436,2052,1766,1422,919.7508597373962
2052,1759,1438,2046,1751,1438,2052,1758,1435,2052,1766,1422,920.0389437675476
2052,1759,1438,2047,1751,1438,2051,1758,1435,2052,1766,1423,920.3269145488739
2052,1759,1438,2047,1751,1438,2052,1758,1435,2052,1766,1423,920.6149971485138
2052,1759,1438,2046,1751,1438,2051,1758,1435,2052,1766,1422,920.9029417037964
2052,1759,1438,2047,1751,1438,2051,1758,1435,2051,1766,1423,921.1908459663391
2052,1760,1438,2047,1751,1438,2052,1758,1435,2052,1766,1423,921.4787375926971
2052,1759,1438,2047,1751,1438,2052,1758,1435,2052,1766,1423,921.7667467594147
2052,1759,1438,2046,1751,1438,2051,1758,1435,2052,1766,1422,922.0548646450043
2052,1759,1438,2047,1751,1438,2052,1758,1435,2052,1766,1422,922.3426961898804
2052,1759,1438,2047,1751,1438,2051,1758,1435,2052,1766,1423,922.630921125412
2052,1759,1438,2047,1751,1438,2052,1758,1435,2052,1766,1422,922.9187021255493
2052,1759,1438,2047,1751,1438,2052,1758,1435,2052,1766,1423,923.2067222595215
2052,1759,1438,2046,1751,1438,2052,1758,1435,2052,1766,1422,923.4946401119232
2052,1759,1438,2047,1751,1438,2051,1758,1435,2052,1766,1422,923.7826244831085
2052,1759,1438,2047,1751,1438,2051,1758,1435,2052,1766,1423,924.0706632137299
2052,1760,1438,2047,1751,1438,2051,1758,1435,2052,1766,1422,924.358571767807
2052,1759,1438,2046,1751,1438,2051,1758,1435,2052,1766,1423,924.646580696106
2052,1760,1438,2046,1751,1438,2051,1758,1435,2052,1766,1423,924.9346127510071
2052,1759,1438,2047,1751,1438,2052,1758,1435,2052,1766,1422,925.2225689888
2052,1759,1438,2046,1751,1438,2052,1758,1435,2052,1766,1423,925.5105707645416
2052,1759,1438,2046,1751,1438,2052,1758,1435,2052,1766,1423,925.7985551357269
2052,1759,1438,2047,1751,1438,2051,1758,1434,2052,1766,1422,926.0865633487701
2052,1759,1438,2047,1751,1438,2052,1758,1435,2052,1766,1423,926.3745150566101
2052,1759,1438,2047,1751,1438,2052,1758,1435,2052,1766,1422,926.6624231338501
2052,1759,1438,2047,1751,1438,2052,1758,1435,2052,1766,1422,926.9505803585052
2052,1759,1438,2046,1751,1438,2051,1758,1435,2052,1766,1422,927.2385649681091
2052,1759,1438,2046,1751,1438,2051,1758,1435,2052,1766,1422,927.5264654159546
2052,1759,1438,2046,1751,1438,2052,1758,1435,2052,1766,1423,927.8143265247345
2052,1759,1438,2047,1751,1438,2051,1758,1435,2052,1766,1422,928.1024072170258
2052,1759,1438,2047,1751,1438,2051,1758,1435,2052,1766,1422,928.3901948928833
2052,1759,1438,2046,1751,1438,2051,1758,1435,2052,1766,1422,928.6792166233063
2051,1759,1438,2047,1751,1438,2052,1758,1435,2052,1766,1423,928.9663128852844
2051,1759,1438,2047,1751,1438,2051,1758,1435,2052,1766,1422,929.2555696964264
2052,1759,1438,2046,1751,1438,2051,1758,1435,2052,1766,1422,929.5422406196594
2052,1759,1438,2047,1751,1438,2052,1758,1435,2052,1766,1422,929.8305637836456
2052,1759,1438,2047,1751,1438,2052,1758,1435,2052,1766,1423,930.0980026721954
2052,1759,1438,2047,1751,1438,2051,1758,1435,2052,1766,1423,930.3513486385345
2051,1759,1438,2047,1751,1438,2052,1758,1435,2052,1766,1422,930.6073622703552
2052,1759,1438,2046,1751,1438,2052,1758,1435,2052,1766,1423,930.863095998764
2052,1759,1438,2047,1751,1438,2051,1758,1435,2052,1766,1422,931.1211969852448
2052,1759,1438,2047,1751,1438,2051,1758,1435,2052,1766,1423,931.3749163150787
2052,1759,1438,2046,1751,1438,2051,1758,1435,2052,1766,1422,931.6314740180969
2051,1759,1438,2046,1751,1438,2052,1758,1435,2052,1766,1422,931.8870379924774
2051,1759,1438,2047,1751,1438,2051,1758,1435,2052,1766,1422,932.1450021266937
2052,1759,1438,2047,1751,1438,2051,1758,1435,2052,1766,1422,932.3990168571472
2052,1759,1438,2046,1751,1438,2052,1758,1435,2052,1766,1423,932.655279636383
2051,1759,1438,2046,1751,1438,2052,1758,1435,2052,1766,1423,932.9120979309082
2052,1759,1438,2046,1751,1438,2051,1758,1435,2052,1766,1423,933.1670260429382
2051,1759,1438,2047,1751,1438,2051,1758,1435,2052,1766,1422,933.4229273796082
2052,1759,1438,2047,1751,1438,2052,1758,1435,2052,1766,1422,933.6790673732758
2052,1759,1438,2046,1751,1438,2051,1758,1435,2052,1766,1423,933.9353332519531
2052,1760,1438,2046,1751,1438,2052,1758,1435,2052,1766,1423,934.1907162666321
2052,1759,1438,2047,1751,1438,2052,1758,1435,2052,1766,1422,934.4467232227325
2052,1759,1438,2047,1751,1438,2051,1758,1435,2052,1766,1422,934.7032954692841
2052,1759,1438,2047,1751,1438,2051,1758,1435,2052,1766,1422,934.9588131904602
2052,1759,1438,2046,1751,1438,2052,1758,1435,2052,1766,1422,935.215057849884
2052,1759,1438,2047,1751,1438,2051,1758,1435,2052,1766,1422,935.4944686889648
2052,1759,1438,2047,1751,1438,2052,1758,1435,2052,1766,1422,935.7588639259338
2052,1759,1438,2047,1751,1438,2051,1758,1435,2052,1766,1423,936.0153748989105
2052,1759,1438,2047,1751,1438,2051,1758,1435,2052,1766,1422,936.2710909843445
2052,1759,1438,2047,1751,1438,2052,1758,1435,2052,1766,1423,936.5267493724823
2052,1759,1438,2047,1751,1438,2052,1758,1435,2052,1766,1422,936.7833449840546
2052,1760,1438,2047,1751,1438,2052,1758,1435,2052,1766,1422,937.0401365756989
2052,1759,1438,2046,1751,1438,2051,1758,1435,2052,1766,1422,937.2949638366699
2052,1759,1438,2046,1751,1438,2052,1758,1435,2052,1766,1423,937.5748188495636
2052,1759,1438,2047,1751,1438,2051,1758,1435,2052,1766,1422,937.8627240657806
2052,1759,1438,2047,1751,1438,2051,1758,1435,2052,1766,1423,938.149906873703
2051,1759,1438,2047,1751,1438,2052,1758,1435,2052,1766,1422,938.4378890991211
2052,1759,1438,2046,1751,1438,2051,1758,1435,2052,1766,1422,938.723865032196
2052,1759,1438,2047,1751,1438,2051,1758,1435,2052,1766,1422,938.9904255867004
2052,1759,1438,2046,1751,1438,2051,1758,1435,2052,1766,1422,939.246796131134
2052,1759,1438,2047,1751,1438,2051,1758,1435,2052,1766,1422,939.5022902488708
2052,1759,1438,2047,1751,1438,2051,1758,1435,2052,1766,1422,939.7582700252533
2052,1759,1438,2047,1751,1438,2051,1758,1435,2052,1766,1422,940.0148811340332
2051,1759,1438,2047,1751,1438,2051,1758,1435,2052,1766,1423,940.2703535556793
2052,1759,1438,2047,1751,1438,2051,1758,1435,2052,1766,1422,940.5297944545746
2052,1759,1438,2046,1751,1438,2051,1758,1435,2052,1766,1422,940.7826001644135
2052,1759,1438,2047,1751,1438,2052,1758,1435,2052,1766,1423,941.0383167266846
2052,1759,1438,2047,1751,1438,2051,1758,1435,2052,1766,1422,941.2942967414856
2052,1759,1438,2047,1751,1438,2052,1758,1435,2052,1766,1422,941.5505545139313
2052,1759,1438,2046,1751,1438,2051,1758,1435,2052,1766,1422,941.8061776161194
2051,1759,1438,2047,1751,1438,2052,1758,1435,2052,1766,1422,942.0621826648712
2051,1759,1438,2047,1751,1438,2051,1758,1435,2052,1766,1423,942.3182709217072
2051,1760,1438,2047,1751,1438,2051,1758,1435,2052,1766,1423,942.574435710907
2052,1759,1438,2047,1751,1438,2051,1758,1435,2052,1766,1423,942.8302690982819
2052,1759,1438,2047,1751,1438,2052,1758,1435,2052,1766,1422,943.0936505794525
2052,1759,1438,2047,1751,1438,2052,1758,1435,2052,1766,1423,943.3815152645111
2052,1759,1438,2047,1751,1438,2051,1758,1435,2052,1766,1422,943.6694576740265
2052,1759,1438,2046,1751,1438,2051,1758,1435,2052,1766,1422,943.9575324058533
2052,1759,1438,2047,1751,1438,2051,1758,1435,2052,1766,1422,944.2221100330353
2051,1759,1438,2046,1751,1438,2051,1758,1435,2052,1766,1423,944.4780168533325
2051,1759,1438,2047,1751,1438,2051,1758,1435,2052,1766,1422,944.7338931560516
2052,1759,1438,2046,1751,1438,2052,1758,1435,2052,1766,1422,944.9899642467499
2052,1759,1438,2046,1751,1438,2051,1758,1435,2052,1766,1423,945.2462663650513
2052,1759,1438,2046,1751,1438,2051,1758,1435,2052,1766,1422,945.5022585391998
2052,1759,1438,2047,1751,1438,2051,1758,1435,2052,1766,1423,945.7582590579987
2052,1759,1438,2046,1751,1438,2051,1758,1435,2052,1766,1422,946.0211970806122
2052,1759,1438,2046,1751,1438,2051,1758,1435,2052,1766,1422,946.3091144561768
2052,1759,1438,2047,1751,1438,2051,1758,1435,2052,1766,1423,946.5970113277435
2052,1759,1438,2047,1751,1438,2051,1758,1435,2052,1766,1422,946.8850872516632
2052,1759,1438,2047,1751,1438,2051,1758,1435,2052,1766,1422,947.1729109287262
2052,1759,1438,2046,1751,1438,2052,1758,1435,2052,1766,1422,947.4610023498535
2052,1760,1438,2047,1751,1438,2051,1758,1435,2052,1766,1423,947.7487602233887
2052,1759,1438,2046,1751,1438,2052,1758,1435,2052,1766,1422,948.0369806289673
2051,1759,1438,2046,1751,1438,2051,1758,1435,2052,1766,1422,948.3248016834259
2052,1760,1438,2047,1751,1438,2051,1758,1435,2052,1766,1422,948.6127996444702
2051,1759,1438,2047,1751,1438,2052,1758,1435,2052,1766,1422,948.9009582996368
2051,1759,1438,2046,1751,1438,2052,1758,1435,2052,1766,1423,949.1891586780548
2052,1759,1438,2047,1751,1438,2051,1758,1435,2052,1766,1422,949.4766776561737
2052,1759,1438,2047,1751,1438,2052,1758,1435,2052,1766,1422,949.7649486064911
2052,1759,1438,2047,1751,1438,2052,1758,1435,2052,1766,1422,950.0528614521027
2052,1759,1438,2047,1751,1438,2052,1758,1435,2052,1766,1422,950.3407371044159
2052,1759,1438,2047,1751,1438,2052,1758,1435,2052,1766,1423,950.6287090778351
2052,1759,1438,2047,1751,1438,2052,1758,1435,2052,1766,1423,950.9165942668915
2052,1759,1438,2047,1751,1438,2051,1758,1435,2052,1766,1422,951.2048482894897
2052,1759,1438,2046,1751,1438,2051,1758,1435,2052,1766,1423,951.4926435947418
2051,1759,1438,2047,1751,1438,2052,1758,1435,2052,1766,1423,951.7807698249817
2052,1760,1438,2047,1751,1438,2052,1758,1435,2052,1766,1423,952.0687563419342
2052,1759,1438,2047,1751,1438,2052,1758,1434,2052,1766,1422,952.35657954216
2052,1759,1438,2047,1751,1438,2052,1758,1435,2052,1766,1422,952.6446986198425
2052,1759,1438,2046,1751,1438,2051,1758,1435,2052,1766,1422,952.9329054355621
2052,1759,1438,2047,1751,1438,2051,1758,1435,2052,1766,1422,953.2206952571869
2052,1760,1438,2046,1751,1438,2051,1758,1435,2052,1766,1422,953.5085859298706
2052,1759,1438,2047,1751,1438,2052,1758,1435,2052,1766,1423,953.796758890152
2052,1759,1438,2046,1751,1438,2052,1758,1435,2052,1766,1423,954.0847308635712
2052,1759,1438,2047,1751,1438,2051,1758,1435,2052,1766,1422,954.3727579116821
2052,1759,1438,2047,1751,1438,2052,1758,1435,2052,1766,1422,954.6606569290161
2052,1759,1438,2046,1751,1438,2051,1758,1435,2052,1766,1422,954.9491782188416
2052,1759,1438,2047,1751,1438,2051,1758,1435,2051,1766,1422,955.236709356308
2051,1759,1438,2047,1751,1438,2051,1758,1435,2052,1766,1422,955.5246574878693
2052,1759,1438,2047,1751,1438,2052,1758,1435,2052,1766,1422,955.8127684593201
2052,1759,1438,2046,1751,1438,2051,1758,1435,2052,1766,1422,956.1005799770355
2052,1759,1438,2047,1751,1438,2052,1758,1435,2052,1766,1422,956.3884153366089
2052,1759,1438,2047,1751,1438,2052,1758,1435,2052,1766,1422,956.6765356063843
2051,1759,1438,2046,1751,1438,2052,1758,1435,2052,1766,1422,956.9646191596985
2052,1759,1438,2047,1751,1438,2051,1758,1435,2052,1766,1422,957.2525904178619
2051,1759,1438,2047,1751,1438,2051,1758,1435,2051,1766,1422,957.5406832695007
2052,1760,1438,2047,1751,1438,2052,1758,1435,2052,1766,1423,957.8286669254303
2052,1759,1438,2046,1751,1438,2052,1758,1435,2052,1766,1422,958.1164000034332
2052,1759,1438,2047,1751,1438,2051,1758,1435,2052,1766,1422,958.4042813777924
2052,1759,1438,2047,1751,1438,2051,1758,1435,2052,1766,1423,958.6924893856049
2052,1759,1438,2046,1751,1438,2051,1758,1435,2052,1766,1422,958.980215549469
2052,1759,1438,2046,1751,1438,2051,1758,1435,2052,1766,1423,959.2684934139252
2052,1759,1438,2046,1751,1438,2051,1758,1435,2052,1766,1422,959.5561382770538
2051,1759,1438,2046,1751,1438,2052,1758,1435,2052,1766,1422,959.8441207408905
2052,1759,1438,2046,1751,1438,2051,1758,1435,2052,1766,1422,960.132105588913
2051,1759,1438,2046,1751,1438,2052,1758,1435,2052,1766,1422,960.4200854301453
2052,1759,1438,2047,1751,1438,2052,1758,1435,2052,1766,1422,960.70840716362
2052,1760,1438,2047,1751,1438,2051,1758,1435,2052,1766,1422,960.996401309967
2051,1759,1438,2047,1751,1438,2052,1758,1435,2052,1766,1423,961.2683746814728
2052,1762,1437,2047,1758,1438,2052,1761,1429,2052,1768,1418,961.5563576221466
2052,1763,1421,2047,1766,1437,2051,1756,1416,2051,1768,1388,961.8283610343933
2052,1765,1416,2047,1771,1423,2051,1751,1417,2050,1767,1388,962.1164150238037
2052,1766,1416,2047,1771,1422,2051,1751,1417,2049,1767,1387,962.3883020877838
2052,1765,1418,2047,1773,1391,2051,1752,1415,2047,1767,1388,962.6763772964478
2051,1751,1421,2047,1767,1374,2050,1749,1417,2047,1766,1390,962.9644424915314
2051,1749,1423,2047,1763,1374,2050,1762,1414,2049,1776,1387,963.2522392272949
2051,1749,1424,2047,1763,1374,2050,1762,1414,2049,1776,1387,963.540277004242
2051,1749,1424,2047,1763,1374,2050,1762,1414,2049,1776,1387,963.8209276199341
2051,1749,1424,2047,1763,1374,2050,1762,1414,2049,1776,1387,964.0768594741821
2051,1749,1424,2047,1763,1374,2050,1762,1414,2049,1776,1387,964.3347306251526
2051,1749,1424,2047,1763,1374,2050,1762,1414,2049,1776,1387,964.588850736618
2051,1748,1425,2047,1762,1374,2050,1762,1414,2049,1776,1387,964.8447277545929
2051,1749,1425,2047,1763,1374,2050,1762,1415,2049,1776,1387,965.1009094715118
2051,1757,1446,2049,1767,1374,2048,1761,1441,2049,1772,1398,965.3568754196167
2051,1758,1449,2050,1766,1448,2047,1763,1443,2049,1772,1407,965.6126902103424
2051,1757,1449,2049,1765,1450,2047,1763,1445,2049,1772,1407,965.8687665462494
2051,1756,1450,2050,1763,1451,2048,1763,1450,2050,1760,1412,966.1246213912964
2051,1757,1450,2049,1763,1450,2048,1762,1450,2049,1761,1416,966.3807711601257
2046,1758,1443,2049,1762,1450,2048,1761,1441,2049,1761,1418,966.6367881298065
2046,1756,1440,2047,1755,1442,2050,1762,1440,2054,1763,1413,966.892739534378
2046,1755,1437,2047,1755,1441,2053,1762,1434,2054,1764,1412,967.1487338542938
2046,1755,1437,2047,1755,1441,2053,1762,1434,2054,1764,1412,967.4047319889069
2046,1755,1437,2047,1755,1441,2053,1762,1434,2054,1764,1412,967.6606757640839
2046,1755,1437,2047,1755,1441,2053,1762,1434,2054,1764,1412,967.9167156219482
2046,1755,1437,2047,1755,1441,2053,1762,1434,2054,1764,1412,968.1726756095886
2046,1755,1437,2047,1755,1441,2053,1762,1434,2054,1764,1412,968.4125852584839
2046,1763,1434,2047,1757,1440,2053,1764,1428,2054,1764,1411,968.6686005592346
2050,1766,1416,2047,1745,1442,2053,1774,1412,2049,1747,1414,968.9161972999573
2052,1766,1407,2047,1746,1441,2052,1783,1412,2046,1746,1414,969.2040588855743
2053,1766,1395,2047,1745,1442,2052,1790,1412,2045,1745,1414,969.4759995937347
2053,1771,1393,2047,1747,1442,2051,1790,1412,2045,1745,1414,969.7639555931091
2053,1793,1393,2047,1749,1442,2051,1790,1412,2045,1745,1414,970.0358748435974
2053,1797,1392,2047,1754,1441,2051,1789,1412,2045,1746,1413,970.3239450454712
2053,1797,1393,2046,1749,1441,2051,1789,1412,2045,1745,1415,970.5959451198578
2053,1797,1394,2047,1746,1441,2051,1791,1411,2046,1747,1414,970.8839719295502
2053,1796,1394,2047,1735,1442,2051,1791,1374,2045,1746,1414,971.1560506820679
2053,1795,1395,2047,1735,1441,2051,1792,1371,2045,1747,1414,971.4438545703888
2053,1795,1397,2047,1735,1442,2051,1842,1370,2044,1749,1414,971.7157764434814
2053,1795,1396,2046,1736,1441,2052,1856,1370,2044,1748,1414,972.004124879837
2052,1794,1403,2046,1735,1441,2051,1857,1369,2044,1748,1415,972.2758004665375
2053,1796,1396,2047,1741,1441,2052,1856,1333,2043,1747,1413,972.5637826919556
2053,1796,1394,2046,1744,1442,2051,1855,1334,2043,1746,1413,972.8357334136963
2053,1798,1392,2047,1750,1443,2051,1854,1335,2043,1745,1413,973.1236779689789
2054,1798,1369,2047,1750,1442,2051,1854,1335,2043,1745,1414,973.3956761360168
2054,1798,1368,2047,1751,1443,2051,1854,1335,2043,1745,1414,973.6835551261902
2049,1795,1272,2046,1755,1436,2051,1852,1333,2044,1757,1414,973.9560332298279
2047,1795,1254,2048,1765,1407,2051,1841,1334,2045,1766,1412,974.2436718940735
2047,1794,1246,2051,1771,1404,2051,1813,1334,2045,1769,1413,974.5156886577606
2049,1794,1247,2052,1771,1383,2050,1779,1337,2045,1772,1413,974.8048491477966
2049,1784,1256,2055,1769,1404,2046,1777,1438,2047,1771,1418,975.0755741596222
2049,1783,1256,2054,1768,1447,2047,1777,1443,2047,1770,1418,975.363484621048
2049,1782,1256,2054,1768,1450,2047,1776,1443,2047,1770,1418,975.6355061531067
2049,1783,1256,2054,1768,1450,2047,1776,1443,2047,1770,1418,975.9233453273773
2049,1783,1256,2054,1768,1450,2046,1777,1443,2047,1770,1418,976.1953992843628
2049,1784,1256,2054,1768,1450,2044,1778,1443,2049,1770,1418,976.4835171699524
2049,1784,1256,2054,1768,1444,2044,1778,1443,2047,1771,1418,976.7554595470428
2049,1784,1256,2054,1768,1445,2044,1778,1443,2047,1771,1418,977.0434951782227
2049,1784,1256,2054,1769,1445,2044,1778,1443,2047,1771,1418,977.315639257431
2049,1784,1256,2054,1768,1445,2044,1778,1443,2047,1771,1418,977.6030032634735
2049,1784,1256,2054,1769,1445,2045,1777,1443,2047,1771,1418,977.8747107982635
2049,1783,1256,2054,1768,1450,2047,1777,1443,2049,1770,1418,978.1629796028137
2049,1783,1256,2054,1768,1450,2046,1777,1443,2049,1770,1418,978.4352416992188
2049,1783,1256,2054,1768,1450,2046,1777,1443,2049,1770,1418,978.7231669425964
2049,1783,1256,2054,1768,1450,2046,1777,1443,2049,1770,1418,978.9950323104858
2049,1783,1256,2054,1768,1450,2046,1777,1443,2049,1770,1418,979.2830233573914
2049,1783,1256,2054,1762,1448,2046,1777,1443,2049,1770,1418,979.5549948215485
2049,1783,1256,2052,1764,1438,2048,1772,1440,2049,1770,1418,979.8430299758911
2049,1782,1256,2051,1765,1389,2049,1759,1421,2049,1772,1418,980.1152989864349
2049,1783,1255,2052,1778,1365,2048,1745,1407,2049,1771,1418,980.4030435085297
2049,1783,1250,2052,1803,1365,2048,1726,1409,2049,1771,1418,980.6747772693634
2049,1785,1244,2053,1803,1365,2048,1684,1415,2049,1771,1418,980.9627799987793
2049,1785,1245,2053,1803,1364,2048,1683,1415,2049,1771,1418,981.2348146438599
2049,1784,1244,2053,1803,1364,2048,1683,1420,2049,1772,1418,981.5331101417542
2050,1785,1241,2053,1804,1350,2047,1682,1425,2049,1772,1418,981.8111448287964
2049,1785,1216,2053,1804,1336,2047,1663,1450,2049,1772,1417,982.0990197658539
2049,1785,1180,2053,1804,1336,2047,1623,1453,2049,1771,1417,982.370744228363
2049,1785,1142,2053,1804,1335,2047,1602,1464,2049,1771,1418,982.658707857132
2049,1784,1131,2053,1804,1336,2047,1602,1464,2049,1771,1418,982.9308462142944
2049,1784,1131,2053,1804,1335,2047,1602,1464,2049,1771,1418,983.2185273170471
2049,1782,1142,2052,1802,1339,2045,1620,1460,2050,1771,1417,983.4906930923462
2049,1772,1142,2047,1795,1421,2045,1725,1459,2049,1773,1417,983.7787714004517
2049,1770,1142,2048,1795,1417,2047,1741,1436,2049,1770,1418,984.0668714046478
2049,1771,1142,2052,1793,1416,2049,1748,1406,2049,1770,1418,984.3548383712769
2049,1771,1136,2052,1793,1396,2049,1748,1385,2049,1770,1418,984.6426994800568
2049,1771,1136,2052,1793,1394,2049,1748,1385,2049,1770,1418,984.930563211441
2049,1771,1136,2052,1792,1394,2049,1748,1385,2049,1770,1418,985.2185049057007
2049,1770,1136,2051,1792,1394,2049,1748,1385,2049,1770,1418,985.506649017334
2049,1770,1138,2051,1792,1394,2049,1748,1385,2049,1770,1418,985.7946488857269
2049,1760,1143,2051,1791,1394,2049,1747,1383,2049,1770,1418,986.0828850269318
2049,1760,1139,2052,1791,1393,2049,1747,1383,2049,1770,1418,986.3708856105804
2049,1760,1142,2049,1776,1394,2048,1741,1386,2049,1770,1418,986.6588430404663
2049,1760,1143,2052,1779,1398,2048,1752,1420,2050,1774,1412,986.9468157291412
2049,1760,1142,2053,1776,1450,2048,1750,1444,2049,1772,1416,987.2115631103516
2047,1760,1143,2053,1776,1450,2048,1751,1444,2049,1772,1416,987.4675962924957
2049,1760,1143,2052,1776,1450,2047,1752,1444,2050,1772,1416,987.7234299182892
2049,1760,1143,2052,1776,1450,2047,1752,1444,2050,1772,1416,988.0031566619873
2049,1760,1143,2052,1774,1450,2053,1752,1444,2053,1770,1416,988.2910256385803
2050,1749,1143,2050,1748,1451,2062,1743,1452,2055,1750,1417,988.5792973041534
2049,1749,1143,2050,1749,1451,2069,1741,1452,2054,1749,1417,988.8672716617584
2049,1740,1171,2050,1747,1452,2068,1742,1452,2054,1749,1419,989.1551976203918
2051,1740,1191,2050,1748,1451,2069,1741,1452,2054,1749,1419,989.442920923233
2051,1715,1249,2050,1747,1452,2069,1742,1452,2055,1749,1419,989.7072494029999
2052,1731,1259,2050,1748,1451,2069,1742,1452,2055,1749,1419,989.9884760379791
2052,1737,1259,2049,1748,1451,2069,1742,1452,2056,1749,1419,990.2747483253479
2052,1737,1259,2048,1750,1451,2068,1742,1452,2056,1750,1419,990.563854932785
2052,1737,1259,2049,1750,1451,2068,1743,1452,2056,1750,1419,990.8508715629578
2052,1738,1259,2048,1750,1451,2068,1742,1452,2056,1750,1419,991.1405651569366
2052,1737,1259,2048,1750,1451,2068,1742,1452,2059,1752,1419,991.4278519153595
2052,1737,1259,2048,1750,1451,2069,1742,1452,2059,1755,1419,991.7148976325989
2052,1737,1259,2048,1750,1451,2069,1742,1452,2060,1755,1419,992.0021693706512
2052,1737,1259,2048,1750,1451,2069,1742,1452,2061,1756,1419,992.2912683486938
2052,1740,1258,2048,1750,1451,2068,1743,1452,2061,1756,1419,992.5795862674713
2052,1741,1258,2048,1750,1451,2069,1743,1452,2061,1756,1419,992.8726456165314
2052,1741,1259,2048,1750,1451,2068,1743,1452,2061,1756,1419,993.1555843353271
2052,1741,1259,2048,1750,1451,2068,1743,1452,2060,1756,1419,993.4426846504211
2052,1741,1259,2048,1750,1451,2068,1742,1452,2060,1755,1419,993.730507850647
2052,1741,1259,2048,1750,1451,2068,1743,1452,2060,1754,1419,994.0182166099548
2052,1741,1259,2048,1750,1451,2068,1743,1452,2060,1754,1419,994.3063111305237
2052,1741,1259,2048,1750,1451,2068,1743,1452,2059,1754,1419,994.5942451953888
2052,1741,1259,2048,1750,1451,2068,1743,1452,2060,1754,1419,994.8825240135193
2052,1741,1258,2048,1750,1451,2068,1743,1452,2060,1754,1419,995.1702709197998
2052,1741,1259,2048,1750,1451,2068,1743,1452,2060,1754,1419,995.4581379890442
2052,1741,1258,2048,1750,1451,2068,1743,1452,2060,1754,1419,995.7461848258972
2052,1741,1259,2048,1750,1451,2068,1743,1452,2060,1754,1419,996.033976316452
2052,1742,1258,2048,1750,1451,2068,1743,1452,2060,1754,1419,996.3228514194489
2052,1743,1259,2047,1750,1450,2068,1743,1452,2060,1754,1419,996.6105904579163
2052,1743,1259,2047,1750,1451,2068,1743,1452,2060,1754,1419,996.899026632309
2052,1742,1258,2047,1750,1450,2068,1743,1452,2060,1754,1419,997.187029838562
2053,1742,1258,2047,1750,1450,2069,1743,1452,2060,1754,1419,997.4746146202087
2053,1742,1258,2047,1750,1450,2069,1743,1451,2060,1753,1419,997.7624962329865
2053,1740,1259,2047,1750,1450,2069,1743,1452,2060,1753,1419,998.0508079528809
2053,1720,1270,2046,1750,1450,2068,1743,1452,2060,1752,1419,998.338536977768
2053,1737,1273,2046,1750,1450,2068,1743,1452,2060,1752,1419,998.6281588077545
2053,1737,1273,2046,1750,1450,2069,1743,1451,2060,1752,1419,998.9145674705505
2053,1737,1273,2046,1750,1450,2069,1743,1451,2060,1751,1419,999.2024912834167
2053,1737,1272,2046,1750,1450,2069,1743,1452,2060,1752,1419,999.4905071258545
2053,1737,1273,2046,1750,1450,2069,1743,1452,2060,1752,1419,999.7783536911011
2053,1737,1272,2046,1750,1450,2069,1743,1452,2060,1752,1419,1000.0664143562317
2053,1737,1272,2046,1750,1450,2069,1743,1452,2060,1752,1419,1000.3545770645142
2053,1737,1273,2046,1750,1450,2069,1743,1452,2060,1752,1419,1000.6186807155609
2053,1737,1272,2046,1750,1450,2069,1743,1452,2060,1752,1419,1000.8749001026154
2053,1737,1273,2046,1750,1450,2069,1744,1452,2060,1752,1419,1001.1309945583344
2053,1737,1273,2046,1750,1450,2069,1743,1452,2060,1751,1419,1001.3868472576141
2053,1737,1272,2046,1750,1450,2069,1744,1452,2060,1752,1419,1001.6427924633026
2053,1737,1272,2046,1750,1450,2069,1743,1452,2060,1752,1419,1001.8986489772797
2053,1737,1273,2046,1750,1450,2069,1743,1451,2060,1752,1419,1002.1545851230621
2053,1737,1272,2046,1750,1450,2069,1743,1452,2060,1751,1419,1002.4111459255219
2053,1737,1272,2046,1750,1450,2069,1743,1452,2060,1751,1419,1002.6668746471405
2053,1737,1272,2046,1750,1450,2069,1743,1452,2060,1752,1419,1002.9227650165558
2054,1737,1272,2046,1750,1450,2069,1743,1452,2060,1752,1419,1003.1791636943817
2053,1737,1273,2046,1750,1450,2069,1744,1452,2060,1752,1419,1003.4349873065948
2053,1737,1273,2046,1750,1450,2069,1743,1452,2060,1752,1419,1003.690633058548
2053,1737,1273,2046,1749,1450,2069,1743,1452,2060,1752,1419,1003.9469130039215
2053,1737,1272,2046,1749,1450,2069,1744,1452,2060,1752,1419,1004.2034192085266
2053,1737,1272,2046,1750,1450,2069,1743,1452,2060,1752,1419,1004.4594321250916
2053,1737,1273,2046,1750,1450,2069,1744,1452,2060,1751,1419,1004.7167747020721
2053,1737,1272,2046,1750,1450,2069,1744,1452,2060,1752,1419,1004.9729161262512
2053,1737,1272,2046,1750,1450,2069,1743,1452,2060,1752,1419,1005.2131071090698
2053,1737,1272,2046,1750,1450,2069,1744,1452,2060,1752,1419,1005.4691371917725
2053,1737,1272,2046,1750,1450,2069,1744,1452,2060,1751,1419,1005.7088539600372
2053,1737,1272,2046,1750,1450,2069,1744,1452,2060,1751,1419,1005.9650852680206
2053,1737,1272,2046,1750,1450,2069,1744,1452,2060,1752,1419,1006.2041120529175
2053,1737,1272,2046,1750,1450,2069,1743,1451,2060,1752,1419,1006.4585573673248
2053,1737,1272,2046,1750,1450,2069,1744,1452,2060,1752,1419,1006.698529958725
2053,1737,1272,2046,1750,1450,2069,1744,1452,2060,1751,1419,1006.9544751644135
2053,1737,1272,2046,1750,1450,2069,1744,1452,2060,1751,1419,1007.1945295333862
2053,1737,1272,2046,1750,1450,2069,1744,1452,2060,1751,1419,1007.4504678249359
2053,1737,1272,2046,1750,1450,2069,1744,1452,2060,1752,1419,1007.6904909610748
2053,1737,1272,2046,1750,1450,2069,1744,1452,2060,1752,1419,1007.94651222229
2053,1737,1272,2046,1750,1450,2069,1744,1452,2060,1751,1419,1008.1863977909088
2053,1737,1272,2046,1750,1450,2069,1743,1451,2060,1752,1419,1008.4425740242004
2053,1737,1272,2046,1750,1450,2070,1744,1452,2060,1752,1419,1008.6822307109833
2053,1737,1272,2046,1750,1450,2070,1744,1452,2060,1752,1419,1008.9385251998901
2053,1737,1272,2046,1750,1450,2070,1744,1452,2060,1751,1419,1009.1785838603973
2053,1737,1272,2046,1750,1450,2070,1744,1452,2060,1751,1419,1009.434636592865
2053,1737,1272,2046,1750,1450,2069,1744,1452,2060,1751,1419,1009.690351486206
2053,1737,1272,2046,1750,1450,2070,1744,1452,2060,1751,1419,1009.9460628032684
2053,1737,1273,2046,1750,1450,2070,1743,1452,2060,1751,1419,1010.2021880149841
2053,1737,1272,2046,1750,1450,2069,1744,1452,2060,1751,1419,1010.4581789970398
2053,1737,1272,2046,1750,1450,2070,1744,1452,2060,1752,1419,1010.7141168117523
2053,1737,1272,2046,1750,1450,2069,1744,1452,2060,1752,1419,1010.9701197147369
2053,1737,1272,2046,1750,1450,2070,1743,1452,2060,1752,1419,1011.2262077331543
2053,1737,1272,2046,1750,1450,2069,1744,1452,2060,1751,1419,1011.4821801185608
2053,1736,1272,2046,1750,1450,2069,1744,1452,2060,1751,1419,1011.738071680069
2053,1735,1273,2046,1750,1450,2069,1744,1451,2060,1752,1419,1011.9940457344055
2053,1735,1273,2046,1750,1450,2069,1744,1451,2060,1751,1419,1012.2500603199005
2054,1735,1273,2046,1750,1450,2069,1744,1452,2060,1751,1419,1012.5061168670654
2054,1736,1273,2046,1750,1450,2069,1743,1451,2060,1752,1419,1012.7620356082916
2053,1736,1272,2046,1749,1450,2070,1743,1451,2060,1751,1419,1013.0182673931122
2054,1736,1273,2046,1750,1450,2069,1744,1451,2060,1751,1419,1013.2740113735199
2054,1736,1272,2046,1750,1450,2070,1744,1452,2060,1751,1419,1013.5301394462585
2054,1736,1272,2046,1750,1450,2070,1744,1452,2060,1751,1419,1013.7861211299896
2054,1736,1273,2046,1750,1450,2070,1744,1452,2060,1751,1419,1014.0419828891754
2054,1736,1272,2046,1749,1450,2070,1744,1452,2060,1751,1419,1014.2982919216156
2054,1736,1272,2046,1750,1450,2070,1744,1452,2060,1751,1419,1014.5616183280945
2054,1736,1272,2046,1749,1450,2070,1744,1452,2060,1751,1419,1014.8496687412262
2054,1736,1272,2046,1749,1450,2070,1744,1451,2060,1751,1419,1015.1373343467712
2053,1736,1273,2046,1749,1450,2070,1743,1452,2060,1751,1419,1015.4255299568176
2053,1736,1272,2046,1749,1450,2070,1743,1452,2060,1751,1419,1015.7134137153625
