11,12,13,21,22,23,31,32,33,41,42,43,time
60,60,60,61,60,61,59,60,60,60,60,59,0.7831809520721436
60,60,60,60,60,61,59,60,60,60,60,60,1.0709731578826904
60,60,60,61,60,61,59,60,60,60,60,60,1.3352782726287842
60,61,60,61,61,61,60,60,60,60,60,60,1.5912590026855469
60,61,60,61,61,61,60,60,60,60,60,60,1.8473925590515137
60,60,60,61,61,61,59,60,60,60,60,60,2.1037521362304688
60,61,60,61,61,61,59,60,60,60,60,60,2.35909366607666
60,61,60,61,61,61,59,60,60,60,60,60,2.6153969764709473
60,61,60,61,61,61,59,60,60,60,60,60,2.871035099029541
60,61,60,61,60,61,59,60,60,60,60,60,3.12709379196167
60,61,60,61,61,61,59,60,60,60,60,60,3.3829212188720703
60,61,60,61,61,61,59,60,60,60,60,60,3.6394078731536865
60,61,60,61,61,61,59,60,60,60,60,60,3.8949811458587646
60,61,60,61,61,61,59,60,60,60,60,60,4.158499479293823
60,61,60,61,60,61,59,60,60,60,60,60,4.447341442108154
60,61,60,61,60,61,59,60,60,60,60,60,4.734478712081909
60,61,60,61,61,61,60,60,60,60,60,60,4.998911619186401
60,61,60,61,61,61,59,60,60,60,60,60,5.255032539367676
60,61,60,61,61,61,59,60,60,60,60,60,5.5118584632873535
60,61,60,61,61,61,59,60,60,60,60,60,5.767002820968628
60,61,60,61,61,61,60,60,60,60,60,60,6.022861957550049
60,61,60,61,61,61,60,60,60,60,60,60,6.278810739517212
60,61,60,61,61,61,60,60,60,60,60,60,6.534902572631836
60,61,60,61,61,61,60,60,60,60,60,60,6.816421031951904
60,61,60,61,61,61,60,60,60,60,60,60,7.081465721130371
60,61,60,61,61,61,60,60,60,60,60,60,7.3376195430755615
60,61,60,61,60,61,59,60,60,60,60,60,7.593480110168457
60,61,60,61,61,61,60,60,60,60,60,60,7.887570142745972
60,61,60,61,61,61,60,60,60,60,60,60,8.169138193130493
60,61,60,61,60,61,59,60,60,60,60,60,8.423247337341309
60,61,60,61,61,61,59,60,60,60,60,60,8.67998218536377
60,61,60,61,61,61,59,60,60,60,60,60,8.935181617736816
60,61,60,61,61,61,59,60,60,60,60,60,9.191177368164062
60,61,60,61,61,61,60,60,60,60,60,60,9.44722318649292
60,61,60,61,61,61,60,60,60,60,60,60,9.703181743621826
60,61,60,61,61,61,60,60,60,60,60,60,9.958803415298462
60,61,60,61,61,61,60,60,60,60,60,60,10.215367794036865
60,61,60,61,61,61,60,60,60,60,60,60,10.47172474861145
60,61,60,61,61,61,59,60,60,60,60,60,10.728750467300415
60,61,60,61,60,61,59,60,60,60,60,60,10.983251094818115
60,61,60,61,61,61,59,60,60,60,60,60,11.239768266677856
60,61,60,61,60,61,59,60,60,60,60,60,11.496101140975952
60,61,60,61,60,61,60,60,60,60,60,60,11.750623226165771
60,61,60,61,61,61,59,60,60,60,60,60,12.007155656814575
60,61,60,61,61,61,59,60,60,60,60,60,12.262847900390625
60,61,60,61,61,61,59,60,60,60,60,60,12.518465280532837
60,61,60,61,61,61,59,60,60,60,60,60,12.774569511413574
60,61,60,61,61,61,60,60,60,60,60,60,13.031091213226318
60,61,60,61,61,61,59,60,60,60,60,60,13.286830186843872
60,61,60,61,61,61,60,60,60,60,60,60,13.542924642562866
60,61,60,61,61,61,59,60,60,60,60,60,13.798983573913574
60,61,60,61,61,61,59,60,60,60,60,60,14.054776906967163
60,61,60,61,61,61,59,60,60,60,60,60,14.310757160186768
60,61,60,61,61,61,59,60,60,60,60,60,14.566892623901367
60,61,60,61,61,61,59,60,60,60,60,60,14.822912454605103
60,61,60,61,61,61,60,60,60,60,60,60,15.078848600387573
60,61,60,61,61,61,59,60,60,60,60,60,15.334953546524048
60,61,60,61,60,61,59,60,60,60,60,60,15.59122109413147
60,61,60,61,61,61,60,60,60,60,60,60,15.847052812576294
60,61,60,61,60,61,59,60,60,60,60,60,16.102943658828735
60,61,60,61,61,61,60,60,60,60,60,60,16.359259843826294
60,61,60,61,61,61,59,60,60,60,60,60,16.614948749542236
60,61,60,61,61,61,59,60,60,60,60,60,16.870709657669067
60,61,60,61,61,61,59,60,60,60,60,60,17.126670122146606
60,61,60,61,61,61,59,60,60,60,60,60,17.382842540740967
60,61,60,61,61,61,59,60,60,60,60,60,17.638781785964966
60,61,60,61,60,61,59,60,60,60,60,60,17.894916772842407
60,61,60,61,61,61,60,60,60,60,60,60,18.150609254837036
60,61,60,61,61,61,59,60,60,60,60,60,18.40788722038269
60,61,60,61,61,61,59,60,60,60,60,60,18.6635799407959
60,61,60,61,60,61,59,60,60,60,60,60,18.918721914291382
60,61,60,61,61,61,59,60,60,60,60,60,19.175111770629883
60,61,60,61,60,61,59,60,60,60,60,60,19.43099069595337
60,61,60,61,60,61,59,60,60,60,60,60,19.686835050582886
60,61,60,61,60,61,59,60,60,60,60,60,19.94275736808777
60,61,60,61,60,61,59,60,60,60,60,60,20.199395418167114
60,60,60,61,60,61,59,60,60,60,60,60,20.471100568771362
60,61,60,61,61,61,59,60,60,60,60,60,20.726812601089478
60,61,60,61,60,61,59,60,60,60,60,60,20.982922792434692
60,61,60,61,60,61,59,60,60,60,60,60,21.23886251449585
60,61,60,61,60,61,59,60,60,60,60,60,21.494148015975952
60,61,60,61,61,61,59,60,60,60,60,60,21.750511646270752
60,61,60,61,60,61,59,60,60,60,60,60,22.014002323150635
60,61,60,61,61,61,60,60,60,60,60,60,22.30153250694275
60,61,60,61,61,61,60,60,60,60,60,60,22.589515924453735
60,61,60,61,61,61,59,60,60,60,60,60,22.877219915390015
60,61,60,61,60,61,59,60,60,60,60,60,23.165544986724854
60,61,60,61,60,61,59,60,60,60,60,60,23.45407462120056
60,61,60,61,61,61,60,60,60,60,60,60,23.742030382156372
60,61,60,61,61,61,59,60,60,60,60,60,24.030402421951294
60,61,60,61,60,61,59,60,60,60,60,60,24.31765079498291
60,61,60,61,61,61,59,60,60,60,60,60,24.597944974899292
60,61,60,61,61,61,59,60,60,60,60,60,24.854685306549072
60,61,60,61,61,61,59,60,60,60,60,60,25.133310079574585
60,61,60,61,60,61,60,60,60,60,60,60,25.4215669631958
60,61,60,61,60,61,59,60,60,60,60,60,25.709579706192017
60,60,60,61,61,61,59,60,60,60,60,60,25.997207164764404
60,61,60,61,60,61,59,60,60,60,60,60,26.285738706588745
60,61,60,61,61,61,59,60,60,60,60,60,26.5732364654541
60,61,60,61,61,61,60,60,60,60,60,60,26.86089038848877
60,61,60,61,61,61,60,60,60,60,60,60,27.149407148361206
60,61,60,61,61,61,60,60,60,60,60,60,27.43752884864807
60,61,60,61,60,61,60,60,60,60,60,60,27.725221872329712
60,61,60,61,60,61,59,60,60,60,60,60,28.01338839530945
60,61,60,60,60,61,59,60,60,60,60,60,28.300962448120117
60,61,60,61,61,61,59,60,60,60,60,60,28.589176654815674
60,61,60,61,61,61,59,60,60,60,60,60,28.876911401748657
60,61,60,61,60,61,59,60,60,60,60,60,29.166783571243286
60,61,60,61,61,61,59,60,60,60,60,60,29.43050718307495
60,61,60,61,61,61,59,60,60,60,60,60,29.686427116394043
60,61,60,61,61,61,59,60,60,60,60,60,29.941725730895996
60,61,60,61,60,61,59,60,60,60,60,60,30.19776487350464
60,61,60,61,60,61,59,60,60,60,60,60,30.45439386367798
60,61,60,61,61,61,59,60,60,60,60,60,30.709889888763428
60,61,60,61,61,61,59,60,60,60,60,60,30.966070652008057
60,60,60,60,60,61,59,60,60,60,60,60,31.22263765335083
60,61,60,61,60,61,59,60,60,60,60,60,31.501319408416748
60,61,60,61,60,61,59,60,60,60,60,60,31.77305579185486
60,61,60,61,60,61,59,60,60,60,60,60,32.061171531677246
60,61,60,61,60,61,59,60,60,60,60,60,32.349764585494995
60,60,60,60,61,61,59,60,60,60,60,60,32.61401724815369
60,61,60,61,60,61,59,60,60,60,60,60,32.870110750198364
60,60,60,61,60,61,59,60,60,60,60,60,33.133183002471924
60,61,60,61,61,61,59,60,60,60,60,60,33.40506887435913
58,59,58,59,59,60,57,58,58,58,58,57,33.693618297576904
59,60,59,60,60,60,58,58,59,59,59,59,33.965184926986694
59,60,59,60,60,60,58,59,59,59,59,59,34.252745151519775
59,60,59,60,60,60,58,59,59,59,59,58,34.525025367736816
59,59,59,59,59,59,58,58,59,58,58,58,34.81269717216492
59,60,59,60,60,60,59,59,60,59,59,59,35.08484959602356
60,60,59,60,60,60,59,59,59,59,59,59,35.372620582580566
59,60,59,60,60,60,59,59,60,59,59,59,35.644498109817505
57,58,57,58,59,59,57,58,58,58,58,58,35.93255066871643
59,60,59,60,60,60,59,59,59,59,59,59,36.204625606536865
59,60,59,60,60,60,59,59,59,59,59,59,36.49379777908325
59,59,58,60,60,60,59,59,59,59,59,59,36.76493048667908
58,59,59,59,59,59,57,58,58,58,58,58,37.05292725563049
60,60,60,60,60,61,59,60,60,60,60,60,37.325071573257446
60,60,59,60,60,60,59,60,60,60,59,60,37.612980365753174
60,60,60,60,60,61,59,60,60,60,60,59,37.88479018211365
57,57,56,58,58,58,57,58,58,58,58,58,38.14965200424194
58,59,58,60,59,60,58,59,59,59,59,59,38.39721131324768
59,59,59,60,60,60,58,59,59,59,59,59,38.68488955497742
58,59,59,60,60,60,58,59,59,59,59,59,38.95692992210388
58,59,58,59,59,59,58,57,58,58,58,58,39.24468159675598
60,60,60,60,60,60,59,59,60,60,60,59,39.51690363883972
60,60,60,60,60,60,59,60,60,60,60,59,39.80464053153992
60,60,60,60,60,61,59,60,60,60,60,60,40.07678174972534
56,57,57,57,57,57,57,57,57,57,57,57,40.364563941955566
59,59,59,59,59,59,58,59,59,59,59,59,40.63671851158142
59,60,59,60,60,61,59,59,60,60,60,60,40.90150260925293
59,60,60,60,60,60,59,59,60,60,60,59,41.141560792922974
60,60,60,60,60,61,59,60,60,60,60,60,41.397470474243164
60,60,60,60,60,61,59,60,60,60,60,60,41.63745355606079
60,61,60,61,60,61,59,60,60,60,60,60,41.893423557281494
60,60,60,60,60,61,59,60,60,60,60,60,42.13316297531128
60,60,60,60,60,61,59,60,60,60,60,60,42.38914346694946
60,60,60,60,60,61,59,60,60,60,60,60,42.629361391067505
60,60,60,60,60,61,59,60,60,60,60,59,42.88513469696045
60,60,60,60,60,61,59,60,60,60,60,60,43.148560762405396
57,57,56,58,58,58,57,57,58,58,58,58,43.436853885650635
59,60,59,60,60,60,59,59,59,59,59,59,43.70866012573242
59,60,59,60,60,60,59,59,60,60,60,59,43.973214864730835
59,60,59,60,60,60,59,59,60,59,60,59,44.21329689025879
57,58,57,59,58,59,57,58,58,58,58,58,44.469066858291626
58,59,59,60,59,60,58,59,59,59,59,59,44.70909857749939
58,59,59,60,59,60,58,59,59,59,59,59,44.97247838973999
59,59,58,60,60,60,58,59,59,59,59,58,45.24451804161072
58,59,58,59,59,58,58,58,58,58,58,58,45.509238958358765
58,59,58,59,59,59,58,58,58,59,58,58,45.74915432929993
58,59,59,59,59,59,58,58,59,59,59,58,46.00508213043213
59,59,58,59,59,59,58,58,59,58,58,59,46.244985818862915
57,58,57,59,58,59,57,57,58,58,58,58,46.517133474349976
58,58,59,59,59,60,58,59,59,59,59,58,46.75715756416321
59,59,58,60,59,60,58,58,59,59,59,59,47.01302766799927
58,59,58,60,59,60,58,58,59,59,59,58,47.25314712524414
58,58,58,59,59,59,58,58,59,58,58,58,47.50905227661133
59,59,58,59,59,59,58,58,59,58,59,59,47.74909210205078
59,59,59,59,59,59,58,58,59,59,59,59,48.00497651100159
59,59,59,59,59,59,58,59,59,58,59,58,48.24513792991638
57,58,58,59,59,59,58,58,58,58,58,58,48.501041650772095
57,58,58,59,59,59,58,58,59,59,59,58,48.741178035736084
58,58,58,59,59,59,58,58,59,59,59,59,48.99700355529785
58,59,58,59,59,60,58,58,59,58,59,58,49.237054109573364
58,59,58,59,58,59,58,58,58,58,58,58,49.49527835845947
58,59,58,59,59,59,58,58,58,58,58,58,49.73295521736145
58,59,58,59,59,59,58,58,58,58,58,58,49.98879051208496
58,59,58,59,59,59,58,58,58,59,58,58,50.22886300086975
56,58,56,58,58,59,57,58,58,58,58,57,50.484750509262085
58,58,57,59,59,59,58,58,58,58,58,58,50.72474670410156
57,58,57,59,59,59,58,58,58,58,58,58,50.98085618019104
58,58,57,59,59,59,58,58,58,58,58,58,51.22082781791687
58,58,58,59,59,59,57,58,58,58,58,58,51.47767090797424
58,59,58,59,59,59,58,58,58,58,58,57,51.716721534729004
58,59,58,59,58,59,58,58,58,58,58,58,51.97281789779663
58,59,58,59,59,58,57,58,58,58,57,58,52.2130241394043
57,56,56,58,58,59,57,58,58,58,58,58,52.46875286102295
57,58,57,59,58,59,57,58,58,58,58,58,52.70877456665039
57,57,57,59,59,59,57,58,58,58,58,58,52.96480369567871
57,58,57,59,58,59,57,58,58,58,58,58,53.20503377914429
58,59,58,59,59,59,57,58,58,58,58,57,53.460681200027466
59,59,58,59,59,59,58,58,58,58,58,58,53.70059156417847
58,59,58,59,59,59,58,58,59,58,58,58,53.95667004585266
58,59,59,59,59,59,58,58,59,58,59,58,54.19665336608887
57,56,56,58,58,58,57,57,58,58,58,57,54.45263624191284
56,57,56,59,59,59,57,57,58,57,58,57,54.692585945129395
57,57,57,58,58,59,57,58,58,58,58,58,54.9485125541687
57,57,56,59,58,59,57,58,58,58,58,57,55.1930456161499
58,59,58,59,59,59,58,58,58,58,58,58,55.444459199905396
58,59,58,59,59,59,58,58,58,58,58,58,55.68475079536438
58,59,58,59,59,59,58,58,58,58,58,58,55.940587759017944
58,59,58,59,58,59,58,58,58,58,58,58,56.180514097213745
57,57,56,58,58,59,57,58,58,58,58,57,56.436529874801636
57,57,57,58,59,59,57,58,58,58,58,57,56.67666578292847
57,57,57,58,58,59,57,58,58,58,58,57,56.932557821273804
57,58,57,58,58,58,57,58,58,58,58,57,57.17236280441284
58,59,58,58,59,59,58,58,58,58,58,58,57.428426027297974
58,59,58,59,59,59,58,58,58,58,58,58,57.6683554649353
58,59,58,59,58,59,58,58,58,58,58,58,57.924577951431274
58,59,58,59,59,59,57,58,58,58,58,58,58.16457509994507
56,57,57,58,58,58,57,57,58,58,58,57,58.420307636260986
57,58,57,58,58,59,57,57,58,58,58,57,58.660380840301514
57,58,57,58,58,59,57,58,58,57,57,57,58.91633367538452
57,57,57,58,58,59,57,58,58,58,58,57,59.15665125846863
58,59,58,58,58,59,58,58,58,58,58,58,59.41250658035278
58,59,58,59,58,59,58,58,58,58,58,58,59.65243625640869
58,59,58,58,59,59,58,58,58,58,58,58,59.908361196517944
58,59,58,59,59,59,58,58,58,58,58,58,60.14841032028198
56,58,56,58,58,59,57,58,58,58,58,57,60.40436840057373
57,58,57,59,58,59,57,58,58,58,58,57,60.64431190490723
57,58,56,59,58,59,57,57,58,58,58,58,60.90027117729187
56,57,56,59,58,59,57,58,58,58,57,57,61.14047050476074
58,59,58,58,59,59,57,58,58,58,58,58,61.40237045288086
58,59,58,58,58,59,58,58,58,58,58,58,61.652732610702515
58,59,58,59,59,59,58,58,58,58,58,58,61.90855169296265
58,59,58,59,59,59,58,58,58,59,58,58,62.14848589897156
58,59,58,59,58,58,58,58,58,58,58,58,62.40437936782837
59,59,59,60,60,60,59,59,59,59,59,59,62.64449381828308
59,60,59,60,60,60,59,59,59,59,59,59,62.90040564537048
59,60,59,60,60,60,59,59,59,59,59,59,63.140395641326904
60,60,60,60,60,60,59,60,60,60,60,60,63.39626097679138
60,60,60,60,60,60,59,60,60,60,59,59,63.63647484779358
60,60,60,60,60,61,59,60,60,60,60,59,63.89248561859131
60,60,60,60,60,60,59,60,60,60,60,60,64.13239693641663
59,60,59,60,60,60,59,59,60,60,59,59,64.38833093643188
59,60,59,60,60,60,59,59,60,59,60,59,64.62838530540466
59,60,59,60,60,60,59,59,60,59,60,59,64.8843502998352
59,60,59,60,60,60,59,59,60,59,60,59,65.12436056137085
60,60,60,60,60,61,59,60,60,60,60,60,65.38030767440796
59,60,60,60,60,60,59,60,60,60,60,59,65.62044072151184
60,60,60,60,60,60,59,59,60,60,60,60,65.87630677223206
60,60,60,60,60,61,59,60,60,60,60,59,66.1163604259491
59,60,59,60,60,60,59,59,60,60,59,59,66.37217855453491
59,60,59,60,60,60,59,59,60,59,59,59,66.61219453811646
59,60,59,60,60,60,59,59,60,59,59,59,66.86811637878418
59,60,59,60,60,60,59,59,60,59,60,59,67.13095164299011
59,60,59,60,60,60,59,59,60,60,59,59,67.41899538040161
59,60,60,60,60,60,59,59,60,60,60,59,67.691082239151
60,60,60,60,60,60,59,59,60,60,60,59,67.97905254364014
60,60,59,60,60,60,59,60,60,60,60,59,68.2511236667633
56,57,56,58,58,58,57,57,58,57,57,57,68.53923177719116
58,59,58,59,59,60,58,58,59,59,59,58,68.81114554405212
58,59,58,59,59,59,58,58,59,59,59,58,69.09885501861572
58,59,58,59,59,60,58,59,59,59,59,59,69.37090015411377
58,59,58,59,59,58,57,58,58,58,58,57,69.65904474258423
59,59,58,59,59,59,58,58,59,59,58,58,69.93108296394348
58,59,59,59,59,60,58,58,58,59,59,58,70.21899175643921
58,59,58,59,59,59,58,58,59,58,58,58,70.49087715148926
56,57,56,58,58,59,57,57,58,57,57,57,70.77895450592041
57,58,56,59,59,59,57,58,58,58,58,57,71.05080485343933
57,58,58,59,59,59,57,58,58,58,58,58,71.33867192268372
57,58,57,59,59,59,58,58,58,58,58,58,71.61098313331604
58,58,58,59,58,58,57,57,58,58,58,58,71.8986542224884
58,59,58,59,59,58,58,58,58,58,58,58,72.17073464393616
58,59,58,59,59,59,58,58,58,58,58,58,72.45882391929626
58,59,58,59,59,59,58,58,59,58,58,58,72.73089933395386
56,57,57,58,58,58,57,57,57,58,58,57,73.01892304420471
57,57,57,58,58,59,57,58,58,58,57,58,73.2908103466034
58,58,56,59,59,59,57,58,58,57,58,58,73.57859563827515
57,58,57,59,59,59,57,58,58,58,58,58,73.85641169548035
58,59,58,58,58,59,57,58,58,58,58,57,74.11589908599854
59,59,58,59,59,59,58,58,59,58,58,58,74.35591292381287
59,59,58,59,59,59,58,58,59,59,58,58,74.61177778244019
59,59,59,59,59,59,58,58,59,59,59,58,74.85184741020203
57,57,55,58,58,58,57,57,58,57,57,57,75.13045644760132
57,57,57,59,58,59,57,58,58,58,58,58,75.40257430076599
57,58,57,59,59,59,57,57,58,58,58,58,75.69056367874146
58,58,57,59,58,59,58,58,58,58,58,58,75.96257162094116
58,58,58,58,58,58,57,57,58,58,57,57,76.25042033195496
58,59,58,59,59,59,58,58,58,58,58,58,76.52281045913696
58,59,58,59,59,59,58,58,58,58,58,58,76.8107922077179
58,59,58,59,59,59,58,58,58,58,58,58,77.08303928375244
57,57,57,58,58,58,57,57,58,58,57,57,77.37102246284485
58,58,58,59,59,59,58,58,58,58,58,58,77.64299249649048
58,58,58,59,59,59,58,58,58,58,58,58,77.93091082572937
57,58,57,59,59,59,58,58,58,58,58,58,78.20306754112244
58,58,58,58,58,58,57,57,58,57,57,57,78.49088644981384
58,58,58,58,58,59,57,58,58,58,57,57,78.76288866996765
58,59,58,59,58,59,57,58,58,58,58,57,79.05093550682068
58,58,58,58,58,58,57,58,58,58,57,58,79.32929301261902
57,57,57,58,58,58,57,57,57,57,57,57,79.610604763031
57,58,57,59,59,59,57,58,58,58,58,58,79.88257122039795
58,58,57,59,59,59,57,58,58,58,58,58,80.1633403301239
57,57,58,59,59,59,58,58,58,58,58,57,80.40325260162354
58,58,58,58,58,59,57,58,58,58,58,57,80.65929961204529
58,59,58,59,59,59,57,58,58,58,58,58,80.89932060241699
58,59,58,58,59,59,57,58,58,58,58,57,81.1553361415863
58,59,58,59,58,58,57,58,58,58,58,57,81.39533305168152
56,57,55,58,58,58,57,57,57,57,57,57,81.65124607086182
57,58,57,59,58,59,57,57,58,58,58,58,81.89115476608276
57,58,57,59,59,59,57,58,58,58,58,58,82.1471004486084
57,58,57,59,58,59,57,58,58,58,58,58,82.38735938072205
58,58,57,58,58,58,57,57,57,57,58,57,82.64331769943237
58,59,58,59,58,58,57,57,58,58,58,58,82.88310122489929
58,58,58,59,58,58,57,58,58,58,58,58,83.13915610313416
58,58,58,58,58,59,57,58,58,58,57,58,83.37925910949707
57,56,56,58,58,58,57,57,57,57,57,57,83.63986849784851
56,57,56,58,58,58,57,57,58,57,57,57,83.91456770896912
57,56,56,58,58,58,56,57,57,57,57,57,84.1790759563446
57,56,56,58,58,58,56,57,57,57,57,57,84.42599081993103
58,59,58,59,58,58,57,58,58,58,58,58,84.69139242172241
58,59,58,59,59,59,58,58,58,58,58,58,84.93138527870178
58,59,58,59,59,59,58,58,58,58,58,58,85.18726539611816
58,59,58,59,59,59,58,58,58,58,58,58,85.42733931541443
57,56,56,58,58,58,56,57,57,57,57,57,85.68324589729309
56,56,56,58,58,58,57,57,58,58,58,57,85.92329382896423
56,56,56,58,58,59,57,57,58,58,57,57,86.17925190925598
57,57,56,58,58,58,57,57,58,58,57,57,86.41912078857422
58,59,58,58,58,59,57,58,58,58,57,58,86.67513012886047
58,59,58,59,59,59,58,58,58,58,58,58,86.91515874862671
58,59,58,59,59,59,58,58,58,58,58,58,87.17107892036438
58,59,58,59,59,58,58,58,58,58,58,58,87.41114068031311
56,57,56,58,58,58,57,57,57,57,57,57,87.66707348823547
56,58,56,58,58,59,57,58,58,58,58,58,87.90718626976013
56,57,57,58,58,58,57,58,58,58,57,57,88.1630961894989
57,57,57,59,58,58,57,58,58,58,58,58,88.40307927131653
58,59,58,59,58,59,58,58,58,58,58,58,88.65910840034485
59,60,59,60,59,60,58,59,59,59,59,59,88.89907431602478
59,60,59,60,60,60,59,59,59,59,59,59,89.15505170822144
59,60,59,60,60,60,59,59,59,59,59,59,89.39502167701721
59,60,59,60,60,60,59,59,59,59,59,59,89.6510636806488
59,60,59,60,60,60,59,59,59,59,59,59,89.89099264144897
59,60,59,60,60,60,59,59,59,59,59,59,90.1469898223877
59,60,59,60,60,60,59,59,59,59,59,59,90.3870632648468
59,60,59,60,60,60,59,59,60,60,60,59,90.64302229881287
59,60,59,60,60,60,59,59,60,59,59,59,90.88283228874207
59,60,59,60,60,60,59,59,60,60,59,59,91.1388669013977
60,60,59,60,60,60,59,59,60,60,59,59,91.3806402683258
58,59,59,60,59,60,58,59,59,59,59,58,91.65770125389099
59,60,59,60,60,60,59,59,59,59,58,58,91.92973518371582
59,60,59,60,59,60,58,59,59,59,58,59,92.21781778335571
59,60,59,60,60,60,58,59,59,59,59,59,92.48968887329102
57,58,57,58,58,59,57,57,58,58,57,57,92.77789354324341
58,59,58,59,59,59,58,58,58,58,58,58,93.04984426498413
58,59,58,59,58,59,58,58,58,58,58,58,93.33777499198914
58,59,58,59,58,59,58,58,58,58,58,58,93.60983204841614
57,57,56,58,58,58,57,57,57,57,57,56,93.8977689743042
57,58,58,59,59,59,58,58,58,58,58,58,94.16973853111267
57,58,58,59,59,59,58,58,58,58,58,58,94.45750951766968
57,58,58,59,59,59,58,58,58,58,58,58,94.72995185852051
57,58,58,58,58,58,57,57,58,57,57,57,95.01769804954529
58,58,58,59,58,59,57,57,58,58,58,57,95.28976392745972
58,58,58,58,58,58,57,57,58,57,58,58,95.57738137245178
58,58,58,58,58,58,57,58,58,58,57,57,95.84982919692993
56,56,56,58,58,58,57,57,57,58,57,57,96.13724851608276
58,58,57,59,59,59,57,58,58,58,58,58,96.40943121910095
57,58,57,59,59,59,57,58,58,58,58,58,96.69713878631592
58,58,57,59,59,59,58,58,58,58,58,58,96.96923017501831
57,58,57,58,58,57,56,57,57,57,57,57,97.25731039047241
57,58,58,58,58,59,57,57,58,57,57,57,97.52941513061523
58,58,57,58,58,59,57,57,58,57,57,57,97.81737756729126
58,58,57,58,58,58,57,57,57,57,57,57,98.08949398994446
57,57,56,58,58,58,57,57,57,58,57,57,98.3774003982544
57,58,57,59,59,59,58,58,58,58,58,57,98.64933705329895
57,58,57,59,59,59,57,58,58,58,58,58,98.93731379508972
57,58,58,58,59,59,57,58,58,58,58,58,99.20938515663147
57,58,57,58,58,58,57,57,58,58,57,57,99.49759650230408
58,58,58,58,58,59,57,58,58,58,58,57,99.76913595199585
58,59,58,58,59,58,57,58,58,58,58,58,100.05716824531555
58,59,58,59,58,59,57,58,58,58,58,58,100.32908725738525
57,57,57,58,58,58,57,57,58,57,57,58,100.61740493774414
57,58,57,59,59,59,57,58,58,58,58,58,100.88917112350464
57,58,57,59,59,59,57,58,58,58,57,57,101.17730164527893
57,58,58,59,59,59,57,58,58,58,58,58,101.44935417175293
57,58,57,58,58,58,57,57,57,57,57,57,101.73732495307922
58,58,57,58,58,58,57,57,58,57,57,57,102.00922989845276
57,58,57,58,58,58,57,57,58,57,57,57,102.29694509506226
58,58,57,58,58,59,57,57,57,57,57,57,102.56901121139526
57,57,57,58,58,58,57,57,58,58,57,57,102.85719895362854
58,58,57,59,58,59,57,58,58,58,58,58,103.12931036949158
57,58,57,59,59,59,57,58,58,58,58,57,103.4172933101654
57,58,57,59,58,59,57,58,58,58,58,58,103.68931460380554
57,58,57,58,58,58,57,57,58,57,57,57,103.97720432281494
58,58,58,58,58,58,57,58,58,58,58,58,104.2490599155426
58,58,58,58,58,59,57,58,58,58,58,58,104.5371482372284
58,58,58,59,59,58,57,58,58,58,58,58,104.80930280685425
56,58,57,58,58,58,57,57,58,58,57,57,105.09701180458069
57,58,58,59,59,59,58,58,58,58,58,58,105.369060754776
57,58,57,59,59,59,58,58,58,58,58,58,105.65720200538635
57,58,58,59,59,59,57,58,58,58,58,58,105.92904591560364
57,58,57,58,58,58,57,57,58,58,57,57,106.21695351600647
58,59,58,59,59,59,58,58,58,58,58,58,106.48530530929565
58,59,58,59,59,59,58,58,58,58,58,58,106.73822569847107
58,59,58,59,58,59,58,58,58,58,58,58,106.97828412055969
57,57,57,58,58,58,57,57,57,57,57,57,107.23401737213135
58,58,57,59,59,59,57,58,58,58,58,58,107.47424578666687
58,58,57,59,59,59,58,58,58,58,58,58,107.73012018203735
58,58,58,59,59,59,58,58,58,58,58,58,107.96983051300049
58,58,57,58,58,59,57,58,58,58,58,57,108.22585391998291
58,58,58,59,59,59,58,58,58,58,58,58,108.46574234962463
59,60,59,60,59,60,58,59,59,59,59,59,108.72173380851746
59,60,59,60,60,60,59,59,59,59,59,59,108.96167850494385
59,60,59,60,60,60,59,59,59,59,59,59,109.21768021583557
59,60,59,60,60,60,59,59,59,59,59,59,109.45765256881714
59,60,59,60,60,60,59,59,59,59,59,59,109.7138442993164
59,60,59,60,60,60,59,59,59,59,59,59,109.95374202728271
59,60,59,60,60,60,59,59,59,59,59,59,110.22588682174683
59,60,59,60,60,60,59,59,60,59,59,59,110.46560168266296
59,60,59,60,60,60,59,59,59,59,59,59,110.72192668914795
59,60,59,60,60,60,59,59,60,59,59,59,110.96160173416138
59,60,59,60,60,60,59,59,59,59,59,59,111.2175178527832
59,60,59,60,60,60,59,59,59,59,59,59,111.4576404094696
59,60,59,60,60,60,59,59,59,59,59,59,111.71358633041382
59,60,59,60,60,60,59,59,59,59,59,59,111.95372986793518
57,57,57,58,58,58,57,57,58,57,57,57,112.20961403846741
59,59,59,59,59,59,58,59,59,59,59,59,112.44949388504028
59,59,59,59,59,60,58,59,59,59,59,59,112.70560097694397
59,59,59,59,59,60,58,59,59,59,59,59,112.94541501998901
55,56,56,58,57,57,56,57,57,57,57,57,113.20158410072327
56,57,55,58,58,58,57,57,57,57,57,57,113.4644935131073
56,58,57,58,58,58,57,57,58,58,57,57,113.7525486946106
56,58,57,58,58,58,57,57,57,57,58,57,114.02451133728027
57,58,57,58,58,58,57,57,57,57,57,57,114.31249761581421
58,59,58,59,58,58,57,58,58,58,58,58,114.58468961715698
58,59,58,59,59,59,57,58,58,58,58,58,114.87260556221008
58,59,58,59,59,59,57,58,58,58,58,57,115.1443681716919
56,56,55,58,58,58,57,57,57,57,57,57,115.43243050575256
56,57,57,58,58,58,57,57,57,57,57,57,115.70460557937622
56,57,56,58,58,58,57,57,58,58,57,57,115.99253034591675
57,57,56,58,58,58,57,57,58,58,57,57,116.26440525054932
58,58,57,58,58,58,57,57,58,58,58,57,116.5525119304657
58,59,58,59,59,59,58,58,58,58,58,58,116.82456946372986
58,59,58,59,59,59,58,58,58,58,58,58,117.11226058006287
58,59,58,59,59,59,58,58,58,58,58,58,117.38435292243958
57,56,56,58,58,58,57,57,57,57,57,57,117.67237615585327
57,57,57,58,58,59,57,57,58,58,58,57,117.94450521469116
57,58,57,59,58,59,57,58,58,58,58,58,118.23220753669739
57,58,57,59,59,59,58,58,58,58,58,58,118.50422549247742
57,58,57,58,58,58,57,57,57,57,57,57,118.79222965240479
58,58,58,58,58,58,57,57,58,58,57,57,119.06428670883179
58,58,57,58,58,58,57,58,58,57,58,58,119.35212278366089
58,58,58,58,58,59,57,57,58,58,57,57,119.6242663860321
56,57,55,58,58,58,56,57,57,57,57,57,119.91228866577148
58,58,57,59,59,59,58,58,58,58,58,58,120.18418288230896
57,58,58,59,59,59,58,58,58,58,58,58,120.47234392166138
58,58,58,59,59,59,58,58,58,58,58,58,120.7443335056305
57,58,57,58,58,57,57,57,57,57,57,57,121.03203892707825
58,58,57,58,58,59,57,57,58,58,57,57,121.30443096160889
57,58,58,58,58,59,57,57,58,58,58,58,121.58866715431213
58,58,58,59,58,59,57,57,58,58,58,58,121.82508611679077
56,56,56,58,57,58,56,57,57,57,57,57,122.08148980140686
58,58,58,59,59,59,58,58,58,58,58,58,122.32137823104858
57,58,58,59,59,59,58,58,58,58,58,58,122.57733368873596
58,59,57,59,59,59,58,58,58,58,58,58,122.81741547584534
57,58,57,58,58,58,57,57,57,57,57,57,123.07335615158081
57,58,57,58,58,58,57,58,58,58,57,58,123.3134753704071
57,58,57,58,58,58,57,58,58,58,58,57,123.5696120262146
58,58,58,58,58,58,57,57,58,58,57,57,123.80956292152405
56,56,56,58,58,58,56,57,57,57,57,56,124.06552934646606
58,58,58,59,58,59,57,58,58,58,58,58,124.30548906326294
57,58,58,59,59,59,58,58,58,58,58,58,124.56130456924438
58,59,57,59,59,59,58,58,58,58,58,58,124.80147123336792
57,58,57,58,58,59,57,57,57,57,57,57,125.08007979393005
58,58,58,58,58,58,57,58,58,58,58,58,125.35245203971863
58,58,58,59,58,59,57,58,58,58,58,58,125.64009523391724
58,58,58,59,58,59,57,58,58,58,58,58,125.91202521324158
56,56,56,58,57,58,56,56,57,57,57,57,126.20022940635681
58,59,57,59,59,59,58,58,58,58,58,58,126.47194218635559
57,58,58,59,59,59,57,58,58,58,58,58,126.75988554954529
57,58,58,59,59,59,58,58,58,58,58,58,127.03235816955566
57,58,57,58,57,58,57,57,57,57,57,57,127.32033610343933
58,58,58,59,58,59,58,58,58,58,58,58,127.59243035316467
59,60,59,60,60,60,58,59,59,59,59,59,127.88021779060364
59,60,59,60,60,60,58,59,59,59,59,59,128.1521008014679
58,59,58,59,59,59,58,59,59,59,59,58,128.4402039051056
59,60,59,60,59,60,59,59,59,59,59,59,128.71224904060364
59,59,59,60,59,60,59,59,59,59,59,59,129.00017523765564
59,59,59,60,60,60,59,59,59,59,59,59,129.2723081111908
59,60,59,60,60,60,59,59,59,59,59,59,129.56012439727783
59,60,59,60,60,60,59,59,59,59,59,59,129.8321783542633
59,60,59,60,60,60,59,59,59,59,59,59,130.12009978294373
59,60,59,60,60,60,59,59,59,59,59,59,130.39208340644836
59,59,59,60,59,60,58,59,59,59,59,59,130.68015718460083
59,60,59,60,60,60,58,59,59,59,59,59,130.95207858085632
59,59,59,60,60,60,58,59,59,59,59,59,131.24005675315857
59,59,59,60,60,60,59,59,59,59,59,59,131.51201272010803
59,60,59,60,60,60,59,59,59,59,59,59,131.79999089241028
59,60,59,60,60,60,59,59,59,59,59,59,132.07174944877625
59,60,59,60,60,60,59,59,60,59,59,59,132.35992455482483
59,60,59,60,60,60,59,59,59,59,59,59,132.63190245628357
59,59,59,60,59,60,58,59,59,59,59,59,132.91982746124268
59,59,59,60,60,60,59,59,59,59,59,59,133.19183087348938
59,60,59,60,60,60,59,59,59,59,59,59,133.47952890396118
59,59,59,60,60,60,58,59,59,59,59,59,133.75167751312256
59,59,59,60,59,60,58,59,59,59,59,59,134.0396921634674
59,60,59,60,60,60,59,59,59,59,59,59,134.3118793964386
59,60,59,60,60,60,59,59,59,59,59,59,134.5994472503662
59,60,59,60,60,60,59,59,59,59,59,59,134.8717942237854
56,57,57,58,58,58,57,57,57,57,57,57,135.15942931175232
57,58,57,59,58,58,57,58,58,58,58,58,135.43160104751587
57,58,57,59,58,59,57,58,58,58,58,57,135.7195999622345
57,58,57,59,59,59,57,58,58,58,58,58,135.99168491363525
57,58,57,58,57,58,57,57,57,57,57,57,136.27935028076172
58,58,58,59,58,59,57,58,58,58,58,57,136.55184483528137
58,58,58,58,58,59,57,58,58,58,57,58,136.81655287742615
58,59,58,58,58,59,57,58,58,57,57,58,137.05669403076172
57,58,56,58,58,58,57,57,57,57,57,57,137.31222105026245
58,58,57,58,58,59,57,58,58,58,58,58,137.55222916603088
57,58,58,59,59,59,58,58,58,58,58,58,137.8081693649292
57,58,57,59,59,59,58,58,58,58,58,58,138.04824233055115
57,58,57,58,58,58,57,57,58,58,58,57,138.30427050590515
58,58,58,59,58,59,57,58,58,58,58,58,138.5443844795227
59,60,59,60,59,60,58,59,59,59,59,59,138.80017495155334
59,59,59,60,60,60,58,59,59,59,59,59,139.04038190841675
59,59,59,59,59,60,58,59,59,59,59,59,139.2963001728058
59,60,59,60,60,60,58,59,59,59,59,59,139.53619241714478
59,59,59,60,60,60,58,59,59,59,59,59,139.79213166236877
59,59,59,60,60,60,58,59,59,59,59,59,140.0321397781372
57,58,57,58,58,58,57,57,57,57,57,57,140.28801774978638
58,58,57,58,58,58,57,57,58,57,58,57,140.52814197540283
57,58,57,58,58,58,57,57,57,57,57,57,140.78410840034485
58,58,57,58,58,58,57,57,57,57,58,57,141.02409720420837
56,57,55,58,57,58,56,57,57,57,57,57,141.28021097183228
56,57,57,58,58,58,57,57,57,57,57,57,141.5201895236969
56,57,56,58,58,58,57,57,57,57,57,57,141.77624797821045
57,57,56,58,58,58,57,57,57,57,57,57,142.01631331443787
58,58,57,58,58,58,57,57,57,57,57,57,142.27215123176575
58,58,58,58,58,58,57,57,58,58,57,57,142.5122208595276
58,58,58,59,58,59,57,58,58,58,57,57,142.7684121131897
57,58,58,58,58,58,57,58,58,58,58,57,143.0081741809845
57,57,56,58,58,58,57,57,57,57,57,57,143.2643163204193
57,58,57,58,58,59,57,57,58,57,58,57,143.50433659553528
57,58,57,58,58,59,57,57,58,58,58,57,143.760155916214
57,58,57,58,58,59,57,58,58,58,58,58,144.00026059150696
57,58,57,58,58,58,57,57,57,57,57,57,144.25614428520203
58,58,58,59,58,59,57,58,58,57,57,57,144.4962899684906
58,58,58,58,58,59,57,57,57,58,57,57,144.75202703475952
58,58,58,58,58,59,57,57,58,57,57,57,144.99225449562073
56,57,56,58,58,58,57,57,57,57,57,57,145.2482771873474
57,57,57,58,58,59,57,58,58,58,58,57,145.4878978729248
57,57,57,58,58,59,57,58,58,58,58,57,145.74405217170715
57,57,57,58,58,59,57,57,58,58,58,58,145.98398208618164
57,58,57,58,58,58,57,57,57,58,57,57,146.23985290527344
57,58,58,58,58,58,57,57,57,57,57,57,146.48006629943848
58,58,58,58,58,59,57,57,57,57,58,57,146.73606419563293
58,58,58,58,58,58,57,57,57,57,58,57,146.97608733177185
56,57,56,58,58,58,56,57,57,57,57,57,147.2320773601532
56,57,57,58,58,58,57,57,57,57,57,57,147.47211289405823
57,58,56,58,58,58,57,57,57,57,57,57,147.7278344631195
57,57,56,58,58,58,57,57,57,57,57,57,147.96798062324524
57,58,58,58,58,58,57,57,57,57,57,57,148.22389698028564
58,58,58,59,58,58,57,57,58,58,57,58,148.46393489837646
58,59,58,58,58,58,57,58,57,58,58,58,148.7197301387787
58,59,58,58,58,59,57,57,58,58,58,57,148.95984292030334
56,57,56,58,58,58,56,57,57,57,57,57,149.2158830165863
57,58,57,59,58,59,57,58,58,57,58,58,149.45604848861694
58,58,57,59,58,59,57,58,58,58,58,58,149.71183490753174
57,58,58,59,58,59,57,58,58,58,58,58,149.9517319202423
57,57,57,57,56,58,56,57,57,57,57,57,150.20778703689575
57,58,57,58,57,58,57,57,57,57,57,57,150.44779348373413
57,58,57,58,58,58,56,57,57,57,57,57,150.70373272895813
57,58,57,58,58,57,57,57,57,57,57,57,150.9437963962555
56,56,55,58,58,58,56,57,57,57,57,56,151.19988989830017
57,58,58,59,58,59,57,58,58,58,58,58,151.44449496269226
57,58,57,59,58,59,57,58,58,58,58,58,151.69591331481934
57,58,57,59,59,59,58,58,58,58,58,58,151.9359257221222
57,58,57,57,58,57,56,57,57,57,57,57,152.1917781829834
57,58,57,57,57,57,57,57,57,57,56,57,152.43178939819336
57,58,57,58,58,58,57,57,57,57,57,57,152.68770837783813
57,58,57,58,58,58,57,57,57,57,57,57,152.92788362503052
56,57,56,58,57,58,56,57,57,57,57,56,153.18366885185242
58,59,58,59,59,59,58,58,58,58,58,58,153.4235339164734
58,58,57,59,59,59,58,58,58,58,58,58,153.67954397201538
58,58,58,59,59,59,58,58,58,58,58,58,153.91980910301208
57,57,57,57,58,57,56,56,57,57,57,57,154.17577815055847
57,58,57,58,58,57,57,57,57,57,57,57,154.41574692726135
57,58,57,58,58,58,57,57,57,57,57,57,154.6723403930664
57,58,57,57,58,58,57,57,57,57,57,57,154.91180300712585
56,57,56,58,58,58,56,57,57,56,57,57,155.16790437698364
58,58,57,59,59,59,57,58,58,58,58,58,155.4078071117401
58,58,57,59,58,59,57,58,58,58,58,58,155.6637327671051
58,58,57,59,58,59,57,58,58,58,58,58,155.90360522270203
57,57,57,57,58,57,56,57,57,57,57,56,156.15992665290833
57,58,57,57,57,58,57,57,57,57,57,57,156.39979934692383
57,58,57,58,58,58,57,57,57,57,57,57,156.67871022224426
57,58,57,58,58,58,57,57,57,57,57,57,156.95099067687988
55,56,55,57,57,57,56,56,57,57,57,56,157.23879766464233
56,57,57,58,58,58,57,57,58,57,57,57,157.51099848747253
56,57,56,58,58,58,57,57,58,57,57,57,157.79902172088623
57,57,56,58,58,58,57,57,57,57,58,57,158.07086610794067
57,57,57,58,58,57,56,56,57,57,56,57,158.35895419120789
57,58,57,58,57,57,56,57,57,57,57,57,158.6308629512787
57,57,57,58,57,58,56,57,57,57,57,56,158.9188289642334
57,58,57,58,57,58,56,57,57,57,57,57,159.19070196151733
55,55,56,57,57,58,56,57,57,57,57,56,159.47871708869934
57,57,56,58,58,58,57,57,58,57,57,57,159.7506172657013
57,57,57,58,58,58,57,57,57,57,57,57,160.03863716125488
56,57,57,58,58,58,57,57,57,58,57,57,160.31050205230713
57,57,57,58,58,58,56,57,57,57,56,57,160.59853649139404
57,58,57,58,58,58,57,57,57,57,57,57,160.87061429023743
57,58,57,58,57,58,57,57,57,57,57,57,161.15855717658997
57,58,57,58,58,57,57,57,57,57,57,57,161.43054842948914
55,57,56,57,58,58,56,56,57,57,57,57,161.71866059303284
57,58,57,58,58,59,57,58,58,58,58,57,161.9906768798828
58,58,57,58,58,59,57,58,58,58,58,57,162.27858543395996
57,58,57,59,58,59,57,58,58,58,58,58,162.5506148338318
57,57,57,58,58,57,56,56,57,56,57,57,162.83860063552856
57,58,57,58,58,57,57,57,57,57,57,57,163.1106333732605
57,58,57,58,57,58,57,57,57,57,57,57,163.39859294891357
57,58,57,58,58,58,56,57,57,57,57,57,163.67063450813293
56,57,56,58,57,58,56,57,57,57,57,57,163.95855402946472
57,58,57,58,58,59,57,57,58,57,58,57,164.2307050228119
57,57,57,58,58,58,57,57,58,57,57,57,164.51860642433167
57,58,57,58,58,58,57,57,58,57,57,58,164.79062271118164
57,57,57,57,57,58,56,56,56,57,56,56,165.0786201953888
57,58,57,58,58,58,56,57,57,57,57,56,165.35074019432068
57,58,57,58,58,58,56,57,57,57,57,56,165.63851928710938
57,58,57,58,58,58,56,57,57,57,56,57,165.91051530838013
56,57,56,57,57,58,56,56,57,57,57,57,166.198557138443
56,57,57,58,58,58,56,57,57,57,57,56,166.47076034545898
56,57,55,58,58,58,56,57,57,57,57,57,166.7353892326355
56,57,56,58,58,58,57,57,57,57,57,57,166.97535848617554
57,58,57,58,58,58,56,57,57,57,57,56,167.231281042099
57,58,57,58,58,58,57,57,57,57,57,57,167.47131490707397
57,58,57,58,57,58,57,57,57,57,57,57,167.72738552093506
57,58,57,58,58,58,57,57,57,57,57,57,167.96735835075378
56,56,56,57,57,58,56,56,57,57,57,56,168.22324776649475
57,58,57,58,58,58,57,57,57,57,58,57,168.46310591697693
57,57,57,58,58,58,57,57,57,57,58,57,168.71918416023254
57,58,57,58,58,58,57,57,58,57,57,57,168.9592125415802
57,57,57,57,58,58,56,57,57,57,57,57,169.21511244773865
57,58,57,58,58,58,56,57,57,57,57,56,169.45544338226318
57,58,57,58,58,58,57,57,57,57,57,57,169.7111942768097
57,58,57,58,58,58,57,57,57,57,57,57,169.9507179260254
56,56,56,58,57,58,56,57,57,57,57,57,170.2066295146942
57,58,57,58,58,58,57,57,57,58,57,57,170.44707036018372
57,57,57,58,58,58,57,57,58,58,58,57,170.70303797721863
57,57,57,58,58,58,57,57,58,58,58,57,170.9431893825531
57,58,57,58,58,58,57,57,57,57,57,57,171.19863939285278
58,58,57,58,58,58,57,57,58,58,58,57,171.43869638442993
58,58,58,58,58,58,57,57,58,58,58,57,171.6947042942047
57,58,58,58,58,58,57,58,58,58,57,57,171.93459033966064
55,56,56,57,58,58,56,57,57,57,56,57,172.1906316280365
56,58,57,58,58,58,57,57,58,58,57,57,172.43099403381348
57,58,57,58,58,58,57,57,57,57,58,57,172.68688344955444
57,58,57,58,58,58,57,57,57,57,57,57,172.92660570144653
57,58,57,58,57,58,57,57,57,57,57,57,173.18273544311523
58,58,58,58,58,58,57,57,58,57,57,57,173.42276239395142
58,58,58,58,58,58,57,57,58,57,57,57,173.67879724502563
57,58,58,58,58,58,57,57,57,57,57,57,173.91884517669678
55,57,56,57,57,57,56,56,57,57,56,56,174.17479157447815
57,57,57,58,58,58,57,57,57,57,57,57,174.41480803489685
57,58,57,58,58,58,57,57,58,57,57,57,174.67075896263123
57,57,57,58,58,58,57,57,57,57,58,57,174.91089630126953
57,58,57,58,57,58,56,57,57,57,57,57,175.16678857803345
58,58,57,58,58,58,57,57,58,57,57,57,175.40674257278442
57,58,58,58,58,58,57,57,57,57,57,57,175.66267156600952
57,58,58,58,58,58,57,57,57,57,57,57,175.9028079509735
56,56,55,57,57,58,56,57,57,57,56,56,176.15867972373962
57,58,56,58,58,58,57,57,57,57,57,57,176.3987741470337
57,58,57,58,58,58,57,57,58,58,58,57,176.654687166214
58,58,57,58,58,59,57,58,58,58,58,58,176.89480209350586
58,59,58,59,59,59,58,58,59,59,59,58,177.15070414543152
59,59,59,59,59,59,58,58,59,59,59,58,177.39080810546875
59,59,59,59,59,60,58,58,59,59,59,58,177.6465539932251
59,59,59,59,59,60,58,58,59,59,58,58,177.8864893913269
58,59,59,59,59,59,58,59,59,59,59,59,178.1424868106842
59,59,59,59,59,59,58,58,59,59,59,58,178.38242936134338
59,59,59,59,59,60,58,58,59,59,58,59,178.6384356021881
59,59,59,59,59,60,58,59,59,59,59,59,178.87847137451172
59,59,59,59,59,59,58,58,59,59,59,59,179.13449096679688
59,59,59,59,59,60,58,59,59,59,59,59,179.37973880767822
59,59,59,59,59,60,58,59,59,59,59,59,179.63048911094666
59,59,59,59,59,60,58,59,59,59,59,59,179.87057423591614
58,59,58,59,59,59,58,58,58,58,58,58,180.12653279304504
58,59,58,59,59,59,58,58,58,58,58,58,180.3664312362671
58,58,58,59,59,59,58,58,58,58,58,58,180.62238192558289
58,59,58,59,59,59,58,58,58,58,58,58,180.86246752738953
57,58,57,57,57,58,56,56,57,57,57,57,181.11904382705688
58,58,58,59,58,59,57,58,58,58,57,57,181.3583345413208
58,58,58,58,58,58,57,58,58,58,58,58,181.63916087150574
58,59,58,59,58,59,57,58,58,58,58,57,181.91292023658752
56,56,56,57,57,58,56,56,56,56,56,56,182.1976969242096
57,58,57,58,58,58,57,57,58,57,57,57,182.4697334766388
57,57,57,58,58,58,57,57,58,58,57,57,182.7576446533203
57,58,57,58,58,59,57,57,57,57,58,57,183.0297076702118
57,58,57,58,58,58,57,57,57,57,57,57,183.31764388084412
58,58,58,58,58,58,57,57,58,57,58,57,183.58977007865906
58,58,58,59,58,59,57,58,58,58,58,57,183.8777050971985
58,58,58,58,58,58,57,58,58,58,57,58,184.14980053901672
56,57,56,58,58,58,56,56,57,57,57,56,184.43765211105347
57,57,56,58,58,58,56,57,57,57,57,56,184.7098741531372
57,57,57,58,58,58,57,57,57,57,57,57,184.99755954742432
57,57,57,58,58,58,56,57,57,57,57,57,185.26957511901855
57,57,57,57,57,57,56,57,57,57,57,57,185.55746960639954
58,58,58,58,58,58,57,57,58,57,57,57,185.82973265647888
58,58,57,58,58,58,57,58,58,58,57,57,186.1172387599945
57,58,58,58,58,59,57,57,58,58,57,57,186.38935589790344
55,55,55,57,57,57,55,56,56,56,56,56,186.67743301391602
57,57,56,58,58,58,57,57,57,57,57,57,186.9496386051178
57,58,57,58,58,58,57,57,57,57,57,57,187.2372682094574
57,57,57,58,58,58,57,57,57,57,57,57,187.5092270374298
57,58,57,58,57,58,56,57,57,57,57,57,187.79721665382385
58,58,58,59,58,59,57,58,58,58,58,58,188.06937789916992
58,59,58,59,58,58,57,58,58,58,58,58,188.3576157093048
58,59,58,59,58,58,57,58,58,58,58,58,188.62984085083008
56,57,55,58,57,58,56,56,57,57,57,56,188.91728830337524
57,58,57,58,58,58,57,57,58,58,58,57,189.1891679763794
57,57,57,58,58,59,57,57,58,58,57,57,189.4771876335144
58,58,57,58,58,58,57,57,58,58,57,57,189.74911618232727
57,57,57,57,57,58,56,57,57,57,57,56,190.01381278038025
57,58,57,58,58,58,57,57,58,57,58,57,190.25380182266235
57,58,57,58,58,58,57,57,57,57,57,57,190.50977897644043
57,58,57,58,58,58,57,57,57,57,57,57,190.74984073638916
55,56,55,57,57,57,56,56,56,56,56,56,191.0086703300476
56,57,56,57,57,58,56,57,57,57,57,56,191.24572229385376
57,57,57,58,58,58,56,57,57,57,57,57,191.50173425674438
57,58,57,58,58,58,57,57,57,57,57,57,191.74186491966248
57,58,57,58,57,58,56,57,57,57,56,56,191.99768376350403
58,58,58,58,58,58,57,57,58,57,57,57,192.23772644996643
58,58,58,58,58,59,57,57,58,58,57,57,192.49362087249756
58,58,58,58,58,58,57,57,58,58,57,57,192.73375916481018
56,57,56,58,57,58,56,57,57,57,57,57,192.98996543884277
57,58,58,59,58,59,58,58,58,58,58,58,193.22970247268677
57,58,57,59,59,59,57,58,58,58,58,58,193.48561716079712
58,58,58,59,59,59,57,58,58,58,58,58,193.73106718063354
57,57,57,58,57,58,56,56,57,57,57,57,193.98163485527039
57,58,57,58,58,57,56,57,57,57,57,57,194.2452871799469
57,57,57,58,57,58,56,57,57,57,57,57,194.53329062461853
57,57,57,58,57,57,56,57,57,57,57,56,194.80512189865112
56,57,56,58,58,58,56,57,57,57,57,56,195.09300017356873
57,57,57,58,58,58,57,57,58,58,58,58,195.36514616012573
57,58,57,58,58,59,57,58,58,58,58,58,195.6536500453949
57,58,57,58,58,59,57,58,58,58,58,58,195.9247477054596
57,57,57,57,57,57,56,57,57,57,57,56,196.21285200119019
57,57,57,57,58,57,56,57,57,57,57,57,196.51503086090088
57,58,57,58,57,58,56,57,57,57,57,57,196.80458307266235
57,57,57,57,57,58,56,57,57,57,57,57,197.0766830444336
56,57,56,58,57,58,56,57,57,57,57,56,197.364501953125
57,58,57,59,59,59,58,58,58,58,58,58,197.6366560459137
58,58,58,59,59,59,57,58,58,58,58,58,197.92473435401917
58,58,57,59,59,59,58,58,58,58,58,58,198.19646549224854
56,57,57,57,56,58,56,56,57,57,56,56,198.48474144935608
57,57,57,58,58,58,56,56,57,56,57,57,198.75667810440063
57,57,57,58,57,58,56,57,57,57,57,57,199.04464840888977
57,57,57,58,57,58,56,57,57,57,57,57,199.31670951843262
56,57,55,58,58,58,56,57,57,57,57,57,199.60463333129883
58,58,58,59,59,59,58,58,58,58,58,58,199.87661051750183
58,58,58,59,59,59,58,58,58,58,58,58,200.16458702087402
58,58,58,59,59,59,58,58,58,58,58,58,200.43657732009888
56,57,56,58,57,58,56,57,57,56,57,56,200.72460532188416
57,58,57,58,58,58,57,57,58,57,57,57,200.99654984474182
57,58,57,58,58,58,57,57,58,57,57,57,201.28442811965942
57,58,57,58,58,58,57,57,58,58,58,57,201.55652284622192
56,56,56,58,57,58,56,57,57,57,57,56,201.84438967704773
58,58,58,59,59,59,58,58,58,58,58,58,202.11633586883545
58,59,57,59,59,59,58,58,58,58,58,58,202.404296875
58,58,58,59,59,59,58,58,58,58,58,58,202.6765275001526
57,57,57,58,57,57,56,57,57,56,57,56,202.9645574092865
57,58,57,58,58,58,57,57,58,57,57,57,203.2362093925476
57,58,57,58,58,58,57,57,57,57,57,57,203.52415108680725
57,58,57,58,58,58,57,57,57,57,58,57,203.79644918441772
56,56,55,57,57,57,56,56,56,56,56,56,204.08434677124023
58,58,58,59,59,59,58,58,58,58,58,58,204.3562936782837
58,59,58,59,59,59,58,58,58,58,58,58,204.64559769630432
58,58,58,59,59,59,58,58,58,58,58,58,204.9166088104248
57,57,56,57,57,57,56,57,57,57,57,56,205.2045714855194
57,58,57,58,58,58,57,57,57,58,57,57,205.47640943527222
57,58,57,58,58,58,57,57,57,57,57,57,205.76464200019836
57,58,57,58,58,58,57,57,57,58,57,57,206.0365743637085
56,56,55,57,57,57,56,56,56,56,56,55,206.32449102401733
58,58,57,59,59,59,58,58,58,58,58,58,206.5964663028717
58,58,58,59,59,59,57,58,58,58,58,58,206.88461589813232
57,59,58,59,58,59,58,58,58,58,58,58,207.1564290523529
57,57,57,58,57,57,56,56,57,57,57,56,207.4445242881775
57,58,57,58,58,58,57,57,57,58,57,57,207.71654772758484
57,58,57,58,58,58,57,57,57,57,57,57,208.00449442863464
57,58,57,58,58,58,57,57,57,57,57,57,208.27642965316772
55,56,55,57,57,57,56,56,57,57,56,56,208.56444120407104
57,58,57,58,58,59,57,57,58,58,58,58,208.83638715744019
57,57,57,58,58,59,57,58,58,58,58,57,209.1242790222168
57,57,57,58,58,58,57,58,58,58,58,57,209.39638090133667
57,57,57,58,57,57,56,57,57,56,57,57,209.6843822002411
57,58,57,58,58,58,57,57,57,57,57,57,209.95633625984192
57,58,57,58,58,58,57,57,58,57,57,57,210.24418783187866
57,58,57,58,58,58,57,57,58,57,58,57,210.5162525177002
56,56,55,57,57,57,55,56,56,56,55,55,210.8043088912964
57,58,57,58,58,59,57,57,58,58,58,58,211.07635164260864
58,58,57,58,58,59,57,57,58,58,58,57,211.3639211654663
57,58,57,58,58,59,57,58,58,58,58,58,211.63578033447266
57,57,56,57,57,57,56,57,57,57,56,56,211.92387890815735
57,58,57,58,58,58,57,57,58,58,58,57,212.1957573890686
57,58,57,58,58,58,57,57,58,58,58,57,212.48369097709656
57,58,57,58,58,58,57,57,58,58,58,57,212.75600409507751
55,55,55,57,57,57,56,56,57,56,56,56,213.0437490940094
57,57,57,58,58,58,57,57,58,58,58,57,213.31592392921448
57,58,57,58,58,58,57,57,58,57,58,57,213.60375118255615
57,58,57,58,58,58,57,58,58,58,58,57,213.87599062919617
56,57,56,57,57,56,56,56,57,56,56,56,214.16362166404724
57,58,57,58,57,58,57,57,57,57,57,57,214.435631275177
57,58,57,58,58,58,57,57,57,57,57,57,214.72389674186707
57,58,57,58,58,58,57,57,57,57,57,57,214.99588060379028
57,57,56,58,58,58,57,57,57,57,57,57,215.28347277641296
58,58,58,59,59,59,57,58,58,58,58,58,215.5555694103241
58,59,58,59,59,59,58,58,58,58,58,58,215.84370112419128
58,59,58,59,59,59,58,58,58,58,59,58,216.1157464981079
58,59,58,59,59,59,58,58,58,58,58,58,216.4036841392517
58,59,58,59,59,59,58,58,59,58,58,58,216.67577266693115
58,59,58,59,59,59,58,58,58,58,59,58,216.9633228778839
58,59,58,59,59,59,58,58,59,58,58,58,217.23566484451294
55,56,55,57,57,57,56,56,56,56,56,56,217.52340579032898
57,57,57,58,58,58,57,57,58,57,57,57,217.79554653167725
57,58,57,58,58,58,57,57,57,57,57,57,218.08398532867432
57,58,57,58,58,58,57,57,58,57,57,57,218.35598134994507
57,57,57,57,57,57,56,56,57,56,56,56,218.64393281936646
57,58,57,58,58,58,56,57,57,57,57,57,218.91589951515198
57,58,57,58,57,57,57,57,57,57,57,57,219.20383501052856
57,58,57,58,58,58,57,57,57,57,57,57,219.47578597068787
56,56,55,57,57,57,56,56,57,56,56,56,219.76374292373657
57,57,57,58,58,58,57,57,57,57,57,57,220.03584265708923
57,57,56,58,58,58,57,57,57,57,57,57,220.32361125946045
57,57,56,58,58,58,57,57,57,57,57,57,220.5957841873169
57,57,57,57,58,58,56,57,57,57,57,56,220.8837628364563
57,58,57,58,58,58,57,57,57,57,57,57,221.15575551986694
57,58,57,58,58,58,57,57,57,57,57,57,221.44359421730042
57,58,57,58,58,58,57,57,57,57,57,57,221.7158703804016
56,56,56,57,57,57,56,56,57,57,56,56,222.00351977348328
57,57,56,58,58,58,56,57,57,57,57,57,222.27573680877686
56,57,56,58,57,58,56,57,57,57,57,57,222.56362462043762
57,57,57,58,58,58,56,57,57,57,57,56,222.83568048477173
57,57,57,57,57,58,56,57,57,57,56,56,223.12379503250122
58,58,58,58,58,58,57,57,58,58,57,57,223.39570426940918
57,58,58,58,58,58,57,57,58,58,58,57,223.68358874320984
58,58,58,58,58,58,57,57,58,57,58,57,223.9555583000183
56,57,56,57,57,57,56,56,57,56,56,56,224.2435917854309
56,57,56,58,57,58,56,57,57,57,57,57,224.51569771766663
57,57,57,58,58,58,57,57,57,57,57,57,224.8036732673645
57,57,57,58,58,58,56,57,57,57,57,57,225.07561945915222
57,58,57,58,58,57,57,57,57,57,57,57,225.36344408988953
57,58,57,58,58,58,57,57,58,57,58,57,225.63556694984436
57,58,58,58,58,58,57,57,58,58,57,57,225.92365765571594
58,58,58,58,58,58,57,58,58,58,57,57,226.1958887577057
56,57,56,57,57,57,56,57,57,57,56,57,226.4858431816101
57,57,56,58,58,58,57,57,57,57,57,57,226.73261070251465
57,58,57,58,58,58,57,57,57,57,58,57,226.98847556114197
57,57,57,58,58,58,57,57,58,57,57,57,227.22841691970825
57,58,57,58,57,58,56,57,57,57,57,57,227.48441314697266
58,58,58,58,58,58,57,57,57,57,57,57,227.72441482543945
58,58,58,58,58,58,57,58,58,58,57,57,227.98033928871155
58,58,58,58,58,58,57,57,58,57,58,57,228.22037029266357
56,56,55,57,57,57,56,56,56,57,57,56,228.47639966011047
57,57,56,58,58,58,56,57,57,57,57,57,228.71615600585938
56,57,56,58,58,58,57,57,57,57,57,57,228.9720606803894
57,57,56,58,58,58,57,57,57,57,57,57,229.21912693977356
57,58,57,58,58,58,56,57,57,57,57,57,229.50681400299072
58,58,58,58,58,58,57,57,58,58,57,57,229.77914881706238
58,58,58,58,58,59,57,57,58,58,58,57,230.06685543060303
58,58,58,58,58,58,57,57,58,58,58,57,230.33920240402222
56,56,56,57,57,57,56,56,57,57,57,57,230.6269974708557
57,58,57,58,58,58,57,57,57,57,57,57,230.89924907684326
57,58,57,58,58,58,57,57,58,58,57,57,231.18717908859253
57,58,57,58,58,58,57,57,58,57,58,57,231.45917630195618
57,58,57,58,57,58,56,57,57,57,57,57,231.74684405326843
58,58,58,58,58,58,57,57,58,58,58,57,232.018896818161
58,58,58,58,58,59,57,57,58,58,58,58,232.30702185630798
58,58,58,58,58,59,57,57,58,58,58,57,232.57890820503235
56,57,56,57,57,57,56,56,57,57,57,57,232.86691665649414
56,57,56,58,58,58,56,57,57,57,57,57,233.13911175727844
56,57,56,58,58,58,57,57,57,57,57,57,233.42689633369446
56,57,56,58,58,58,56,57,57,57,57,57,233.69910502433777
57,58,57,58,58,58,57,57,57,57,57,57,233.98687553405762
58,58,57,58,58,59,57,57,58,58,58,57,234.2590229511261
58,58,58,58,58,58,57,57,58,58,58,58,234.5466170310974
58,58,58,58,58,58,57,57,58,58,58,57,234.8188419342041
57,57,56,57,57,58,56,57,57,57,57,56,235.106618642807
56,57,56,58,57,58,56,57,57,57,57,57,235.37864017486572
56,57,56,58,57,58,57,57,57,57,57,57,235.66658520698547
56,57,57,58,58,58,56,57,57,57,57,56,235.93880248069763
57,58,57,57,57,57,56,56,57,57,57,57,236.2268989086151
58,58,58,58,58,58,57,57,58,58,58,57,236.49862217903137
57,58,58,58,58,58,57,57,58,57,58,57,236.78659415245056
58,58,58,58,58,58,57,57,58,58,57,57,237.05862164497375
57,58,57,58,58,58,57,57,58,58,57,57,237.34657788276672
58,58,58,58,58,59,57,58,58,58,58,58,237.61857390403748
58,59,58,59,59,59,57,58,58,58,58,58,237.90658903121948
58,59,58,59,59,59,57,58,58,58,58,58,238.17833542823792
57,57,57,57,57,57,56,56,57,57,57,57,238.46619939804077
57,58,57,57,58,57,56,57,57,57,57,57,238.738596200943
57,58,57,58,58,58,56,57,57,57,57,57,239.02654910087585
57,58,57,57,57,58,57,57,57,57,57,56,239.29863476753235
56,56,56,57,57,57,56,56,57,56,56,56,239.58666396141052
57,57,56,58,58,58,57,57,57,57,57,57,239.85872387886047
57,57,56,58,58,58,57,57,57,57,57,57,240.14640617370605
57,58,57,58,58,58,57,57,57,57,57,57,240.41867303848267
57,57,56,57,57,57,56,56,57,57,57,56,240.70658922195435
57,58,57,58,58,58,56,57,57,57,57,57,240.97859406471252
57,58,57,58,57,58,56,57,57,57,57,57,241.2664475440979
57,58,57,58,58,58,56,57,57,57,57,56,241.5436191558838
55,56,55,57,57,57,56,56,56,56,56,56,241.84259414672852
56,57,56,58,58,58,57,57,57,57,57,57,242.11464190483093
57,57,57,58,58,58,57,57,57,57,57,57,242.4027328491211
57,57,57,58,58,58,57,57,57,57,57,57,242.6749725341797
57,57,57,57,57,58,56,56,57,57,56,56,242.96281719207764
57,57,57,58,57,57,56,57,57,57,56,57,243.23469161987305
57,57,57,58,57,57,56,57,57,57,57,56,243.52280139923096
57,58,57,58,57,57,56,56,57,57,57,57,243.7945737838745
55,56,55,57,57,57,56,56,56,56,56,56,244.08270049095154
56,57,56,58,58,58,56,57,57,57,57,56,244.35482788085938
56,57,56,58,58,58,57,57,57,57,57,57,244.64262199401855
57,57,56,58,58,58,56,57,57,57,57,57,244.91526246070862
57,57,57,58,57,58,56,56,57,57,56,56,245.20263385772705
57,58,57,57,57,57,56,57,57,57,57,56,245.47439694404602
57,58,57,58,57,58,56,57,57,57,57,57,245.76251649856567
57,57,57,58,57,58,56,57,57,57,57,57,246.03449654579163
55,55,55,57,57,57,55,56,56,56,56,56,246.32235765457153
57,57,57,58,58,58,57,57,57,57,57,57,246.5945405960083
57,58,56,58,58,58,57,57,57,57,57,57,246.8824167251587
57,58,56,58,58,58,57,57,57,57,57,57,247.15430784225464
56,57,56,56,57,57,56,56,57,56,57,56,247.44235801696777
57,58,57,58,58,57,56,57,57,57,57,56,247.71481275558472
57,58,57,58,57,58,56,57,57,57,57,56,248.00240325927734
57,58,57,57,57,58,56,57,57,57,57,57,248.27430081367493
56,56,55,57,57,57,56,56,56,56,56,55,248.56208419799805
57,57,57,58,58,58,57,57,57,58,57,57,248.83427906036377
56,57,57,58,58,58,57,57,57,57,57,57,249.122225522995
57,57,56,58,58,58,57,57,57,57,57,57,249.39423751831055
56,57,56,57,57,56,56,56,56,56,56,56,249.6822202205658
57,57,56,57,57,57,56,56,57,57,56,56,249.95421242713928
57,57,56,57,56,58,56,57,57,57,57,56,250.2419843673706
57,57,56,57,57,57,56,56,57,57,56,57,250.51396250724792
55,56,56,57,57,57,56,56,56,56,56,56,250.802006483078
57,57,57,58,58,58,57,57,57,57,57,57,251.0740032196045
56,58,57,58,58,58,57,57,57,57,57,57,251.36224913597107
57,57,56,58,58,58,57,57,57,57,57,57,251.6339349746704
56,57,56,56,57,56,56,56,56,56,56,55,251.9220404624939
57,57,57,57,57,57,56,57,57,57,56,56,252.19408059120178
57,57,57,57,57,57,56,56,57,56,57,56,252.48189973831177
56,57,57,57,57,57,56,56,57,56,57,56,252.75394415855408
56,56,56,57,57,57,56,56,56,56,56,56,253.0418426990509
56,57,56,58,58,58,57,57,57,57,57,57,253.31387734413147
56,57,56,58,58,58,56,57,57,57,57,57,253.6019172668457
57,57,56,58,58,58,57,57,57,57,57,56,253.8739562034607
57,57,56,57,57,57,56,56,57,56,56,56,254.16207146644592
57,57,57,57,57,57,56,57,57,57,56,57,254.43357706069946
57,57,57,57,57,58,56,57,57,57,57,57,254.72175097465515
57,57,57,57,57,58,56,56,57,57,57,56,254.9937183856964
55,56,55,57,57,57,56,56,56,56,56,55,255.28166127204895
57,57,57,58,58,58,57,57,57,57,57,57,255.55386924743652
57,57,57,58,58,58,57,57,57,57,57,57,255.84155416488647
56,57,56,58,58,58,57,57,57,57,57,57,256.1137442588806
57,57,56,57,56,58,56,56,56,57,57,56,256.4014768600464
57,57,56,57,57,58,56,57,57,57,57,57,256.65764689445496
57,57,57,57,57,58,56,57,57,57,57,57,256.9456467628479
57,57,57,57,57,57,56,57,57,57,57,57,257.21781826019287
54,55,55,57,57,57,55,55,56,56,56,55,257.5059823989868
57,57,56,58,58,58,56,57,57,57,57,57,257.77804803848267
57,57,56,58,58,58,57,57,57,57,57,57,258.06547021865845
57,57,57,58,58,58,57,57,57,57,57,57,258.3377637863159
56,57,56,57,56,57,56,56,56,56,56,56,258.6256983280182
57,57,56,58,57,57,56,57,57,56,56,56,258.89737033843994
57,57,57,57,57,57,56,56,57,56,57,56,259.1853332519531
57,57,56,57,58,57,56,56,57,57,57,57,259.45754742622375
56,55,55,57,57,57,56,56,56,56,56,56,259.7454574108124
56,57,56,58,58,58,56,57,57,57,57,57,260.01752758026123
57,57,57,58,57,58,56,57,57,57,57,57,260.3055419921875
56,57,56,58,57,58,57,57,57,57,57,57,260.5777897834778
56,57,56,57,57,57,56,56,56,56,56,56,260.8656847476959
56,57,57,57,57,57,56,56,56,56,57,56,261.1378355026245
57,57,56,57,56,58,56,56,57,57,56,56,261.4258484840393
57,57,57,57,57,57,56,56,57,56,56,56,261.69765734672546
55,56,55,57,57,57,56,56,56,56,56,56,261.98634004592896
56,56,56,57,57,57,56,56,56,56,56,56,262.2572932243347
56,56,56,57,57,58,56,56,57,57,56,56,262.54541659355164
55,56,55,57,57,57,56,56,57,56,57,56,262.8173871040344
56,57,56,56,57,57,56,56,56,56,56,56,263.10532236099243
56,57,56,56,57,57,56,56,57,56,56,56,263.3775088787079
57,57,56,57,56,56,56,56,57,56,56,56,263.66546273231506
57,57,56,57,57,57,56,56,56,56,56,56,263.9373972415924
54,56,55,57,57,57,55,56,56,56,56,56,264.2254343032837
56,56,55,57,57,57,56,56,56,57,57,56,264.49740171432495
56,56,56,57,57,57,56,56,57,56,56,56,264.7856743335724
56,57,55,57,57,57,56,56,57,56,56,56,265.05780124664307
56,57,56,57,56,56,56,56,56,56,56,56,265.34546089172363
57,57,56,57,57,58,56,56,57,57,56,56,265.6175391674042
56,57,56,57,56,57,56,56,57,56,57,56,265.9058403968811
57,57,56,57,57,57,56,57,57,57,56,56,266.1778829097748
55,54,55,56,56,57,55,55,56,55,56,55,266.4656710624695
56,56,56,57,57,57,56,56,56,56,56,56,266.73785948753357
56,56,55,57,57,57,56,56,57,56,56,56,267.0258662700653
56,56,55,57,57,57,56,56,56,57,56,56,267.29766631126404
56,57,56,57,57,57,56,56,56,56,56,56,267.5854606628418
56,57,56,57,57,57,56,56,57,56,56,56,267.8578531742096
57,57,56,57,57,57,56,56,57,56,57,56,268.1457767486572
57,57,57,57,57,58,56,56,57,57,57,56,268.4176471233368
55,54,55,56,56,56,55,55,55,55,55,54,268.70559525489807
55,56,55,57,57,57,55,55,55,55,56,56,268.9774680137634
57,58,57,58,58,58,57,57,57,57,57,57,269.26528120040894
57,58,58,58,58,59,57,57,58,58,58,57,269.5372738838196
58,59,58,59,59,59,57,58,58,58,58,58,269.825736284256
58,59,58,59,59,59,57,58,58,58,58,58,270.0974283218384
58,58,58,59,58,59,58,58,58,58,58,58,270.38550448417664
58,59,58,59,59,59,58,58,58,58,58,58,270.65714478492737
54,54,53,56,56,56,55,55,55,55,55,55,270.9451870918274
57,58,57,58,58,58,57,57,57,57,57,57,271.21771597862244
57,57,57,58,58,58,57,57,57,57,57,57,271.5076353549957
57,57,57,58,58,58,57,57,57,57,58,57,271.77764415740967
56,57,56,57,57,57,56,56,56,56,56,56,272.0649907588959
57,58,57,58,58,58,57,57,57,57,57,57,272.33701968193054
57,58,57,58,57,58,57,57,57,57,57,57,272.6251413822174
57,57,57,58,58,58,57,57,57,57,57,57,272.89691495895386
55,55,54,56,57,57,55,55,56,56,56,56,273.18492245674133
57,57,56,58,57,58,57,57,57,57,57,57,273.45689582824707
57,57,57,58,58,58,57,57,57,57,57,57,273.74489188194275
56,58,56,58,58,58,57,57,58,57,57,57,274.0150845050812
56,57,56,57,57,56,56,56,56,56,56,56,274.28157091140747
57,57,57,57,58,57,57,57,57,57,57,57,274.52138090133667
57,57,57,57,57,58,56,57,57,57,57,57,274.77755403518677
57,57,57,57,58,58,56,57,57,57,57,57,275.017436504364
54,55,54,57,56,57,55,55,56,56,56,54,275.29664039611816
57,57,57,58,58,58,57,57,57,57,57,57,275.5687909126282
56,57,57,58,57,58,57,57,57,57,57,57,275.8565683364868
57,57,57,58,58,58,57,57,57,57,57,57,276.1286973953247
57,57,57,57,57,58,56,56,57,57,57,56,276.41670083999634
57,58,57,58,58,58,57,57,58,57,57,57,276.68873381614685
58,58,58,58,58,58,57,57,58,58,58,57,276.97661542892456
58,59,58,59,58,59,57,58,58,58,58,58,277.2485821247101
57,58,57,58,58,58,57,58,58,58,58,57,277.5366451740265
58,58,58,58,58,59,57,57,58,58,58,57,277.80865359306335
58,58,58,59,58,58,57,58,58,58,58,57,278.096577167511
58,58,58,58,58,59,57,57,58,58,58,58,278.36864399909973
56,56,56,56,57,57,55,56,56,56,56,55,278.65660429000854
57,57,57,58,57,58,56,57,57,57,57,57,278.92857837677
57,57,57,57,58,57,56,57,57,57,57,57,279.22313928604126
57,58,57,58,57,58,57,57,57,57,57,57,279.4885697364807
55,56,55,57,57,57,55,56,56,56,55,55,279.7765226364136
57,57,57,58,58,58,57,57,57,57,57,57,280.04848408699036
57,58,57,58,58,58,57,57,57,57,57,57,280.33628940582275
57,57,57,58,58,58,57,57,57,57,57,57,280.608336687088
56,57,56,57,57,57,56,56,56,56,56,56,280.89648270606995
57,57,56,56,57,58,56,56,57,56,56,56,281.168310880661
56,57,56,57,57,57,56,56,56,56,56,56,281.4562976360321
57,57,56,57,57,57,56,56,56,56,56,56,281.72826170921326
56,55,56,57,57,57,55,56,56,56,56,56,282.0163938999176
56,56,56,57,57,58,56,57,57,57,57,57,282.2881691455841
56,57,56,57,57,57,56,57,57,57,57,57,282.5762667655945
56,56,55,57,57,58,56,57,57,57,57,56,282.8481967449188
56,57,56,57,57,57,55,56,56,56,56,56,283.1362144947052
56,57,56,57,57,57,56,56,56,56,56,56,283.4081881046295
56,57,56,57,56,57,56,56,56,56,56,56,283.6961371898651
56,57,56,57,57,57,56,56,56,56,56,56,283.9681067466736
56,55,54,57,57,57,55,56,56,56,56,56,284.2607207298279
57,57,56,58,58,58,56,57,57,57,57,57,284.52800154685974
57,57,56,58,58,58,56,57,57,57,57,57,284.8161783218384
57,57,56,58,57,58,56,57,57,57,57,57,285.08804416656494
56,57,56,57,56,56,55,56,56,56,56,56,285.376012802124
56,57,56,57,57,58,56,56,56,56,56,56,285.64800548553467
57,57,57,57,57,57,56,56,56,57,56,56,285.93587946891785
56,57,57,57,57,57,56,56,56,56,56,56,286.2088222503662
54,56,55,57,57,57,55,56,56,56,56,56,286.49832558631897
57,57,56,58,58,58,57,57,57,57,57,57,286.7677879333496
57,57,56,58,58,58,56,57,57,57,57,57,287.05533480644226
57,57,56,58,58,58,57,57,57,57,57,57,287.3276445865631
56,57,56,57,56,57,55,56,56,56,56,56,287.615576505661
57,57,56,57,57,57,56,56,57,56,57,56,287.88747000694275
56,57,56,57,57,57,56,56,57,57,56,56,288.1752667427063
57,57,57,57,57,57,56,56,57,57,56,56,288.44753074645996
56,56,55,57,57,57,55,55,56,56,56,56,288.73528242111206
57,57,57,58,58,58,57,57,57,57,57,57,289.0073072910309
57,57,57,58,58,58,57,57,57,57,57,57,289.2951602935791
57,58,57,58,58,58,57,57,57,57,57,57,289.5671401023865
56,57,56,57,57,57,56,56,56,56,56,56,289.85511350631714
57,57,57,57,57,58,56,56,57,56,57,56,290.1271162033081
57,57,56,57,57,58,56,56,57,57,56,56,290.4153091907501
57,57,56,57,57,57,56,56,57,57,57,57,290.6870563030243
55,55,55,57,56,57,55,55,56,56,56,56,290.9752321243286
57,58,57,58,58,58,57,57,57,58,57,57,291.24709248542786
57,58,57,58,58,58,57,57,57,57,57,57,291.5350956916809
57,57,57,58,58,58,57,57,57,57,57,57,291.80736327171326
56,57,56,57,57,56,55,56,56,56,56,56,292.07240319252014
56,57,56,57,57,57,56,56,56,56,56,56,292.3123686313629
56,57,56,57,57,58,56,56,57,56,56,56,292.5682671070099
57,57,57,57,57,57,56,56,57,56,56,56,292.81515288352966
54,56,54,56,56,57,55,56,56,55,56,55,293.10317754745483
56,56,56,57,57,57,56,56,57,57,57,56,293.3751986026764
56,56,55,57,57,57,56,56,57,57,56,56,293.66319036483765
55,56,56,57,57,57,56,56,57,57,57,56,293.9351716041565
56,57,56,57,56,56,56,56,56,56,56,56,294.22306632995605
56,57,56,57,57,57,56,56,56,56,56,56,294.4952230453491
56,57,56,57,57,57,56,56,56,56,56,56,294.7830810546875
56,57,56,57,57,57,56,56,56,56,56,56,295.055025100708
54,55,55,57,56,57,55,56,56,56,56,56,295.3428614139557
56,57,56,57,57,57,56,57,57,57,57,56,295.61480951309204
56,57,56,57,57,58,56,57,57,57,57,57,295.9031081199646
56,56,56,57,57,58,56,56,57,57,57,57,296.17491722106934
56,57,56,57,57,56,55,56,56,56,56,56,296.4627549648285
57,57,56,57,57,57,56,56,57,56,56,56,296.7348620891571
56,57,56,57,57,57,56,56,56,57,56,56,297.02284717559814
57,57,56,57,57,57,56,56,57,56,56,56,297.2946879863739
55,56,55,57,56,57,55,56,56,56,56,56,297.5825207233429
56,56,56,57,57,57,56,56,57,56,56,56,297.85462260246277
56,56,56,57,57,57,56,56,56,57,56,56,298.14259028434753
56,57,55,57,57,57,56,56,57,57,57,56,298.41456842422485
56,56,56,56,57,56,55,56,56,55,55,55,298.70286679267883
56,57,57,57,57,57,56,56,57,56,56,56,298.97485160827637
57,57,57,57,57,57,56,56,56,57,56,56,299.2628405094147
57,57,56,57,57,57,56,56,56,56,56,56,299.5345950126648
55,55,55,56,56,56,55,55,56,56,55,55,299.8226010799408
56,57,56,57,57,57,56,56,57,57,56,56,300.09473299980164
56,57,56,58,57,57,56,56,57,57,56,57,300.38242268562317
56,57,56,57,57,58,56,56,57,57,57,56,300.6544620990753
56,57,56,57,57,57,56,56,56,56,56,56,300.94265842437744
56,57,56,57,57,57,56,56,56,57,56,56,301.215439081192
57,57,56,57,57,57,56,56,57,57,56,56,301.50499653816223
57,57,57,57,57,57,56,56,57,57,56,56,301.7749853134155
55,55,55,56,56,56,55,55,55,55,55,55,302.062885761261
56,56,56,57,57,57,56,56,56,56,56,56,302.3347134590149
56,56,56,57,57,57,56,56,57,56,57,56,302.622750043869
56,57,56,57,57,57,56,56,57,57,56,56,302.8945746421814
56,57,56,57,56,57,56,56,56,56,56,56,303.1827313899994
57,57,57,58,58,58,56,57,57,57,57,57,303.45448780059814
57,57,57,58,57,57,56,57,57,57,57,56,303.7425971031189
57,57,57,58,58,57,56,57,57,57,57,57,304.01464557647705
55,55,54,57,56,57,55,56,56,56,56,55,304.3025825023651
56,56,55,57,57,57,56,56,56,56,56,56,304.57448053359985
56,56,55,57,57,57,56,56,56,56,56,56,304.86242508888245
56,56,56,57,57,57,56,56,56,56,56,56,305.13463163375854
56,57,56,57,56,56,55,56,56,56,56,55,305.42235946655273
57,57,57,57,57,57,56,56,57,57,56,56,305.6945118904114
56,57,56,57,57,57,56,56,56,56,56,56,305.98208951950073
57,57,56,57,57,58,56,56,56,56,56,56,306.254221200943
55,56,54,57,56,57,55,55,56,56,56,56,306.54216289520264
55,56,55,57,57,57,56,56,56,56,56,56,306.81415367126465
56,56,55,57,57,57,56,56,56,56,56,56,307.10196328163147
55,56,55,57,57,57,56,56,56,56,56,56,307.3741316795349
56,57,56,56,57,57,55,56,56,56,56,56,307.66195011138916
57,57,57,57,57,57,56,57,57,57,57,57,307.9340512752533
57,57,57,57,57,58,56,57,57,57,57,57,308.2219076156616
57,57,57,57,57,57,56,57,57,57,57,56,308.4938623905182
55,56,54,56,56,57,55,56,56,56,56,55,308.78176045417786
56,56,55,57,57,57,55,56,56,56,56,56,309.05378127098083
56,56,55,57,57,57,55,56,56,56,56,56,309.3420181274414
55,56,55,57,57,57,55,56,56,56,56,55,309.6140208244324
56,57,56,57,57,57,56,56,56,56,56,56,309.9019274711609
57,57,57,58,57,58,56,57,57,57,57,57,310.17395067214966
57,57,57,58,57,57,56,57,57,57,57,57,310.4618628025055
57,57,57,57,57,58,56,57,57,57,57,57,310.7338409423828
55,56,55,57,56,57,55,56,56,56,56,56,311.02151370048523
55,56,55,57,56,57,55,56,56,56,56,56,311.2936820983887
55,56,55,56,56,57,55,55,56,56,55,55,311.58157229423523
55,55,55,57,56,57,55,56,56,56,56,55,311.85383129119873
56,57,56,57,56,57,56,56,56,56,56,56,312.1419270038605
57,57,56,57,57,58,56,57,57,57,57,56,312.4138615131378
57,57,57,57,57,57,56,56,57,57,57,56,312.70179629325867
57,57,57,57,57,57,56,56,57,57,57,57,312.9736759662628
55,55,55,56,56,57,55,55,56,56,56,55,313.2618043422699
55,56,55,57,57,57,55,56,56,55,55,56,313.53376293182373
55,56,55,57,57,57,55,56,56,56,56,56,313.82171869277954
55,56,55,57,57,57,56,56,56,56,56,55,314.09374618530273
56,56,56,56,56,57,55,56,56,56,56,56,314.38153195381165
55,56,56,57,57,57,56,56,57,57,57,56,314.669570684433
56,57,56,57,57,57,56,57,57,57,57,57,314.95746755599976
56,56,56,57,57,57,56,57,57,57,57,57,315.2455024719238
56,56,56,57,57,58,56,56,57,57,57,57,315.5335087776184
56,56,56,57,57,58,56,57,57,57,57,57,315.8215928077698
56,57,56,57,57,58,56,57,57,57,57,57,316.1093661785126
56,57,56,57,57,57,56,57,57,57,57,56,316.39732456207275
56,57,56,57,57,57,56,57,57,57,57,57,316.68534874916077
56,57,55,57,57,57,56,57,57,57,57,57,316.97317147254944
56,56,56,57,57,57,56,57,57,57,57,57,317.2613785266876
56,57,56,57,57,57,56,57,57,57,57,57,317.5493369102478
56,57,56,57,57,57,56,56,57,57,57,57,317.83734488487244
56,56,55,57,57,57,56,57,57,57,57,57,318.1249623298645
56,57,56,57,57,57,56,57,57,57,57,57,318.41353726387024
56,57,56,57,57,58,56,57,57,57,57,57,318.70123505592346
56,56,56,57,57,57,56,57,57,57,57,56,318.9891264438629
56,57,56,57,56,57,56,57,57,57,57,57,319.2776577472687
56,57,56,57,57,57,56,57,57,57,57,57,319.5649266242981
56,57,56,57,57,57,56,57,57,57,57,57,319.85285925865173
56,57,56,57,57,57,56,57,57,57,57,57,320.141086101532
56,57,56,57,57,57,56,56,57,57,57,57,320.4288387298584
56,56,55,57,57,57,56,57,57,57,57,57,320.7170789241791
56,57,56,57,57,57,56,57,57,57,57,57,321.00518822669983
56,56,56,57,57,57,56,57,57,57,57,57,321.2936580181122
56,57,56,57,57,57,56,57,57,57,57,57,321.5815279483795
56,56,56,57,57,57,56,57,57,57,57,57,321.8698823451996
56,57,55,57,57,57,56,57,57,57,57,57,322.1569938659668
56,57,56,57,57,57,56,57,57,57,57,57,322.44495916366577
56,57,56,57,57,57,56,57,57,57,57,57,322.73323345184326
56,57,56,57,57,57,56,57,57,57,57,57,323.02109837532043
56,56,56,57,57,57,56,57,57,57,57,57,323.30873441696167
56,57,56,57,57,57,56,57,57,57,57,57,323.59748935699463
56,57,56,57,57,57,56,57,57,57,57,57,323.88486766815186
56,57,56,57,57,58,56,57,57,57,57,57,324.17318844795227
56,57,56,57,57,57,56,57,57,57,57,57,324.4614691734314
56,57,56,57,57,57,56,57,57,57,57,57,324.7493886947632
56,57,56,57,57,57,56,57,57,57,57,57,325.03713846206665
56,56,56,57,57,57,56,57,57,57,57,57,325.32521629333496
56,57,56,57,57,57,56,57,57,57,57,57,325.6128854751587
56,57,56,57,57,57,56,57,57,57,57,57,325.9009165763855
56,57,56,57,57,57,56,57,57,57,57,57,326.1885087490082
56,57,56,57,57,57,56,57,57,57,57,57,326.4770567417145
56,57,56,57,57,57,56,57,57,57,57,57,326.7649211883545
56,56,56,57,57,57,56,57,57,57,57,57,327.053829908371
56,57,56,57,57,57,56,57,57,57,57,57,327.34101724624634
56,57,56,57,57,57,56,56,57,57,57,57,327.62877559661865
56,56,56,57,57,57,56,57,57,57,57,57,327.91686177253723
56,57,56,57,57,57,56,57,57,57,57,57,328.2049276828766
56,57,55,57,57,58,56,57,57,57,57,57,328.4695448875427
56,56,56,57,57,57,56,56,57,57,57,57,328.74956130981445
56,57,56,57,57,57,56,57,57,57,57,57,329.03671741485596
56,57,55,57,57,57,56,57,57,57,57,57,329.32481932640076
56,56,56,57,57,58,56,57,57,57,57,57,329.61265683174133
56,56,56,57,57,57,56,57,57,57,57,57,329.9006941318512
56,56,56,57,57,57,56,57,57,57,57,57,330.1887204647064
56,57,56,57,57,57,56,57,57,57,57,57,330.4766664505005
56,57,56,57,57,57,56,57,57,57,57,57,330.768905878067
56,57,56,57,57,57,56,57,57,57,57,57,331.05281138420105
56,57,56,57,57,58,56,57,57,57,57,57,331.3406982421875
55,56,56,57,57,57,56,57,57,57,57,57,331.62853384017944
56,56,56,57,57,57,56,57,57,57,57,57,331.91655945777893
56,57,55,57,57,57,56,57,57,57,57,57,332.20459842681885
56,57,56,57,57,57,56,57,57,57,57,57,332.49241638183594
56,57,56,57,57,57,56,57,57,57,57,57,332.7806963920593
56,57,56,57,57,57,56,57,57,57,57,57,333.068571805954
56,57,56,57,57,57,56,56,57,57,57,57,333.35668683052063
57,57,57,57,57,57,56,56,56,56,57,56,333.64449071884155
56,56,56,57,56,57,55,55,55,55,55,55,333.9327347278595
56,56,56,56,56,57,54,54,55,55,54,53,334.22029185295105
56,56,56,56,56,56,54,55,54,54,54,54,334.50845074653625
56,56,55,56,56,56,54,55,55,54,54,54,334.7965564727783
56,56,56,56,56,56,54,55,55,55,54,55,335.084344625473
56,56,56,56,56,57,54,55,55,54,55,54,335.3723382949829
56,56,56,56,56,57,55,55,55,55,54,54,335.6602854728699
58,58,57,58,58,58,57,57,58,58,57,57,335.9482159614563
58,58,58,58,58,58,57,57,58,58,58,58,336.2361705303192
58,58,58,58,58,58,57,58,58,58,58,57,336.5241096019745
58,58,58,58,58,58,57,57,58,58,58,58,336.8119378089905
57,58,58,58,58,58,57,57,58,58,58,57,337.10007977485657
58,58,58,58,58,58,57,58,58,58,58,58,337.3881504535675
58,58,58,58,58,59,57,57,58,58,58,57,337.6762218475342
58,58,57,58,58,58,57,58,58,58,58,58,337.96417021751404
57,58,58,58,58,58,57,58,58,58,58,57,338.252064704895
58,58,58,58,58,59,57,58,58,58,58,58,338.5399341583252
58,58,58,58,58,59,57,58,58,58,58,58,338.82790660858154
58,58,58,58,58,58,57,58,58,58,58,58,339.1155047416687
58,58,58,58,58,59,57,58,58,58,58,58,339.4037754535675
58,58,58,58,58,59,57,58,58,58,58,58,339.69155764579773
58,58,58,58,58,59,57,58,58,58,58,58,339.97944688796997
58,58,58,58,58,59,57,58,58,58,58,58,340.2677118778229
58,58,58,58,58,59,57,58,58,58,58,57,340.55569434165955
58,58,58,58,58,59,57,58,58,58,58,58,340.8436198234558
58,58,58,58,58,59,57,58,58,58,58,58,341.1316339969635
58,58,58,58,58,59,57,58,58,58,58,58,341.41939401626587
58,58,58,58,58,59,57,58,58,58,58,58,341.707656621933
58,58,58,58,58,58,57,58,58,58,58,58,341.99552822113037
58,58,58,58,58,58,57,58,58,58,58,58,342.2840931415558
58,58,58,58,58,59,57,58,58,58,58,58,342.57146191596985
58,58,58,58,58,58,57,58,58,58,58,58,342.8593409061432
58,58,58,58,58,59,57,58,58,58,58,58,343.14721751213074
58,58,58,59,58,59,57,58,58,58,58,58,343.4358515739441
58,58,58,58,58,59,57,57,58,58,58,58,343.7237548828125
58,58,58,58,58,59,57,58,58,58,58,58,344.0114541053772
58,58,58,58,58,59,57,58,58,58,58,58,344.3000111579895
58,58,58,58,58,58,57,57,58,58,58,58,344.5871629714966
58,58,58,58,58,59,57,58,58,58,58,58,344.87502884864807
58,58,58,58,58,59,57,58,58,58,58,58,345.1638443470001
58,58,58,58,58,59,57,58,58,58,58,58,345.4511618614197
58,58,58,58,58,59,57,58,58,58,58,58,345.73945569992065
58,58,58,58,58,59,57,58,58,58,58,58,346.0272982120514
58,58,58,58,58,59,57,58,58,58,58,58,346.3152644634247
58,58,58,58,58,59,57,58,58,58,58,58,346.6032769680023
58,58,58,58,58,59,57,58,58,58,58,58,346.891135931015
58,58,58,58,58,58,57,58,58,58,58,58,347.17902851104736
58,58,58,59,58,58,57,58,58,58,58,58,347.46730613708496
58,58,58,58,58,58,57,58,58,58,58,58,347.7551577091217
58,58,57,58,58,59,57,57,58,58,58,58,348.04295229911804
58,58,57,58,58,59,57,58,58,58,58,57,348.33121633529663
58,58,58,58,58,59,57,58,58,58,58,57,348.6189920902252
58,58,58,58,58,58,57,57,58,58,58,57,348.9071307182312
58,58,58,58,58,58,57,58,58,58,58,58,349.1948084831238
58,58,57,58,58,58,57,57,58,58,58,58,349.4833195209503
57,58,57,58,58,59,57,57,58,58,58,57,349.77093601226807
58,58,58,58,58,58,57,58,58,58,58,57,350.0590226650238
58,58,58,58,58,58,57,57,58,58,58,57,350.3467507362366
58,58,57,58,58,58,57,58,58,58,58,58,350.63488578796387
58,58,57,58,58,59,57,57,58,58,58,57,350.92287850379944
58,58,57,58,58,58,57,57,58,58,58,58,351.21083331108093
57,58,58,58,58,58,57,58,58,58,58,58,351.49867725372314
58,58,57,58,58,58,57,57,58,58,58,57,351.78692984580994
58,58,57,58,58,58,57,58,58,58,58,58,352.0749444961548
58,58,58,58,58,58,57,58,58,58,58,57,352.3628079891205
57,58,57,58,58,58,57,58,58,58,58,57,352.6509006023407
57,58,57,58,58,58,57,57,58,58,58,57,352.9387638568878
58,58,57,58,58,58,57,58,58,58,58,57,353.226930141449
57,58,57,58,58,58,57,57,58,58,58,58,353.5148215293884
57,58,58,58,58,58,57,57,58,58,58,57,353.80263209342957
58,58,57,58,58,58,57,57,58,58,58,57,354.09057211875916
58,58,58,58,58,59,57,58,58,58,58,58,354.3787462711334
58,58,58,58,58,58,57,58,58,58,58,58,354.66679191589355
58,58,57,58,58,58,57,57,58,58,58,57,354.95462584495544
58,58,58,58,58,58,57,58,58,58,58,57,355.2428584098816
57,58,58,58,58,58,57,57,58,58,58,58,355.5307092666626
58,58,57,58,58,58,57,57,58,58,58,57,355.8186831474304
57,58,57,58,58,58,57,58,58,58,58,58,356.10658288002014
58,58,57,58,58,58,57,57,58,58,58,58,356.39447140693665
58,58,58,58,58,58,57,58,58,58,58,57,356.68264174461365
58,58,57,58,58,58,57,57,58,58,58,57,356.97068548202515
57,58,58,58,58,58,57,57,58,58,57,57,357.25838708877563
58,58,58,58,58,58,57,58,58,58,58,57,357.5465621948242
58,58,58,58,58,58,57,57,58,58,58,57,357.82774686813354
58,58,57,58,58,58,57,57,58,58,58,57,358.0836372375488
57,58,57,58,58,58,57,57,58,58,58,57,358.3393108844757
57,58,58,58,58,58,57,58,58,58,58,57,358.5951943397522
58,58,57,58,58,58,57,58,58,58,58,58,358.85152673721313
58,58,57,58,58,58,57,57,58,58,58,57,359.1073670387268
57,58,57,58,58,58,57,57,58,58,58,57,359.36345648765564
58,58,58,58,58,58,57,58,58,58,58,57,359.6194233894348
57,58,57,58,58,58,57,58,58,58,58,58,359.89865827560425
57,58,58,58,58,58,57,57,58,58,58,58,360.1864092350006
58,58,58,58,58,58,57,58,58,58,58,57,360.4743254184723
57,58,58,58,58,58,57,58,58,58,58,57,360.76307797431946
58,58,58,58,58,59,57,58,58,58,58,57,361.0503921508789
57,58,58,58,58,58,57,57,58,58,58,58,361.33838510513306
57,58,58,58,58,58,57,58,58,58,58,57,361.6263291835785
57,58,58,58,58,58,57,57,58,58,58,57,361.91438698768616
58,58,58,58,58,58,57,58,58,58,58,57,362.20231103897095
57,58,58,58,58,58,57,57,58,58,58,57,362.49026799201965
57,58,57,58,58,58,57,57,58,58,58,57,362.75521445274353
58,58,58,58,58,58,57,57,58,58,58,57,363.0110158920288
57,58,58,58,58,58,57,57,58,58,58,57,363.26710391044617
58,58,57,58,58,59,57,57,58,58,58,57,363.52314352989197
57,58,58,58,58,58,57,57,58,58,58,57,363.77897691726685
57,58,58,58,58,58,57,57,58,58,58,57,364.0349462032318
58,58,57,58,58,58,57,58,58,58,58,57,364.29091787338257
57,58,58,58,58,58,57,58,58,58,58,57,364.5471143722534
58,58,57,58,58,58,57,58,58,58,58,57,364.80303049087524
57,58,58,58,58,58,57,58,58,58,58,57,365.0607900619507
58,58,57,58,58,58,57,57,58,58,58,57,365.31487917900085
58,58,58,58,58,58,57,58,58,58,58,58,365.57089257240295
58,58,57,58,58,58,57,57,58,58,57,57,365.8268873691559
58,58,57,58,58,58,57,58,58,58,58,57,366.08295249938965
57,58,57,58,58,58,57,57,58,58,58,57,366.33877444267273
58,58,57,58,58,58,57,57,58,58,58,57,366.5948705673218
57,58,58,58,58,58,57,58,58,58,58,58,366.8508789539337
58,58,58,58,58,58,57,58,58,58,57,58,367.1069858074188
58,58,57,58,58,58,57,57,58,58,58,57,367.3628098964691
58,58,58,58,58,58,57,58,58,58,58,57,367.6259591579437
58,58,57,58,58,58,57,58,58,58,58,57,367.9137170314789
58,58,58,58,58,58,57,57,58,58,58,57,368.20146560668945
57,58,57,58,58,58,57,58,58,58,58,57,368.4895522594452
57,58,58,58,58,58,57,57,58,58,58,57,368.7774691581726
58,58,58,58,58,58,57,57,58,58,57,57,369.0655105113983
58,58,57,58,58,58,57,58,58,58,58,57,369.35359025001526
58,58,57,58,58,58,57,58,58,58,58,57,369.64158868789673
58,58,58,58,58,58,57,57,58,58,58,57,369.9295480251312
58,58,58,58,58,58,57,57,58,57,58,57,370.2175147533417
58,58,58,58,58,58,57,58,58,58,58,57,370.5054919719696
57,58,57,58,58,58,57,57,58,58,58,57,370.79327964782715
58,58,58,58,58,58,57,57,58,58,58,57,371.0814673900604
58,58,57,58,58,58,57,57,58,58,58,57,371.36951208114624
57,58,57,58,58,58,57,57,58,58,58,57,371.65725660324097
58,58,57,58,58,58,57,57,58,58,57,57,371.94523453712463
57,58,57,58,58,58,57,58,58,58,57,57,372.2332592010498
57,58,57,58,58,58,57,57,58,58,57,57,372.52131700515747
57,58,57,58,58,58,57,57,58,58,58,57,372.80928921699524
57,58,57,58,58,58,57,57,58,58,58,57,373.09748578071594
57,58,58,58,58,58,57,57,58,58,58,57,373.3852891921997
57,58,57,58,58,58,57,57,58,58,58,57,373.673269033432
57,58,57,58,58,58,57,57,58,58,58,57,373.96125960350037
57,58,57,58,58,58,57,57,58,58,58,57,374.2493271827698
57,58,57,58,58,58,57,58,58,58,58,58,374.537278175354
57,58,57,58,58,58,57,57,58,58,58,57,374.8250334262848
57,58,57,58,58,58,57,57,58,58,58,57,375.11294770240784
58,58,57,58,58,58,57,57,58,58,58,57,375.4010365009308
57,58,57,58,58,58,57,57,58,58,58,57,375.6889624595642
57,58,57,58,58,58,57,57,58,58,58,57,375.9771399497986
57,58,58,58,58,58,57,57,58,58,58,57,376.2648415565491
58,58,57,58,58,58,57,57,58,58,58,57,376.5529432296753
57,58,57,58,58,58,57,58,58,58,58,57,376.84084463119507
57,58,58,58,58,58,57,57,58,58,58,57,377.1291615962982
58,58,58,58,58,58,57,58,58,58,57,57,377.41704964637756
57,58,57,58,58,58,57,57,58,58,58,57,377.70504903793335
57,58,57,58,58,58,57,57,58,58,57,57,377.99300503730774
57,58,57,58,58,58,57,57,58,58,58,58,378.28055000305176
58,58,57,58,58,58,57,58,58,58,58,58,378.56860876083374
58,58,58,58,58,58,57,58,58,58,58,57,378.85669684410095
58,58,58,58,58,58,57,58,58,58,58,58,379.1445662975311
58,58,58,58,58,58,57,58,58,58,58,57,379.4325885772705
58,58,58,58,58,58,57,57,58,58,58,58,379.72074151039124
58,58,58,58,58,58,57,57,58,58,58,58,380.0088953971863
58,58,58,58,58,59,57,58,58,58,58,58,380.2968227863312
58,58,58,58,58,58,57,57,58,58,58,58,380.5847930908203
58,58,58,58,58,58,57,57,58,58,58,57,380.8728768825531
58,58,58,58,58,59,57,58,58,58,58,57,381.16071367263794
58,58,58,58,58,58,57,58,58,58,58,57,381.44897198677063
58,58,58,58,58,59,57,58,58,58,58,58,381.7367260456085
58,58,58,58,58,58,57,57,58,58,58,58,382.0024974346161
58,58,58,58,58,58,57,57,58,58,58,57,382.25847721099854
58,58,58,58,58,59,57,58,58,58,58,58,382.5142891407013
58,58,58,58,58,58,57,58,58,58,58,57,382.7703664302826
58,58,58,58,58,58,57,58,58,58,58,58,383.02630138397217
58,58,58,58,58,58,57,57,58,58,58,58,383.2823112010956
58,58,58,58,58,58,57,58,58,58,58,58,383.53840231895447
58,58,57,58,58,58,57,58,58,58,58,58,383.7936677932739
58,58,58,58,58,59,57,58,58,58,58,57,384.0496144294739
58,58,57,58,58,58,57,57,58,58,57,57,384.3129131793976
58,58,58,58,58,58,57,58,58,58,58,58,384.6006374359131
58,58,58,58,58,58,57,58,58,58,58,57,384.8885748386383
57,58,58,58,58,58,57,57,58,58,58,57,385.17664074897766
58,58,58,58,58,58,57,57,58,58,58,57,385.4647150039673
58,58,58,58,58,58,57,58,58,58,58,57,385.75263714790344
58,58,57,58,58,58,57,57,58,58,58,58,386.04069113731384
58,58,58,58,58,58,57,57,58,58,58,57,386.3287000656128
58,58,57,58,58,58,57,58,58,58,58,58,386.61656880378723
58,58,58,58,58,58,57,57,58,58,58,57,386.9045629501343
58,58,58,58,58,59,57,57,58,58,58,57,387.1925253868103
58,58,58,58,58,58,57,58,58,58,58,58,387.48066687583923
58,58,58,58,58,59,57,58,58,58,58,58,387.7685546875
58,58,58,58,58,58,57,58,58,58,58,58,388.05666947364807
58,58,58,58,58,58,57,58,58,58,58,58,388.3445451259613
58,58,58,58,58,59,57,58,58,58,58,58,388.63251781463623
58,58,58,58,58,58,57,57,58,58,58,58,388.9206819534302
57,58,58,58,58,59,57,58,58,58,58,58,389.2083818912506
58,58,58,58,58,58,57,57,58,58,58,58,389.49670696258545
58,58,58,58,58,58,57,58,58,58,58,57,389.78478932380676
58,58,58,58,58,58,57,58,58,58,58,58,390.07283759117126
58,58,58,58,58,58,57,58,58,58,58,58,390.36074233055115
57,58,58,58,58,58,57,57,58,58,58,57,390.64873480796814
57,58,57,58,58,58,57,57,58,58,57,57,390.9367034435272
57,58,57,58,58,58,57,57,58,58,58,57,391.22447180747986
58,58,58,58,58,58,57,57,58,58,58,57,391.512455701828
57,58,57,58,58,58,57,57,58,57,57,57,391.80026388168335
57,58,57,58,58,58,57,57,58,58,58,57,392.08821749687195
58,58,58,58,58,58,57,57,58,58,58,57,392.37627363204956
57,58,57,58,58,58,57,57,58,58,58,57,392.66409063339233
58,58,57,58,58,58,57,57,57,58,57,57,392.9520173072815
57,58,57,58,58,58,57,57,58,58,57,57,393.2401876449585
57,58,57,58,58,58,57,57,58,58,58,57,393.52839374542236
57,58,57,58,58,58,57,57,58,58,58,57,393.81629490852356
57,58,57,58,58,58,57,57,58,58,58,57,394.10406947135925
57,58,57,58,58,58,57,57,58,58,57,57,394.3921637535095
58,58,57,58,58,58,57,57,58,58,57,57,394.68008613586426
57,58,57,58,58,58,57,57,58,58,58,57,394.9683027267456
57,58,57,58,58,58,57,57,58,58,58,57,395.25709199905396
57,58,57,58,58,58,57,57,58,58,57,57,395.5440695285797
58,58,57,58,58,58,57,57,58,58,58,57,395.8323254585266
57,58,57,58,58,58,57,57,58,58,58,57,396.1204035282135
57,58,57,58,58,58,57,57,58,58,57,57,396.40818190574646
57,58,57,58,58,58,57,57,58,58,58,57,396.6960036754608
57,58,57,58,58,58,57,57,58,58,58,57,396.98369693756104
57,58,57,58,58,58,57,57,58,58,57,57,397.27157258987427
57,58,57,58,58,58,57,57,58,58,57,57,397.55952644348145
57,58,57,58,58,58,57,57,58,58,57,57,397.84743571281433
57,58,57,58,58,58,57,57,58,57,57,57,398.13565015792847
57,58,58,58,58,58,57,57,58,57,57,57,398.42357873916626
57,58,57,58,58,58,57,57,58,58,57,57,398.7116894721985
57,58,57,58,58,58,57,57,58,57,57,57,398.9995198249817
57,58,57,58,58,58,57,57,58,58,57,57,399.2874643802643
57,58,57,58,58,58,57,57,58,58,58,57,399.57548356056213
57,58,57,58,58,58,57,57,58,58,58,57,399.8635325431824
57,58,57,58,58,58,57,57,58,57,57,57,400.1513669490814
57,58,57,58,58,58,57,57,58,57,57,57,400.43933033943176
57,58,57,58,58,58,57,57,58,58,58,57,400.72820520401
57,58,57,58,58,58,57,57,58,57,58,57,401.01514887809753
57,58,57,58,58,58,57,57,58,58,57,57,401.3037905693054
57,58,58,58,58,58,57,57,58,57,57,57,401.5924792289734
58,58,57,58,58,58,57,57,58,58,58,57,401.8796639442444
57,58,57,58,58,58,57,57,58,58,58,57,402.16745018959045
57,58,57,58,58,58,57,57,58,58,57,57,402.45536041259766
57,58,57,58,58,58,57,57,58,58,58,57,402.7206664085388
57,58,57,58,58,58,57,57,58,58,58,57,402.97630739212036
57,58,57,58,58,58,57,57,58,58,58,57,403.2324049472809
57,58,57,58,58,58,57,57,58,58,58,57,403.51270818710327
57,58,57,58,58,58,57,57,57,58,57,57,403.79933643341064
57,58,57,58,58,58,57,57,58,58,58,57,404.08739614486694
57,58,57,58,58,58,57,57,58,57,58,57,404.37544107437134
57,58,57,58,58,58,57,57,58,58,57,57,404.65874552726746
57,58,57,58,58,58,57,57,58,58,58,57,404.9122996330261
57,58,57,58,58,58,57,57,58,58,57,57,405.16827845573425
57,58,57,58,58,58,57,57,58,57,58,57,405.4240002632141
57,58,57,58,58,58,57,57,58,58,57,57,405.68039774894714
57,58,57,58,58,58,57,57,58,58,58,57,405.93617701530457
57,58,57,58,58,58,57,57,58,57,58,57,406.1921155452728
57,58,57,58,58,58,57,57,58,58,57,57,406.44802927970886
57,58,57,58,58,58,57,57,58,57,58,57,406.70414304733276
57,58,57,58,58,58,57,57,58,57,57,57,406.96003246307373
57,58,57,58,58,58,57,57,58,57,57,57,407.2160761356354
57,58,57,58,58,58,57,57,58,58,57,57,407.47195959091187
57,58,57,58,58,58,57,57,58,57,57,57,407.72800517082214
57,58,57,58,58,58,57,57,57,58,57,57,407.9841158390045
57,58,57,58,58,58,57,57,58,57,58,57,408.2398657798767
57,58,57,58,58,58,57,57,57,58,57,57,408.47991132736206
53,52,52,54,54,54,52,52,53,52,52,52,408.73579120635986
55,56,55,56,55,56,54,54,54,55,55,54,408.97601866722107
55,56,55,56,56,56,54,54,54,55,55,54,409.2319676876068
55,56,55,56,56,56,54,54,54,55,54,54,409.47199845314026
55,55,55,55,55,56,54,53,54,54,54,53,409.7279922962189
55,55,55,55,55,56,54,54,54,54,54,54,409.9676640033722
54,55,54,55,55,55,53,53,53,53,53,53,410.223886013031
53,54,54,55,54,54,52,52,52,52,52,52,410.46380281448364
53,54,53,54,54,54,51,52,51,51,51,50,410.7198040485382
56,56,55,56,56,57,54,55,55,55,54,54,410.9755985736847
56,56,56,56,56,56,54,55,55,55,55,54,411.23182821273804
57,57,57,57,57,57,55,56,56,56,56,56,411.48764753341675
57,58,57,58,58,58,57,57,57,57,57,57,411.75060772895813
57,58,57,58,58,58,57,57,57,57,57,57,412.0389771461487
57,58,57,58,58,58,57,57,57,57,57,57,412.32704639434814
57,58,57,58,58,58,57,57,57,57,57,57,412.6148478984833
57,58,57,58,58,58,57,57,57,57,57,57,412.90272283554077
57,58,57,58,58,58,57,57,57,57,57,57,413.190678358078
57,58,57,58,58,58,57,57,57,57,57,57,413.4786741733551
57,58,57,58,58,58,57,57,57,57,57,57,413.7668318748474
57,58,57,58,58,58,57,57,57,57,57,57,414.05475997924805
57,58,57,58,58,58,57,57,57,57,57,57,414.3427052497864
57,58,57,58,58,58,57,57,57,57,57,57,414.63056659698486
57,58,57,58,58,58,57,57,58,58,57,57,414.91874265670776
57,58,57,58,58,58,57,57,57,57,57,57,415.2066810131073
57,58,57,58,58,58,57,57,58,57,57,57,415.4945182800293
57,58,57,58,58,58,57,57,57,57,57,57,415.78248476982117
57,58,57,58,58,58,57,57,58,58,58,57,416.07058095932007
57,58,57,58,58,58,57,57,57,57,58,57,416.3425762653351
56,57,56,57,56,57,54,55,55,55,55,55,416.6306140422821
56,56,56,57,57,57,55,56,56,56,56,56,416.9025650024414
56,57,56,57,57,57,56,56,56,55,55,55,417.1905686855316
56,57,56,57,57,57,55,55,56,56,56,55,417.46282625198364
56,57,56,57,57,57,55,55,56,56,56,55,417.7504336833954
56,56,56,57,56,57,54,56,55,56,56,55,418.02266669273376
56,57,56,57,56,57,55,55,55,56,56,56,418.3105938434601
56,57,56,57,57,57,55,56,56,56,56,55,418.5824363231659
56,57,56,57,57,57,56,55,56,56,56,55,418.87037682533264
56,57,56,57,57,57,55,56,56,56,56,56,419.14247155189514
56,57,56,57,57,57,55,55,55,56,56,55,419.43061566352844
56,57,56,57,56,57,55,55,56,55,55,55,419.70239782333374
56,57,56,57,56,57,55,55,55,56,55,55,419.9903926849365
56,56,56,57,57,57,55,55,56,56,56,55,420.26229310035706
56,56,56,57,56,57,55,55,55,56,56,55,420.5504946708679
56,57,56,57,57,57,55,56,56,56,56,55,420.8222484588623
56,57,56,57,56,57,55,55,55,56,55,55,421.11018657684326
56,57,56,57,57,57,55,55,56,56,56,56,421.38214802742004
56,57,56,57,57,57,55,55,56,56,55,55,421.6703345775604
56,57,56,57,56,57,55,55,56,56,55,55,421.94215989112854
56,57,56,57,56,57,55,55,56,56,56,55,422.230263710022
56,56,56,57,57,57,55,56,56,56,56,55,422.50215196609497
56,56,56,57,57,57,55,55,56,56,56,56,422.79006695747375
56,57,56,57,56,57,55,55,56,56,56,55,423.06218791007996
56,57,56,57,56,57,55,55,55,56,55,55,423.3502039909363
56,56,56,57,57,57,55,55,55,55,55,56,423.62206530570984
56,57,56,57,56,57,55,56,56,55,55,55,423.909907579422
56,56,56,57,57,57,55,56,56,56,55,55,424.18196392059326
56,56,56,57,57,57,55,56,55,56,56,55,424.470009803772
56,57,56,57,57,57,55,55,56,56,56,55,424.742399930954
56,56,56,57,57,57,55,56,56,56,56,55,425.0298821926117
56,57,56,57,57,57,55,55,55,56,56,56,425.30202054977417
56,57,56,57,57,57,55,55,56,56,56,55,425.58983087539673
56,57,56,57,57,57,56,55,56,56,56,56,425.8620855808258
56,57,56,57,56,57,55,56,55,56,55,55,426.1498005390167
56,57,56,57,56,57,55,56,55,56,55,55,426.42205023765564
56,56,56,57,57,57,55,55,55,56,56,55,426.70963287353516
56,57,56,57,57,57,55,55,55,56,55,56,426.98195242881775
56,56,56,57,57,57,55,55,56,56,55,55,427.269775390625
57,58,57,58,58,58,57,57,57,57,57,57,427.5579116344452
57,58,57,58,58,58,57,57,57,57,57,57,427.8456916809082
57,58,57,58,58,58,57,57,57,57,57,57,428.1336495876312
57,58,57,58,58,58,57,57,58,57,57,57,428.421669960022
57,58,57,58,58,58,57,57,57,57,57,57,428.7096700668335
57,58,57,58,58,58,57,57,57,57,57,57,428.99768257141113
57,58,57,58,58,58,57,57,57,57,58,57,429.2856216430664
57,58,57,58,58,58,57,57,57,58,57,57,429.57360553741455
57,58,57,58,58,58,57,57,57,57,57,57,429.8615229129791
57,58,57,58,58,58,57,57,57,57,57,57,430.1496512889862
57,58,57,58,58,58,57,57,58,57,57,57,430.43746852874756
57,58,57,58,58,58,57,57,57,57,57,57,430.7254476547241
57,58,57,58,58,58,57,57,57,57,57,57,431.0134770870209
57,58,57,58,58,58,57,57,58,57,57,57,431.30145168304443
57,58,57,58,58,58,57,57,58,58,57,57,431.58950567245483
57,58,57,58,58,58,57,57,58,58,58,57,431.87746691703796
57,58,57,58,58,58,57,57,58,57,57,57,432.16537642478943
57,58,57,58,58,58,57,57,58,58,58,57,432.4533460140228
57,58,57,58,58,58,57,57,58,58,57,57,432.74143838882446
57,58,57,58,58,58,57,57,57,57,57,57,433.0294327735901
57,58,57,58,58,58,57,57,58,58,57,57,433.3174252510071
57,58,57,58,58,58,57,57,58,58,57,57,433.6055085659027
57,58,57,58,58,58,57,57,58,58,57,57,433.89340829849243
57,58,57,58,58,58,57,57,58,58,58,57,434.1815719604492
57,58,57,58,58,58,57,57,58,58,58,57,434.46914505958557
57,58,57,58,58,58,57,57,58,57,58,57,434.7572455406189
57,58,57,58,58,58,57,57,58,57,57,57,435.0452604293823
57,58,57,58,58,58,57,57,57,57,57,57,435.3331398963928
57,58,57,58,58,58,57,57,57,57,57,57,435.62106490135193
57,58,57,58,58,58,57,57,57,57,57,57,435.90905690193176
57,58,57,58,58,58,57,57,58,57,57,57,436.1971549987793
57,58,57,58,58,58,57,57,57,57,57,57,436.48499298095703
57,58,57,58,58,58,57,57,57,57,57,57,436.77311611175537
57,58,57,58,58,58,57,57,57,57,57,57,437.0613090991974
57,58,57,58,58,58,57,57,57,57,57,57,437.33322310447693
54,55,54,55,55,55,53,54,54,54,53,53,437.62112760543823
55,56,55,56,56,56,54,54,55,55,55,55,437.8930974006653
55,56,55,56,56,56,54,55,55,54,55,55,438.18106746673584
55,55,55,56,56,56,54,54,54,54,54,54,438.4531292915344
55,55,55,56,56,56,54,54,54,55,54,54,438.74096846580505
55,55,55,56,56,56,54,54,54,54,55,54,439.01291608810425
55,55,55,56,56,56,54,54,54,54,54,53,439.300940990448
55,55,54,56,56,55,54,54,54,54,54,54,439.57372307777405
55,55,54,56,55,56,53,54,54,54,54,54,439.8609080314636
57,57,57,57,57,57,56,57,57,57,57,56,440.1487956047058
57,57,57,57,57,58,56,56,57,57,57,57,440.436842918396
57,57,57,57,57,57,56,56,57,57,57,56,440.72471022605896
57,57,57,57,57,57,56,56,57,57,56,56,441.0128273963928
57,57,57,57,57,58,56,57,57,57,57,56,441.30074548721313
57,57,57,57,57,58,56,56,57,57,57,56,441.5886301994324
57,57,57,58,57,57,56,56,57,57,57,56,441.87671279907227
57,57,57,57,57,58,56,56,57,57,57,56,442.16463899612427
57,57,56,58,57,58,56,57,57,57,57,56,442.4525537490845
57,58,57,58,58,58,57,57,57,57,57,57,442.7333736419678
57,58,57,58,58,58,57,57,57,57,57,57,442.98915910720825
57,58,57,58,58,58,57,57,57,57,57,57,443.24531507492065
57,58,57,58,58,58,57,57,57,57,57,57,443.50124955177307
57,58,57,58,58,58,57,57,57,57,57,57,443.75722336769104
57,58,57,58,58,58,57,57,57,57,57,57,444.0132567882538
57,58,57,58,58,58,57,57,57,57,57,57,444.2693588733673
57,58,57,58,58,58,57,57,57,57,57,57,444.5252482891083
57,58,57,58,58,58,57,57,57,57,57,57,444.78130984306335
57,58,57,58,58,58,57,57,57,57,57,57,445.03734731674194
57,58,57,58,58,58,57,57,57,57,57,57,445.3170533180237
57,58,57,58,58,58,57,57,57,57,57,57,445.60449409484863
57,58,57,58,58,58,57,57,57,57,57,57,445.8926422595978
57,58,57,58,58,58,56,57,57,57,57,57,446.18077635765076
57,58,57,58,57,58,57,57,57,57,57,57,446.468141078949
57,58,57,58,58,58,57,57,57,57,57,57,446.7561376094818
57,58,57,58,58,58,56,57,57,57,57,57,447.0443904399872
57,58,57,58,58,58,57,57,57,57,57,57,447.3160307407379
54,54,54,55,55,55,53,53,53,53,53,53,447.604052066803
55,55,55,56,55,56,53,54,54,54,54,53,447.8759574890137
55,55,55,56,55,56,53,54,54,54,54,54,448.16414308547974
54,55,54,55,55,55,53,53,53,53,53,53,448.4360213279724
54,53,53,54,54,54,52,52,52,52,52,52,448.72403931617737
56,56,56,56,56,57,55,55,55,55,55,55,449.0119659900665
56,56,56,57,56,56,55,55,55,56,56,55,449.30032539367676
56,56,56,57,56,57,55,55,56,56,56,55,449.58817434310913
56,57,56,57,56,57,55,56,56,55,56,55,449.8759241104126
56,56,56,57,56,57,55,55,56,56,56,55,450.1639976501465
57,57,57,58,57,58,56,57,57,57,57,57,450.45183539390564
57,58,57,58,58,58,57,57,57,57,57,57,450.7398753166199
57,58,57,58,58,58,56,57,57,57,57,57,451.0281925201416
57,58,57,58,58,58,57,57,57,57,57,57,451.3156862258911
57,58,57,58,58,58,57,57,57,57,57,57,451.60393953323364
57,58,57,58,58,58,57,57,57,57,57,57,451.891756772995
57,58,57,58,58,58,57,57,57,57,57,57,452.1798219680786
57,58,57,58,58,58,57,57,57,57,57,57,452.4676818847656
57,58,57,58,58,58,57,57,57,57,57,57,452.7559611797333
57,58,57,58,58,58,57,57,57,57,57,57,453.04365396499634
57,58,57,58,58,58,57,57,57,57,57,57,453.33166122436523
57,58,57,58,58,58,56,57,57,57,57,57,453.61952352523804
57,58,57,58,58,58,57,57,57,57,57,57,453.9075930118561
57,58,57,58,58,58,56,57,57,57,57,57,454.195583820343
57,58,57,58,58,58,57,57,57,57,57,57,454.4833664894104
57,58,57,58,58,58,57,57,57,57,57,57,454.77182698249817
57,58,57,58,58,58,57,57,57,57,57,57,455.0592987537384
57,58,57,58,58,58,57,57,57,57,57,57,455.3476142883301
57,58,57,58,58,58,57,57,57,57,57,57,455.6353952884674
57,58,57,58,58,58,57,57,57,57,57,57,455.92354941368103
57,58,57,58,57,58,57,57,57,57,57,57,456.1951906681061
55,55,54,56,56,56,54,54,55,53,54,54,456.4832854270935
56,56,56,57,56,57,55,55,55,55,55,55,456.75534868240356
56,56,56,57,56,57,55,55,55,55,55,54,457.04362440109253
56,56,56,57,56,57,55,55,56,55,55,55,457.31553506851196
54,55,54,55,56,56,55,55,55,55,55,55,457.60355830192566
56,57,56,57,57,57,56,56,57,57,57,56,457.87555170059204
57,57,56,57,57,57,56,57,57,57,57,57,458.1634397506714
57,57,56,57,57,57,56,56,57,57,57,57,458.43531823158264
54,55,53,55,55,56,54,54,54,54,54,54,458.7233865261078
56,56,55,57,57,57,55,56,56,56,56,56,458.99557518959045
56,56,56,57,57,57,56,56,56,56,56,56,459.28327536582947
56,57,56,57,57,57,56,56,56,56,56,56,459.55515241622925
55,55,54,56,55,56,55,55,55,55,55,55,459.84300541877747
56,57,56,57,57,57,56,56,57,57,56,56,460.11506366729736
56,57,56,57,57,57,56,56,57,57,57,56,460.4032335281372
56,57,56,57,57,57,56,56,57,57,57,56,460.67521119117737
53,54,54,56,55,56,54,55,55,55,54,54,460.96346640586853
56,57,56,57,57,57,56,56,56,56,56,56,461.2352192401886
56,57,56,57,57,57,56,56,56,57,57,56,461.5232436656952
57,57,57,58,57,58,56,57,57,57,57,57,461.794974565506
55,56,55,56,56,56,54,54,54,54,54,54,462.0829436779022
56,57,56,57,57,57,56,56,56,56,56,56,462.3550102710724
57,57,57,57,57,58,56,57,57,57,57,57,462.6428418159485
57,57,57,57,57,58,56,56,57,57,57,57,462.91488814353943
57,57,57,57,57,57,56,56,57,57,57,57,463.2030472755432
56,57,56,57,57,58,56,57,57,57,57,57,463.47477889060974
57,57,57,57,57,58,56,57,57,57,57,57,463.76291251182556
57,57,57,57,57,58,56,57,57,57,57,57,464.034871339798
55,55,54,56,55,55,55,55,55,55,55,55,464.32325196266174
56,57,56,57,57,57,56,56,56,56,56,56,464.5949056148529
56,57,56,57,56,57,56,56,56,56,56,56,464.88289189338684
56,57,56,57,57,57,56,56,56,56,56,56,465.154953956604
54,54,54,56,55,55,54,55,55,55,54,55,465.44296979904175
54,55,55,56,56,56,55,55,55,55,55,55,465.71511030197144
55,55,54,56,56,56,55,55,55,55,55,55,466.00305700302124
54,55,54,56,56,56,55,55,55,55,55,55,466.2750132083893
55,56,55,56,56,56,55,55,55,55,55,55,466.5629744529724
56,56,56,56,56,57,55,55,56,55,56,55,466.8349959850311
56,56,56,56,56,56,55,55,56,56,56,56,467.12304401397705
56,56,56,56,56,57,55,56,56,56,56,55,467.3949692249298
53,54,54,55,55,55,54,55,55,55,54,54,467.68293261528015
54,55,54,56,56,56,55,55,55,55,55,54,467.95490622520447
54,54,54,56,56,56,54,55,55,55,55,55,468.2428820133209
55,54,54,56,55,56,54,55,55,55,55,55,468.51491022109985
55,56,55,56,56,56,54,55,55,55,55,55,468.80288076400757
56,56,56,56,56,57,55,55,56,55,55,55,469.07499623298645
56,56,56,56,56,56,55,55,56,55,55,55,469.36285614967346
55,56,56,56,56,56,55,55,56,55,56,55,469.6348867416382
54,53,53,55,55,55,54,54,54,55,54,54,469.92263650894165
54,54,54,56,55,56,54,55,55,55,55,55,470.19475960731506
54,54,54,56,56,56,55,55,55,55,55,55,470.48284125328064
54,55,53,56,55,56,54,55,55,55,55,55,470.73348689079285
55,56,55,56,55,56,55,55,55,55,55,55,470.9876389503479
56,56,55,56,56,56,55,55,56,55,56,55,471.22756791114807
56,56,55,56,56,57,55,55,56,55,55,55,471.48489332199097
56,56,55,56,56,56,55,55,56,56,56,55,471.72545075416565
53,53,54,55,55,56,54,55,55,55,55,54,471.98148488998413
54,55,54,56,56,56,54,55,55,55,55,55,472.22141885757446
55,55,54,56,56,56,55,55,55,55,55,55,472.4774751663208
54,54,54,56,56,56,55,55,55,55,55,55,472.7175507545471
55,56,55,55,56,56,54,55,55,55,55,55,472.9734032154083
55,56,55,56,56,56,55,55,56,55,55,55,473.21342635154724
55,56,56,56,56,56,55,55,56,55,56,55,473.4692499637604
56,56,56,56,56,56,55,55,55,55,55,55,473.7093367576599
53,53,54,55,55,56,54,54,55,55,55,54,473.9634063243866
54,55,54,56,55,56,54,55,55,55,55,55,474.2032883167267
53,54,53,55,55,56,54,55,55,55,54,55,474.45928478240967
54,55,54,55,55,56,54,55,55,55,55,55,474.6989481449127
55,56,55,56,56,56,55,55,55,55,55,55,474.9712471961975
55,56,55,56,56,56,55,55,56,55,55,55,475.2112910747528
55,56,56,56,56,56,55,55,56,55,55,55,475.4672763347626
56,56,55,56,56,56,55,55,56,55,55,55,475.70729064941406
54,54,53,55,55,56,54,55,55,55,55,54,475.9632451534271
54,54,54,56,55,56,54,55,55,55,55,54,476.203204870224
53,54,54,55,55,56,54,55,55,55,55,55,476.46643924713135
54,55,53,56,56,56,54,55,55,55,55,55,476.7384114265442
55,56,55,56,56,56,54,55,55,55,55,55,477.026340007782
56,56,56,56,56,57,55,55,56,55,55,55,477.2983748912811
56,57,56,57,57,57,56,56,56,56,56,56,477.58619928359985
56,57,57,57,57,57,56,56,57,57,56,56,477.85822319984436
56,56,56,57,57,57,55,55,56,56,56,56,478.1461932659149
56,57,56,57,57,57,56,56,56,56,56,56,478.41825222969055
56,57,56,57,57,57,56,56,56,56,56,56,478.7062523365021
56,57,56,57,57,57,56,56,56,56,56,56,478.9782657623291
54,55,54,55,55,55,54,55,55,55,55,54,479.2661476135254
56,56,56,57,56,56,55,56,56,56,56,56,479.538108587265
56,57,56,56,57,57,56,56,56,56,56,56,479.8262667655945
56,57,56,57,57,57,56,56,56,56,56,56,480.0982732772827
53,53,53,55,55,55,53,53,53,53,53,52,480.38609790802
56,56,56,57,57,57,56,56,56,56,56,56,480.6580584049225
56,56,56,57,57,57,56,56,56,56,56,56,480.9460642337799
56,57,56,57,56,57,56,56,56,56,56,56,481.2178385257721
54,55,55,55,55,55,55,55,55,55,55,55,481.50589632987976
55,56,55,56,56,56,55,55,56,56,56,55,481.77793550491333
56,56,56,56,56,57,55,56,56,56,55,56,482.0658724308014
55,56,56,56,56,57,55,55,56,56,56,56,482.33781003952026
53,54,53,55,55,55,54,54,54,54,54,53,482.6259264945984
55,56,55,56,56,57,55,56,56,56,56,55,482.89773321151733
55,56,55,56,56,57,55,55,56,56,56,55,483.1859288215637
55,56,55,56,56,56,55,56,56,56,56,56,483.4577624797821
55,55,55,55,55,56,54,54,55,54,54,54,483.74575424194336
55,56,55,55,56,55,55,55,55,55,55,55,484.017863035202
55,56,55,56,55,56,54,55,55,55,55,55,484.3057210445404
55,55,55,56,55,55,54,55,55,55,55,55,484.5778319835663
53,53,53,55,55,55,54,54,54,54,54,54,484.86558723449707
53,53,53,55,55,55,54,54,54,54,54,54,485.1376073360443
53,53,52,55,55,55,54,54,54,54,54,54,485.4255950450897
53,54,53,55,55,55,53,54,54,54,54,53,485.6974768638611
55,55,55,56,55,56,54,55,55,55,55,55,485.9857008457184
55,56,55,56,55,55,54,55,55,55,55,55,486.25738286972046
55,56,55,55,56,55,55,55,55,55,55,55,486.545494556427
55,56,55,55,55,56,55,55,55,55,55,55,486.81712532043457
52,52,51,55,55,55,53,54,54,54,54,54,487.10568714141846
52,54,51,55,54,55,53,54,54,54,53,54,487.3771142959595
53,52,52,55,55,55,53,54,54,54,54,54,487.6653347015381
53,52,53,55,54,55,53,54,54,54,53,54,487.9372880458832
55,55,55,55,55,55,54,54,55,55,55,54,488.22521114349365
55,56,55,55,55,55,54,55,55,55,55,55,488.4972200393677
55,55,55,56,55,55,54,54,55,55,55,54,488.7854428291321
55,55,55,55,55,55,54,55,55,55,55,55,489.05721831321716
53,53,52,55,54,55,53,54,54,53,54,54,489.34510922431946
52,53,52,54,54,55,53,54,54,54,54,54,489.6173131465912
51,53,52,54,54,54,53,54,54,54,54,53,489.90518260002136
54,54,53,55,55,55,54,54,55,55,54,54,490.17714619636536
56,57,56,57,57,57,56,56,56,56,56,56,490.4651494026184
56,57,56,57,57,57,56,56,56,56,56,56,490.7371520996094
57,57,56,57,57,57,56,56,57,56,57,56,491.0251307487488
56,57,56,57,57,57,56,56,57,56,56,56,491.2970321178436
56,57,56,57,57,57,56,56,56,56,57,56,491.5851180553436
56,57,56,57,57,57,56,56,56,56,56,56,491.85706520080566
56,57,56,57,57,57,56,56,57,56,56,56,492.1449866294861
56,57,56,57,57,57,56,56,56,57,56,56,492.4173674583435
56,57,56,57,57,57,56,56,57,56,56,56,492.7051179409027
57,57,57,57,57,57,56,56,57,57,57,56,492.9769494533539
56,57,57,57,57,57,56,56,57,56,57,56,493.26508951187134
56,57,57,57,57,57,56,56,57,57,56,56,493.53712916374207
56,57,56,57,57,57,56,56,56,56,56,56,493.82488322257996
56,57,56,57,57,57,56,56,56,56,56,56,494.09713649749756
56,57,56,57,57,57,56,56,56,56,57,56,494.38502836227417
56,57,56,57,57,57,56,56,56,56,57,56,494.6575644016266
56,57,56,57,57,57,56,56,57,57,57,56,494.94587659835815
57,57,57,57,57,57,56,56,57,57,57,56,495.2173306941986
57,57,57,57,57,57,56,56,57,57,57,56,495.50480246543884
57,57,57,57,57,57,56,56,57,57,57,57,495.77678513526917
56,57,56,57,57,57,56,56,56,57,56,56,496.0647110939026
56,57,56,57,57,57,56,56,56,56,57,56,496.33700013160706
56,57,56,57,57,57,56,56,56,56,57,56,496.6250596046448
56,57,56,57,57,57,56,56,56,56,57,56,496.89660906791687
54,54,54,56,56,56,55,55,55,55,55,55,497.18471002578735
56,57,56,57,57,57,56,56,57,56,56,56,497.45653533935547
56,57,56,57,57,57,56,56,57,56,56,56,497.7443368434906
56,57,56,57,57,57,56,56,57,57,57,56,498.0165891647339
54,55,55,56,55,56,54,55,55,55,55,55,498.30480670928955
56,57,56,57,57,57,56,56,56,56,56,56,498.57673263549805
56,57,56,57,57,57,56,56,56,56,56,56,498.86431193351746
56,57,56,57,57,57,56,56,56,56,56,56,499.1367518901825
54,55,54,56,55,56,54,54,55,55,54,54,499.42449426651
56,56,56,56,56,57,55,56,56,56,56,56,499.69690585136414
56,56,56,57,56,57,55,56,56,56,56,56,499.9846923351288
56,56,56,57,56,56,55,56,56,56,56,56,500.2563741207123
53,54,53,55,55,55,54,54,54,55,54,54,500.5446767807007
56,56,56,57,56,57,55,56,56,56,56,56,500.8163335323334
56,56,56,57,56,57,55,56,56,56,56,56,501.1042764186859
56,56,55,56,57,57,55,56,56,56,56,56,501.3763062953949
55,55,55,56,55,56,55,55,55,55,55,54,501.6645882129669
55,56,55,56,55,56,55,55,55,55,55,55,501.9365465641022
55,56,55,56,56,56,55,55,55,55,55,55,502.22429609298706
55,56,55,56,56,56,55,55,55,55,55,55,502.49617886543274
54,54,53,56,55,56,54,55,55,55,55,54,502.78431272506714
56,56,56,57,56,57,56,56,56,56,56,56,503.05629801750183
56,56,55,57,57,57,56,56,56,56,56,56,503.34445095062256
56,56,55,57,57,57,56,56,56,56,56,56,503.61633467674255
55,55,55,55,56,55,54,55,55,55,55,54,503.90433406829834
55,56,55,56,56,56,55,55,55,55,55,55,504.17629528045654
55,56,55,56,56,56,55,55,55,55,55,55,504.4643409252167
55,56,55,56,56,56,55,55,55,55,55,55,504.73625326156616
53,55,54,55,55,55,54,54,55,54,55,54,505.02424144744873
55,56,55,56,56,57,55,56,56,56,56,56,505.296258687973
56,56,55,57,56,57,55,56,56,56,56,56,505.5842659473419
56,56,55,57,56,57,55,56,56,56,56,56,505.8561177253723
55,55,55,56,55,56,54,55,55,55,55,55,506.14405393600464
55,56,55,56,56,55,55,55,55,55,55,55,506.4162452220917
55,56,55,56,56,56,55,55,55,55,55,55,506.704172372818
55,56,55,56,56,56,55,55,55,55,55,55,506.9760823249817
54,54,53,55,55,56,54,55,55,55,55,55,507.26424288749695
56,56,55,57,56,57,56,56,56,56,56,56,507.5362193584442
56,56,55,57,57,57,55,56,56,56,56,56,507.8239390850067
55,56,55,57,56,57,55,56,56,56,56,56,508.09600138664246
55,55,55,56,56,56,54,55,55,55,55,55,508.38390612602234
55,56,55,56,56,56,55,55,55,55,55,55,508.65627932548523
55,56,55,56,56,56,55,55,56,55,55,55,508.9209637641907
55,56,55,56,55,56,55,55,55,55,55,55,509.16106247901917
54,55,54,55,55,56,54,55,55,55,55,54,509.41703152656555
55,56,56,57,56,57,56,56,56,56,56,56,509.6574878692627
56,56,55,57,56,57,56,56,56,56,56,56,509.9127299785614
55,56,56,57,57,57,55,56,56,56,56,56,510.15486764907837
54,55,54,56,55,55,54,55,55,55,55,54,510.40861773490906
56,56,56,57,56,56,55,56,56,56,56,56,510.64872574806213
56,56,56,56,56,56,55,56,56,56,56,56,510.9122247695923
56,56,56,56,56,57,55,56,56,56,56,56,511.18418288230896
53,54,53,55,55,55,54,54,54,54,54,54,511.4719429016113
56,56,56,57,57,57,55,56,56,56,56,56,511.74403142929077
56,56,56,57,57,57,56,56,56,56,56,56,512.0320706367493
56,57,56,57,57,57,56,56,56,56,56,56,512.3040227890015
54,55,54,55,55,56,54,54,55,55,55,54,512.5920429229736
55,56,55,56,56,56,55,55,55,55,55,55,512.8639731407166
56,56,56,56,56,56,55,55,56,56,56,55,513.151926279068
56,57,56,57,57,57,56,56,56,56,56,56,513.423900604248
56,57,56,57,57,57,56,56,56,56,56,56,513.7118730545044
56,57,56,57,57,57,56,56,56,56,56,56,513.9838168621063
56,57,56,57,57,57,56,56,56,56,56,56,514.2717611789703
56,57,56,57,57,57,56,56,56,56,56,56,514.5436499118805
56,57,56,57,57,57,56,56,56,56,56,56,514.8316857814789
56,57,56,57,57,57,56,56,57,57,57,56,515.1036794185638
56,57,56,57,57,57,56,56,57,56,56,56,515.3918585777283
56,57,56,57,57,57,56,56,56,57,56,56,515.6638097763062
54,55,53,55,55,55,54,54,55,55,55,54,515.9516921043396
56,56,56,57,56,57,55,56,56,56,56,56,516.2237205505371
56,56,56,57,56,57,55,56,56,56,56,56,516.5118222236633
56,56,56,57,57,57,55,56,56,56,56,56,516.7837245464325
55,55,55,55,55,55,54,55,55,55,55,54,517.0716080665588
55,56,55,56,56,56,54,55,55,55,55,55,517.343551158905
55,56,55,55,56,56,55,55,55,55,55,55,517.6316134929657
55,55,55,56,56,56,55,55,55,55,55,55,517.9036147594452
54,54,54,55,55,55,54,54,54,54,54,54,518.1916947364807
55,56,55,56,56,56,55,56,56,56,56,55,518.4636406898499
55,56,55,57,56,57,55,56,56,56,56,56,518.7515375614166
56,56,55,56,56,56,55,56,56,56,56,56,519.0236685276031
55,55,54,56,55,55,54,55,55,55,55,54,519.311621427536
55,56,55,55,56,55,54,55,55,55,55,54,519.5836112499237
55,55,55,56,55,56,54,55,55,55,55,55,519.871666431427
55,56,55,55,56,56,54,55,55,55,55,55,520.1434597969055
54,54,53,55,55,55,54,54,54,54,54,54,520.4314017295837
56,56,55,56,56,57,55,56,56,56,56,56,520.7033929824829
56,56,55,56,56,57,55,55,56,56,56,56,520.9914841651917
56,56,56,56,56,57,55,56,56,56,56,56,521.263551235199
55,55,54,55,55,55,54,54,55,55,55,54,521.5513823032379
55,55,55,55,56,55,54,55,55,55,55,54,521.8235788345337
55,56,55,56,55,56,54,55,55,55,54,55,522.1115016937256
55,55,55,55,55,55,54,55,55,55,55,55,522.3833999633789
54,54,53,55,55,55,54,54,54,55,55,54,522.6712718009949
55,56,55,56,56,56,55,55,56,56,56,56,522.9434592723846
55,56,55,56,56,56,55,55,56,56,56,56,523.2315039634705
55,56,55,56,56,56,55,56,56,56,56,56,523.5034046173096
54,55,54,55,55,55,54,54,55,55,55,54,523.791396856308
55,55,55,55,55,55,54,54,55,55,55,54,524.0632774829865
55,55,55,56,55,56,54,54,55,55,54,54,524.3512048721313
55,55,55,55,55,56,54,55,55,55,54,54,524.6232550144196
54,54,53,55,55,55,54,54,55,54,55,54,524.9112281799316
55,55,55,56,56,56,55,55,56,56,56,55,525.1613128185272
55,56,55,56,56,56,55,56,56,56,56,55,525.4157423973083
55,55,55,56,56,56,55,56,56,56,56,55,525.6555647850037
55,55,55,55,55,55,54,55,55,55,55,55,525.9116492271423
55,56,55,56,56,56,54,55,55,55,55,55,526.156129360199
55,55,55,55,56,56,54,55,55,55,55,55,526.4075441360474
55,56,55,56,55,56,55,55,55,55,55,55,526.6475915908813
54,54,54,55,55,55,54,54,54,54,54,54,526.9036180973053
55,56,55,56,56,56,55,55,55,55,56,55,527.1436285972595
55,55,55,56,56,56,55,55,55,56,55,55,527.3995208740234
55,56,54,56,56,56,55,55,56,56,55,55,527.6396481990814
54,55,54,55,55,55,54,54,55,55,55,54,527.895628452301
55,56,55,56,56,56,55,55,55,55,55,55,528.1356072425842
56,57,56,57,57,57,55,56,56,56,56,56,528.3915030956268
56,57,56,57,57,57,56,56,56,56,56,56,528.631557226181
56,56,56,57,57,57,56,56,56,56,56,56,528.8874049186707
56,56,56,57,57,57,55,56,56,56,56,56,529.1275401115417
56,57,56,57,57,57,56,56,56,56,56,56,529.3835737705231
56,57,56,57,57,57,56,56,56,56,56,56,529.6234200000763
56,57,56,57,57,57,56,56,56,56,56,56,529.8794822692871
56,57,56,57,56,57,56,56,56,56,56,56,530.119265794754
56,57,56,57,57,57,56,56,57,57,57,56,530.3753061294556
57,57,56,57,57,57,56,56,57,57,57,56,530.6152002811432
53,54,52,55,54,55,53,54,54,54,54,54,530.8713319301605
55,55,54,56,56,56,55,55,55,55,55,55,531.1113262176514
55,55,54,56,56,56,55,55,55,55,55,55,531.3675670623779
55,55,55,56,56,56,55,55,55,55,55,55,531.6073324680328
55,55,54,55,55,55,54,54,55,55,54,54,531.863287448883
55,55,55,56,55,55,54,55,55,55,55,54,532.1034216880798
55,55,55,55,55,56,54,55,55,55,55,55,532.3592357635498
55,55,55,55,55,56,54,55,55,55,55,54,532.5992298126221
53,53,53,55,55,55,53,54,54,54,54,54,532.855174779892
55,55,55,56,56,56,55,55,56,56,56,55,533.0953495502472
55,56,55,56,56,56,55,55,56,56,56,55,533.3511354923248
55,55,55,56,56,56,55,55,56,56,55,55,533.5910346508026
55,55,55,55,55,56,54,54,55,54,54,54,533.8470885753632
55,55,55,56,56,56,54,55,55,55,55,55,534.0870497226715
55,55,55,56,55,55,54,55,55,55,55,55,534.3433578014374
55,55,55,55,56,56,54,54,55,54,55,55,534.5832920074463
54,53,53,55,55,55,54,54,54,54,54,54,534.8393330574036
55,55,55,56,56,56,55,55,55,55,55,55,535.0795185565948
55,55,55,56,56,56,55,55,55,56,55,55,535.3425872325897
55,56,55,56,56,56,55,55,55,55,55,55,535.6147661209106
55,55,54,55,55,56,54,55,55,55,55,55,535.902694940567
55,56,55,56,55,56,55,55,55,55,55,55,536.1747863292694
55,56,55,56,55,56,55,55,55,55,55,55,536.4626886844635
55,56,55,56,56,56,55,55,55,55,55,55,536.7346506118774
54,54,53,55,55,55,54,54,54,54,54,54,537.0226066112518
55,56,55,56,56,56,55,55,56,56,56,55,537.2945470809937
55,56,55,56,56,56,55,56,56,56,56,56,537.5822751522064
55,55,55,56,56,56,55,56,56,56,56,56,537.8543050289154
55,55,54,55,55,56,54,55,55,55,55,54,538.1423001289368
55,56,55,56,56,56,55,55,56,55,55,55,538.4142446517944
55,56,56,56,56,56,55,55,56,56,55,55,538.7023105621338
55,56,55,56,56,56,55,55,56,56,55,55,538.9743349552155
54,53,53,55,55,55,54,54,54,54,54,54,539.2624552249908
55,56,55,56,56,56,55,56,56,56,56,55,539.5342769622803
55,56,55,56,56,56,55,55,56,56,55,55,539.82217669487
55,56,55,56,56,56,55,55,56,56,56,55,540.0940902233124
55,55,54,55,55,55,54,54,55,55,54,54,540.3818981647491
55,56,55,56,56,56,55,55,56,55,55,55,540.6539206504822
55,56,55,56,55,56,55,55,55,55,55,55,540.9418869018555
55,56,55,56,56,56,55,55,56,56,56,55,541.2139232158661
54,54,53,55,55,55,54,54,54,54,54,54,541.5020151138306
55,56,55,56,56,56,55,55,56,56,56,55,541.7738182544708
55,56,55,56,56,56,55,55,56,56,56,55,542.0614621639252
55,55,55,56,56,56,55,55,56,56,56,55,542.3334176540375
54,55,54,55,55,55,54,54,54,54,54,54,542.6218433380127
55,56,55,56,55,56,55,55,55,55,55,55,542.8937547206879
55,56,55,56,56,56,55,55,55,55,55,55,543.1816051006317
55,56,55,56,56,56,55,55,55,55,55,55,543.453296661377
55,56,55,56,56,56,54,55,55,55,55,55,543.7417240142822
56,56,55,56,56,56,55,55,56,56,56,55,544.0134329795837
56,56,56,56,56,57,55,56,56,56,56,56,544.3015978336334
56,56,56,56,56,57,55,56,56,56,56,56,544.5736479759216
56,57,56,57,57,57,55,56,56,56,56,56,544.8615670204163
56,57,56,57,57,57,56,56,56,56,56,56,545.1332814693451
56,57,56,57,57,57,56,56,56,56,56,56,545.4216015338898
56,57,56,57,57,57,56,56,56,56,56,56,545.6936089992523
53,52,53,54,54,55,53,53,54,53,53,53,545.981472492218
54,54,53,55,55,55,54,54,54,54,54,54,546.2531061172485
53,53,53,55,55,55,54,54,54,54,54,54,546.5410764217377
53,54,53,55,54,55,54,54,54,54,54,53,546.8130528926849
55,55,54,55,55,56,54,54,55,55,55,54,547.101238489151
55,56,55,56,56,56,55,55,55,55,55,55,547.3733446598053
55,56,55,56,56,56,55,55,55,55,55,55,547.6613008975983
55,56,55,56,56,56,55,55,55,55,55,55,547.9330561161041
52,53,53,54,54,54,53,54,54,54,53,53,548.2212405204773
52,52,52,54,54,54,53,54,54,54,54,54,548.4932541847229
53,52,52,55,54,55,53,53,54,54,54,53,548.7813868522644
53,52,53,54,54,55,53,54,54,53,54,53,549.0532810688019
55,55,54,56,55,55,54,55,55,55,54,54,549.3415746688843
55,56,55,56,55,56,54,55,55,55,55,55,549.6133766174316
55,56,55,56,55,56,55,55,55,55,55,55,549.901341676712
55,56,55,56,56,55,54,55,55,55,55,55,550.1731877326965
53,54,52,54,54,54,53,53,53,54,54,53,550.461193561554
52,53,53,54,54,55,53,54,54,54,54,53,550.733204126358
53,53,52,54,54,55,53,53,54,54,54,53,551.0212330818176
53,53,51,54,54,54,53,53,54,54,54,53,551.293294429779
55,55,54,56,55,55,54,55,55,55,55,54,551.5811250209808
55,56,55,56,56,56,55,55,56,55,55,55,551.8530938625336
56,56,56,56,56,57,55,56,56,56,56,56,552.1407754421234
56,57,56,57,57,57,56,56,56,56,56,56,552.4134368896484
55,56,55,56,56,56,55,56,56,56,56,56,552.7009761333466
56,56,56,56,56,57,55,56,56,56,56,56,552.9730370044708
56,56,55,57,56,57,56,56,56,56,56,56,553.2609930038452
56,56,56,57,56,57,56,56,56,56,56,56,553.532928943634
51,53,52,54,54,53,53,53,54,54,54,53,553.8208866119385
55,56,55,56,56,56,55,55,56,56,56,55,554.093124628067
55,56,55,56,56,57,55,56,56,56,56,56,554.3811357021332
56,56,55,56,56,56,55,56,56,56,56,56,554.6530637741089
53,54,53,55,54,55,53,53,54,54,53,53,554.9406442642212
55,55,55,56,56,56,55,55,55,55,55,55,555.1907706260681
55,56,55,56,56,56,55,55,55,55,55,55,555.4460277557373
55,56,55,56,56,56,55,55,55,55,55,55,555.6860182285309
54,55,54,55,55,55,54,55,55,55,55,55,555.9419391155243
55,56,56,56,56,56,55,55,56,56,56,56,556.2050051689148
56,56,56,56,56,56,55,56,56,56,56,56,556.4928503036499
55,56,56,56,56,56,55,56,56,56,56,56,556.7650279998779
53,54,53,55,54,55,53,53,54,53,53,53,557.053050994873
55,55,55,56,56,56,55,55,55,55,55,55,557.3248772621155
55,55,55,56,56,56,55,55,55,55,55,55,557.6128430366516
55,55,55,56,56,56,55,55,55,55,55,55,557.8844666481018
54,55,54,55,55,55,54,55,55,55,55,55,558.1727778911591
55,55,54,56,56,56,55,55,55,55,55,55,558.4607458114624
54,55,54,55,56,56,55,55,55,55,55,55,558.7484812736511
55,55,54,56,56,56,55,55,55,55,55,55,559.0366930961609
54,55,55,56,55,56,55,55,55,55,55,55,559.3246445655823
55,55,54,56,55,56,55,55,55,55,55,55,559.6125433444977
55,55,54,56,55,56,55,55,55,55,55,55,559.9005482196808
55,55,55,56,56,56,55,55,55,55,55,55,560.1884913444519
54,55,55,56,55,56,54,55,55,55,55,55,560.4762806892395
54,55,54,56,56,56,55,55,55,55,55,55,560.7645618915558
54,55,55,56,56,56,54,55,55,55,55,55,561.0522937774658
54,55,55,55,55,56,55,55,55,55,55,55,561.3402163982391
54,55,54,56,56,56,55,55,55,55,55,55,561.6123006343842
52,53,52,54,54,54,51,52,52,51,51,51,561.9002978801727
55,56,55,56,56,56,54,55,55,55,55,55,562.1725854873657
55,56,55,56,56,56,55,55,55,55,55,55,562.4604384899139
55,56,55,56,56,56,54,55,55,55,55,55,562.7326242923737
54,55,54,55,55,55,54,54,55,55,55,54,563.0203378200531
55,56,55,56,56,56,55,55,56,56,56,55,563.2924706935883
55,56,55,56,56,56,55,56,56,56,56,56,563.5804216861725
55,56,56,56,56,56,55,55,56,56,56,56,563.8524050712585
53,54,53,55,54,55,53,53,53,54,53,54,564.1402812004089
55,56,55,56,56,56,55,55,55,55,55,55,564.4121670722961
55,56,55,56,56,56,55,55,55,55,55,55,564.7001962661743
55,56,55,56,56,56,55,55,55,55,55,55,564.9724192619324
54,55,54,55,55,55,54,54,55,55,54,54,565.2604193687439
55,56,55,56,56,56,55,55,56,56,56,55,565.5323312282562
55,56,55,56,56,56,55,55,56,56,56,56,565.8203582763672
55,56,55,56,56,56,55,56,56,56,56,55,566.0923578739166
53,54,53,55,55,55,53,54,54,54,54,54,566.3801629543304
55,56,55,56,56,56,55,55,55,55,55,55,566.652028799057
55,56,55,56,56,56,55,55,55,55,55,55,566.9403738975525
55,56,55,56,56,56,55,55,56,56,56,55,567.2122979164124
52,53,53,54,54,54,53,53,53,53,53,53,567.499951839447
55,56,55,56,56,56,55,55,56,56,56,56,567.7722322940826
56,56,55,56,56,56,55,56,56,56,56,56,568.0601906776428
56,56,55,56,56,56,55,56,56,56,56,56,568.3320152759552
53,54,53,54,54,55,53,53,54,54,53,53,568.619738817215
55,55,55,56,56,56,55,55,55,55,55,55,568.892064332962
55,56,55,56,56,56,55,55,55,55,55,55,569.1798312664032
55,56,55,56,56,56,55,55,55,55,55,55,569.4520056247711
54,54,54,55,55,55,54,54,55,55,55,54,569.7402575016022
55,56,55,56,56,56,55,56,56,56,56,55,570.0137565135956
55,56,55,56,56,56,55,56,56,56,56,56,570.3003482818604
56,56,55,56,56,56,55,56,56,56,56,56,570.5719666481018
53,53,53,54,54,55,53,53,54,54,53,53,570.8599207401276
55,55,55,56,56,56,55,55,55,55,55,55,571.1319251060486
55,55,55,56,56,56,55,55,55,55,55,55,571.419774055481
55,56,55,56,56,56,55,55,55,55,55,55,571.6918885707855
53,53,53,55,55,55,54,54,55,55,54,54,571.9797496795654
56,56,56,57,56,57,55,56,56,56,56,56,572.2518217563629
56,56,56,57,56,57,55,56,56,56,56,56,572.5397942066193
56,56,56,56,56,57,55,56,56,56,56,56,572.8118047714233
56,56,55,56,56,56,55,55,56,56,56,55,573.0995144844055
56,56,56,56,56,56,55,55,56,56,56,55,573.3717851638794
56,56,56,56,56,57,55,56,56,56,56,56,573.659544467926
55,56,56,56,56,57,55,56,56,56,56,56,573.9316189289093
54,54,54,55,55,55,54,54,54,54,54,54,574.219687461853
55,56,55,56,56,56,55,55,56,56,55,55,574.4917225837708
55,56,55,56,56,56,55,55,56,56,56,55,574.7797043323517
55,56,55,56,56,56,55,55,56,56,56,55,575.0516016483307
53,54,53,55,55,55,53,54,54,54,54,54,575.3396754264832
54,55,54,55,55,56,54,54,55,55,55,55,575.6116664409637
54,55,54,55,55,55,54,54,55,54,55,54,575.8993399143219
54,54,54,55,55,55,54,54,55,55,54,55,576.1713666915894
54,55,54,55,55,55,54,54,54,54,54,54,576.4595909118652
55,55,55,55,55,56,54,54,55,54,55,55,576.7312955856323
54,55,55,55,55,55,54,55,55,55,55,54,577.0193796157837
55,55,54,56,55,56,54,54,55,55,54,54,577.2913591861725
52,53,53,55,54,55,53,54,54,54,53,53,577.5792107582092
54,54,54,55,55,55,54,54,55,55,54,54,577.8514564037323
54,55,54,55,55,55,54,55,55,55,55,55,578.1395754814148
54,55,54,55,55,55,54,54,55,55,54,54,578.4117081165314
54,55,54,55,55,55,54,54,55,54,54,54,578.6994094848633
55,55,54,55,55,55,54,54,55,55,54,54,578.9714124202728
54,55,54,55,55,55,54,54,55,54,55,54,579.2594108581543
54,55,54,55,55,55,54,54,55,54,55,54,579.5314235687256
53,54,53,55,55,55,53,54,54,54,54,54,579.8193254470825
54,54,53,55,55,55,54,54,54,54,54,54,580.0913937091827
54,54,53,55,55,55,54,54,54,54,54,54,580.379016160965
53,54,54,55,55,55,54,54,54,54,54,54,580.6513409614563
54,55,54,55,54,55,54,54,54,54,54,54,580.9395258426666
55,55,55,55,55,56,54,54,55,55,54,54,581.2113304138184
55,55,55,55,55,56,54,55,55,54,55,54,581.4990983009338
55,55,54,55,55,56,54,54,55,55,55,54,581.7714684009552
53,54,52,54,54,55,53,53,54,54,54,53,582.0592360496521
54,54,54,55,55,55,54,54,55,54,54,54,582.3310625553131
53,54,54,55,55,55,53,54,54,54,54,54,582.6191310882568
53,54,54,55,55,55,54,54,54,55,54,54,582.8908474445343
54,55,54,55,55,55,54,54,54,55,54,54,583.1791162490845
55,55,54,55,55,55,54,54,55,54,54,54,583.450798034668
55,55,54,55,55,55,54,54,55,54,55,54,583.7390646934509
54,55,54,55,55,55,54,54,55,54,54,54,584.0110914707184
53,54,52,54,54,55,53,53,54,53,53,54,584.2990448474884
54,54,54,55,55,55,54,54,54,54,55,54,584.5710108280182
53,54,54,55,55,55,54,54,54,55,54,54,584.859100818634
54,55,54,55,55,55,54,54,54,54,54,54,585.1312532424927
54,55,54,55,55,55,54,54,54,54,54,54,585.4194505214691
54,55,54,55,55,55,54,54,55,55,54,54,585.6917009353638
54,55,54,55,55,56,54,54,55,55,55,54,585.9791069030762
55,55,54,55,55,55,54,54,55,54,54,54,586.2511606216431
52,54,53,55,54,55,53,54,54,54,54,54,586.5391743183136
53,54,54,55,55,55,54,54,54,54,55,54,586.81112241745
54,55,53,55,55,55,54,54,54,54,54,54,587.0989971160889
54,55,53,55,55,55,54,54,55,55,54,54,587.3709535598755
54,55,54,55,55,55,54,54,54,54,54,54,587.6592442989349
55,55,54,55,55,55,54,54,55,55,54,54,587.931348323822
54,55,54,55,55,55,54,54,55,55,55,54,588.2190790176392
55,55,55,55,55,55,54,54,55,55,55,55,588.4909598827362
54,54,53,55,55,55,54,54,54,54,54,54,588.7790462970734
55,56,55,56,56,56,55,55,55,55,55,55,589.0510332584381
55,56,55,56,56,56,55,55,55,55,55,55,589.3389768600464
55,56,55,56,56,56,55,55,55,55,55,55,589.6109635829926
56,56,56,56,56,56,55,56,56,56,56,56,589.8989005088806
56,56,56,56,56,56,55,56,56,56,56,56,590.170821428299
56,56,56,56,56,57,55,56,56,56,56,56,590.4588224887848
56,56,56,56,56,57,55,56,56,56,56,56,590.7309041023254
55,56,55,56,56,56,55,55,56,56,56,55,591.0188086032867
55,56,55,56,56,56,55,55,56,56,56,55,591.2908153533936
56,56,56,56,56,56,55,56,56,56,56,56,591.5787844657898
55,56,55,56,56,56,55,56,56,56,56,56,591.850837469101
56,56,56,57,56,56,55,56,56,56,56,56,592.1388049125671
56,56,56,56,56,57,55,56,56,56,56,56,592.410781621933
56,56,56,57,56,57,55,56,56,56,56,56,592.6985495090485
56,56,56,56,56,57,56,56,56,56,56,56,592.9705502986908
55,56,55,56,56,56,55,56,56,56,56,56,593.258597612381
56,56,56,56,56,56,55,55,56,56,56,55,593.5304601192474
56,56,55,56,56,57,55,56,56,56,56,56,593.8183825016022
56,56,55,56,56,56,55,56,56,56,56,56,594.0905179977417
56,56,56,56,56,57,55,56,56,56,56,56,594.3784127235413
56,56,56,56,56,57,55,56,56,56,56,56,594.6504080295563
56,56,56,56,56,57,55,56,56,56,56,56,594.938291311264
56,56,56,56,56,57,55,56,56,56,56,56,595.2114818096161
56,56,55,56,56,56,55,56,56,56,56,56,595.4986319541931
56,56,56,56,56,57,55,56,56,56,56,55,595.770503282547
56,56,56,56,56,57,55,56,56,56,56,56,596.058616399765
56,56,56,56,56,57,55,56,56,56,56,56,596.3305993080139
56,56,55,56,56,56,55,55,56,56,56,55,596.618533372879
56,56,56,56,56,57,55,56,56,56,56,56,596.8904392719269
56,56,56,56,56,57,55,56,56,56,56,56,597.1785922050476
56,56,56,57,56,57,55,56,56,56,56,56,597.4506187438965
55,56,55,56,56,56,55,55,56,56,55,55,597.7383451461792
56,56,55,56,56,56,55,55,56,56,55,55,598.0104575157166
55,56,55,56,56,56,55,55,56,55,56,55,598.2982933521271
56,56,55,56,56,56,55,55,56,56,56,55,598.5703346729279
56,56,56,57,56,57,55,56,56,56,56,56,598.8582584857941
56,56,56,56,56,57,55,56,56,56,56,56,599.1302707195282
56,56,56,56,56,57,55,56,56,56,56,56,599.4181435108185
56,56,56,57,56,57,55,56,56,56,56,56,599.6904532909393
53,54,53,55,55,55,53,53,54,54,53,54,599.9781649112701
55,55,55,56,56,56,55,55,55,55,55,55,600.2529785633087
55,56,55,56,56,56,55,55,55,55,55,55,600.5378439426422
55,56,55,56,56,56,55,55,55,55,55,55,600.8099858760834
53,54,53,55,54,54,53,54,54,54,54,54,601.0980739593506
54,55,54,55,55,55,54,54,54,54,54,54,601.3699805736542
54,55,54,55,55,55,54,54,55,55,54,54,601.657870054245
55,55,54,55,55,55,54,55,55,55,55,54,601.9298214912415
52,52,52,54,53,54,52,52,53,53,52,53,602.217785358429
55,55,54,56,55,56,55,55,55,55,55,55,602.489716053009
55,55,55,56,56,56,55,55,55,55,55,55,602.7777760028839
55,55,54,56,55,56,55,55,55,55,55,55,603.0499150753021
54,54,53,54,54,54,53,53,54,54,53,53,603.3377077579498
54,55,54,55,54,55,54,54,54,54,54,54,603.6099581718445
54,55,54,55,55,55,54,54,54,54,54,54,603.8977284431458
54,55,54,55,55,55,54,54,54,54,54,54,604.1694922447205
52,53,52,54,54,54,53,53,53,53,53,53,604.4577994346619
54,54,53,54,55,55,53,54,54,54,54,54,604.7295689582825
54,53,53,55,55,55,54,54,54,54,54,54,605.0175585746765
54,54,53,55,55,55,54,54,54,54,54,54,605.2915823459625
54,54,54,54,54,55,53,53,54,53,53,53,605.5774064064026
54,55,54,55,55,55,54,54,54,54,54,54,605.8495583534241
54,55,54,55,55,55,54,54,54,54,54,54,606.1376736164093
54,55,54,55,55,55,54,54,54,54,54,54,606.4093902111053
52,51,51,54,54,54,52,53,53,53,53,53,606.6976873874664
52,52,52,54,54,54,53,53,53,53,53,53,606.9695043563843
52,53,52,54,54,54,53,53,53,53,53,53,607.2576639652252
52,52,51,54,54,54,53,53,54,53,53,53,607.5295925140381
54,54,54,54,54,54,53,54,54,54,53,53,607.8176174163818
54,54,54,55,55,55,54,54,54,54,54,54,608.0892927646637
54,54,54,55,55,55,53,54,54,54,54,53,608.3772280216217
54,54,54,55,54,54,53,54,54,54,54,53,608.649409532547
52,52,51,54,54,54,53,53,53,53,53,53,608.9371335506439
52,53,52,54,54,54,53,53,53,53,53,53,609.2090847492218
53,53,52,54,54,54,53,53,54,53,53,53,609.4973952770233
52,53,52,54,54,54,53,53,53,53,53,53,609.7693858146667
54,54,54,55,55,55,53,54,54,54,53,54,610.0573205947876
54,54,54,55,54,54,54,54,54,54,54,54,610.3325078487396
54,55,54,54,55,55,53,54,54,54,54,53,610.6173419952393
54,55,54,54,55,55,54,54,54,54,54,54,610.889378786087
52,52,53,54,54,54,53,53,53,53,53,53,611.177099943161
52,52,51,54,54,54,53,53,53,53,53,53,611.4491496086121
52,53,52,54,54,54,53,53,53,53,53,53,611.7373669147491
53,53,53,54,54,54,53,53,54,53,53,53,612.0093672275543
55,56,55,56,56,56,55,55,55,55,55,55,612.2973804473877
55,56,55,56,56,56,55,55,55,56,56,55,612.5690958499908
55,56,55,56,56,56,55,55,55,55,55,55,612.857223033905
55,56,55,56,56,56,55,55,55,55,55,55,613.1290559768677
55,56,55,56,56,56,55,55,55,55,55,55,613.4168844223022
55,56,55,56,56,56,55,55,56,55,55,55,613.6889111995697
55,56,55,56,56,56,55,55,56,55,55,55,613.9771571159363
55,56,55,56,56,56,55,55,56,55,55,55,614.2491536140442
55,56,56,56,56,56,55,55,56,56,55,55,614.5370063781738
55,56,55,56,56,56,55,55,56,56,56,55,614.8093454837799
56,56,56,56,56,56,55,55,56,56,56,55,615.097254037857
55,56,56,56,56,56,55,55,56,56,56,56,615.3690280914307
52,53,51,53,53,53,52,53,53,53,53,53,615.656726360321
54,55,54,55,55,55,54,54,54,54,55,54,615.9287133216858
54,55,54,55,55,55,54,54,55,55,55,54,616.2167122364044
54,54,54,55,55,55,54,54,54,55,55,54,616.4890360832214
54,54,54,54,54,54,53,53,54,54,53,53,616.7767803668976
54,55,54,55,55,55,53,54,54,54,54,54,617.04882979393
54,55,54,54,55,55,54,54,54,54,54,54,617.3366918563843
54,55,54,55,55,55,54,54,54,54,54,54,617.6087074279785
53,53,52,54,54,55,53,53,53,54,54,53,617.8970310688019
53,54,54,55,54,55,54,54,54,54,54,54,618.1689260005951
53,54,53,54,54,55,53,54,54,54,54,53,618.4567058086395
54,54,53,54,55,55,53,54,54,54,54,53,618.7286555767059
53,54,53,54,53,55,53,54,54,53,54,53,619.0168523788452
54,55,54,55,55,55,53,54,54,54,54,54,619.295280456543
54,54,54,55,55,55,54,54,54,54,54,54,619.5764720439911
54,54,54,55,55,55,54,54,54,54,54,54,619.8484971523285
53,54,52,54,54,54,53,53,53,54,54,53,620.1364693641663
53,54,52,54,54,54,53,53,54,54,54,53,620.408362865448
52,54,52,54,54,54,53,53,54,54,54,53,620.6966514587402
53,54,52,54,54,54,53,53,54,54,54,53,620.9687225818634
54,54,54,54,54,55,53,54,54,54,54,53,621.2565405368805
54,55,54,55,55,55,54,54,54,54,54,54,621.5284719467163
54,55,54,55,54,55,54,54,54,54,54,54,621.8162996768951
54,55,54,55,55,55,54,54,54,54,54,54,622.0882995128632
53,54,53,54,54,54,53,53,54,54,54,54,622.3764123916626
53,54,52,54,54,55,53,53,54,54,54,53,622.648530960083
53,54,53,54,54,55,53,53,54,54,53,53,622.936511516571
53,54,53,54,54,55,53,53,54,54,53,53,623.2081582546234
54,54,53,55,54,55,53,54,54,54,54,54,623.4962286949158
54,55,54,55,55,55,54,54,54,54,54,54,623.7682807445526
54,55,54,55,55,55,54,54,55,54,54,54,624.0565340518951
54,55,54,55,55,55,54,54,54,55,54,54,624.3285048007965
53,53,53,54,54,54,53,53,53,53,53,53,624.6161422729492
52,53,53,54,54,54,53,53,53,54,53,53,624.8883752822876
53,53,52,54,54,54,53,53,53,54,53,54,625.1761124134064
53,54,53,54,54,54,53,53,53,54,54,53,625.4481174945831
54,54,54,54,54,55,53,54,54,54,54,54,625.7363393306732
54,54,54,54,54,55,53,54,54,54,54,54,626.0082869529724
54,54,54,54,54,55,53,54,54,54,54,54,626.2994773387909
54,54,54,54,54,55,53,54,54,54,54,54,626.5683982372284
52,54,53,54,54,54,53,53,53,54,53,53,626.8565094470978
53,54,52,54,54,54,53,53,54,53,53,53,627.1281983852386
53,53,52,54,54,54,53,53,54,54,53,53,627.4163608551025
53,53,53,54,54,54,53,53,53,53,53,53,627.6881535053253
54,54,54,55,55,55,53,54,54,54,54,54,627.9763743877411
54,55,54,54,54,55,54,54,54,54,54,54,628.2480132579803
54,55,55,55,55,55,54,54,55,55,54,54,628.5363018512726
55,55,55,56,56,56,54,55,55,55,55,55,628.8081386089325
55,56,55,56,56,56,55,55,55,55,55,55,629.0962789058685
55,56,55,56,56,56,55,55,55,55,55,55,629.3680326938629
55,56,55,56,56,56,55,55,55,55,55,55,629.6560754776001
55,55,55,56,56,56,55,55,55,55,55,55,629.9283554553986
55,56,55,56,56,56,55,55,55,55,55,55,630.2163736820221
55,56,55,56,56,56,55,55,55,55,55,55,630.4883368015289
55,56,55,56,56,56,55,55,55,55,55,55,630.7763633728027
55,56,55,56,56,56,55,55,56,56,56,55,631.0482439994812
51,51,51,53,53,52,52,52,53,53,52,52,631.3374102115631
53,53,53,54,54,55,53,54,54,54,54,54,631.608247756958
53,54,53,55,55,55,54,54,54,54,54,54,631.8963243961334
54,54,53,55,54,55,54,54,54,54,54,54,632.1680607795715
53,54,53,54,53,54,53,53,53,53,53,53,632.4561696052551
54,55,54,55,54,55,53,54,54,54,54,53,632.7280395030975
54,54,54,54,54,55,53,54,54,54,54,53,633.0159795284271
54,55,54,55,55,54,53,54,54,54,54,53,633.288027048111
52,52,51,53,53,53,52,52,52,52,52,52,633.5760457515717
52,52,52,54,53,54,52,52,53,53,53,53,633.8479788303375
52,52,52,53,53,54,52,53,53,52,53,53,634.1360306739807
52,53,51,53,53,54,52,53,53,53,52,53,634.408008813858
53,54,53,53,54,53,53,53,53,54,53,52,634.6960053443909
54,54,53,54,53,54,53,53,54,54,53,53,634.9678866863251
54,54,53,54,54,54,53,53,53,54,53,53,635.2558915615082
54,54,53,54,54,54,53,53,53,53,53,53,635.5278332233429
50,51,51,53,53,53,52,52,52,52,52,52,635.8158249855042
51,52,52,53,53,53,52,52,52,52,52,52,636.0879123210907
51,52,50,53,53,53,52,52,52,53,52,52,636.375735282898
52,51,50,53,53,53,52,52,52,52,52,52,636.6479730606079
53,54,53,54,54,54,53,53,53,53,53,53,636.9358568191528
53,54,54,54,54,54,53,53,54,54,54,54,637.2081429958344
53,54,53,54,54,54,53,53,54,54,54,53,637.4960162639618
54,54,53,54,54,55,53,53,54,53,54,54,637.7677426338196
50,52,50,53,53,53,52,52,52,52,52,52,638.055784702301
51,51,51,53,53,53,52,52,52,52,52,52,638.3278498649597
52,51,52,53,53,53,52,52,52,52,52,52,638.61589884758
51,52,51,53,53,53,52,52,53,52,52,52,638.8878955841064
53,54,53,53,53,53,53,53,53,53,53,53,639.1759240627289
54,54,53,54,54,53,53,53,54,54,53,53,639.4475288391113
54,54,54,54,54,54,53,53,54,54,54,53,639.7355632781982
54,54,53,54,54,54,53,53,54,53,53,53,640.007551908493
51,52,51,53,53,53,52,52,52,52,52,52,640.2956156730652
51,51,51,53,53,53,52,52,52,52,52,52,640.5677127838135
51,51,50,53,53,53,52,52,52,52,52,52,640.8557062149048
51,52,51,53,53,53,52,52,52,52,52,52,641.1276247501373
53,54,53,53,54,53,52,53,53,53,53,52,641.4154222011566
53,54,53,54,54,54,53,53,54,53,53,53,641.6874494552612
54,54,53,54,54,54,53,53,54,54,53,53,641.9756188392639
54,54,53,54,54,54,53,53,54,53,53,53,642.2475254535675
51,51,51,53,53,53,52,52,52,52,52,52,642.5356006622314
52,51,51,53,53,53,52,52,53,52,53,52,642.8074495792389
51,52,52,53,53,53,52,52,52,52,52,52,643.0955212116241
52,51,51,53,53,53,52,52,52,53,53,52,643.3674342632294
53,54,53,54,53,54,53,53,53,53,53,53,643.6553738117218
54,54,54,54,54,55,53,53,54,54,53,53,643.927481174469
54,55,54,54,54,54,53,54,54,54,54,53,644.2154769897461
55,56,55,56,55,56,54,55,55,55,55,55,644.4870319366455
55,56,55,55,55,56,55,55,55,55,55,55,644.7681930065155
55,55,55,55,55,56,54,55,55,55,55,55,645.008930683136
55,55,55,56,55,56,54,55,55,55,55,55,645.2645313739777
55,55,55,56,55,56,54,55,55,55,55,55,645.5044076442719
55,56,55,56,56,56,55,55,55,55,55,55,645.7605006694794
55,56,55,56,55,56,55,55,55,55,55,55,646.0002377033234
55,56,55,56,56,56,54,55,55,55,55,55,646.2561693191528
55,56,55,56,56,56,55,55,55,55,55,55,646.4963254928589
55,56,55,56,56,56,54,55,55,55,55,55,646.7523572444916
55,56,55,56,55,56,54,55,55,55,55,55,646.992246389389
55,55,55,56,55,56,54,55,55,55,55,55,647.2481579780579
55,55,55,56,55,56,54,55,55,55,55,55,647.4882440567017
55,56,55,56,56,56,55,55,55,55,55,55,647.7440509796143
55,56,55,56,56,56,55,55,55,55,55,55,647.984087228775
55,56,55,56,56,56,55,55,55,55,55,55,648.2400710582733
55,56,55,56,56,56,55,55,55,55,55,55,648.4801774024963
55,55,55,56,55,56,55,55,55,55,55,55,648.7360124588013
55,55,55,56,56,56,54,55,55,55,55,55,648.998776435852
55,55,55,56,55,56,55,55,55,55,55,55,649.2870533466339
55,56,55,56,55,56,55,55,55,55,55,55,649.5590150356293
55,56,55,56,56,56,55,55,55,55,55,55,649.8467900753021
55,56,55,56,56,56,55,55,55,55,55,55,650.1188352108002
55,56,55,56,55,56,55,55,55,55,55,55,650.4066848754883
55,56,55,56,56,56,55,55,55,55,55,55,650.6786501407623
55,56,55,56,55,56,55,55,55,55,55,55,650.9666974544525
55,56,55,56,55,56,55,55,55,55,55,55,651.2389447689056
55,55,55,56,56,56,55,55,55,55,55,55,651.5269207954407
55,56,55,56,55,56,55,55,55,55,55,55,651.7985711097717
55,56,55,56,56,56,55,55,55,55,55,55,652.0868124961853
55,56,55,56,56,56,55,55,55,55,55,55,652.3584237098694
55,56,55,56,56,56,55,55,55,55,55,55,652.6467468738556
55,56,55,56,56,56,55,55,55,55,55,55,652.9184532165527
55,56,55,56,56,56,55,55,55,55,55,55,653.2066802978516
55,56,55,56,56,56,55,55,55,55,55,55,653.4786417484283
55,56,55,56,56,56,55,55,55,55,55,55,653.7667050361633
55,56,55,56,56,56,55,55,55,55,55,55,654.0384068489075
55,56,55,56,56,56,55,55,56,55,55,55,654.3267862796783
55,56,55,56,56,56,55,55,55,55,55,55,654.5986239910126
55,56,55,56,56,56,55,55,56,55,55,55,654.8862910270691
55,56,55,56,56,56,55,55,55,55,55,55,655.1584568023682
48,47,46,49,49,49,48,48,49,49,49,48,655.4463269710541
48,48,47,50,50,50,49,49,49,49,49,48,655.7183663845062
48,49,49,51,51,51,50,50,50,50,50,49,656.0064306259155
49,50,49,52,51,52,51,51,51,51,51,50,656.2783679962158
50,50,50,52,52,52,50,51,51,50,51,50,656.5665030479431
50,50,50,52,52,51,50,51,51,51,51,50,656.8383135795593
53,54,53,54,54,54,53,53,53,53,53,53,657.1262936592102
53,54,53,54,54,54,53,53,53,53,54,53,657.3982400894165
54,54,53,54,54,54,53,53,53,53,53,53,657.6862115859985
54,54,54,54,54,54,53,53,53,53,53,53,657.9581954479218
51,51,51,52,52,53,51,52,52,51,52,51,658.2462193965912
51,52,51,53,52,53,51,51,52,52,52,52,658.518342256546
51,51,51,53,52,52,51,51,52,51,52,51,658.8062047958374
51,52,51,53,52,53,51,51,52,52,51,51,659.078275680542
53,54,53,54,54,54,52,53,53,53,53,53,659.3666200637817
53,54,53,54,54,54,53,53,53,53,53,53,659.6383907794952
53,54,53,54,53,54,53,53,53,53,53,53,659.9264395236969
53,54,53,54,54,54,53,53,53,53,53,53,660.1985692977905
51,51,50,52,52,53,51,51,52,52,52,51,660.4860079288483
51,51,51,53,52,53,52,51,52,52,51,51,660.7581686973572
52,52,51,53,53,53,51,52,52,52,51,51,661.0462703704834
54,55,54,55,55,55,54,54,54,54,54,54,661.318208694458
55,55,55,55,55,56,54,55,55,55,55,55,661.6060793399811
55,55,55,55,55,56,54,55,55,55,55,55,661.8780477046967
55,55,55,56,55,56,54,55,55,55,55,55,662.1660122871399
55,55,55,56,55,56,55,55,55,55,55,55,662.4381442070007
55,55,54,55,55,56,54,55,55,55,55,55,662.7260036468506
55,55,55,55,55,56,54,55,55,55,55,55,662.9980750083923
55,55,55,55,55,56,54,54,55,55,55,54,663.2861475944519
55,55,55,55,55,56,54,55,55,55,55,55,663.5583598613739
55,56,55,56,55,55,54,55,55,55,55,55,663.846467256546
55,55,55,56,55,56,54,55,55,55,55,55,664.1183776855469
55,55,55,56,55,56,54,55,55,55,55,55,664.4064152240753
55,55,55,56,55,56,54,55,55,55,55,55,664.6783626079559
55,55,55,55,55,56,54,55,55,55,55,55,664.9663398265839
55,55,55,55,55,56,54,55,55,55,55,55,665.2381591796875
55,55,55,56,55,56,54,55,55,55,55,55,665.5263030529022
55,55,55,55,55,56,54,55,55,55,55,55,665.798259973526
55,55,55,56,55,56,54,55,55,55,55,55,666.0860908031464
55,56,55,56,55,56,55,55,55,55,55,55,666.3581311702728
55,55,55,56,55,56,55,55,55,55,55,55,666.6461472511292
55,56,55,56,56,56,55,55,55,55,55,55,666.9180400371552
55,55,55,56,55,56,54,55,55,55,55,55,667.2059893608093
55,55,55,55,55,56,54,55,55,55,55,55,667.4780921936035
55,55,55,56,55,56,54,55,55,55,55,55,667.76620221138
55,55,55,56,56,56,55,55,55,55,55,55,668.0379977226257
55,56,55,56,55,56,55,55,55,55,55,55,668.3259983062744
55,56,55,56,56,56,55,55,55,55,55,55,668.5979902744293
55,56,55,56,56,56,55,55,55,55,55,55,668.886031627655
55,56,55,56,56,56,55,55,55,55,55,55,669.1580021381378
55,55,55,55,55,56,54,55,55,55,55,55,669.4460887908936
55,56,55,56,55,56,54,55,55,55,55,55,669.7178838253021
55,55,55,56,55,56,55,55,55,55,55,55,670.0058977603912
55,56,55,56,55,56,54,55,55,55,55,55,670.2780005931854
51,52,52,53,53,53,52,52,53,52,53,52,670.5659112930298
54,55,54,55,55,55,54,54,55,55,55,54,670.8378376960754
54,55,54,55,55,55,54,54,55,55,55,54,671.1258187294006
55,55,54,55,55,55,54,55,55,55,55,54,671.3977184295654
51,53,52,53,53,54,52,52,53,53,53,52,671.6858727931976
54,55,54,55,55,55,54,54,54,55,54,54,671.9576470851898
54,55,54,55,55,55,54,54,55,55,54,54,672.2455360889435
54,55,54,55,55,55,54,54,55,55,54,54,672.517730474472
53,54,52,54,54,54,53,53,53,53,53,53,672.8056652545929
54,54,54,55,54,55,53,54,54,54,54,54,673.0774607658386
54,54,54,55,54,55,54,54,54,54,54,54,673.3653151988983
54,55,54,55,54,55,53,54,54,54,54,54,673.6374382972717
52,52,52,53,53,53,52,52,52,52,52,51,673.925550699234
54,55,54,55,55,55,54,54,54,54,54,54,674.1974403858185
54,55,54,55,55,55,54,54,54,54,55,54,674.4853754043579
54,55,54,55,55,55,54,54,54,54,54,54,674.7592267990112
53,53,53,54,54,54,53,53,53,53,53,53,675.0458679199219
54,55,54,55,54,55,54,54,54,54,54,54,675.3176629543304
54,55,54,55,55,55,54,54,54,54,54,54,675.6055791378021
54,54,54,55,55,55,54,54,54,54,54,54,675.8774366378784
53,54,53,54,54,54,53,53,53,53,53,52,676.1655263900757
54,55,54,55,55,55,54,54,54,54,55,54,676.4374039173126
54,55,54,55,55,55,54,54,55,54,54,54,676.7255148887634
55,55,55,55,55,55,54,54,55,55,55,54,676.9974248409271
53,54,53,54,53,54,53,53,53,53,53,53,677.2852847576141
54,54,54,54,54,54,53,53,54,54,53,54,677.5572981834412
54,54,54,54,54,55,53,53,54,54,54,53,677.8452320098877
54,54,54,54,54,54,53,54,54,54,53,53,678.1173021793365
52,52,52,53,53,54,52,52,53,53,53,53,678.4053592681885
54,54,53,55,55,55,54,54,54,54,54,54,678.6772663593292
54,54,53,55,55,55,53,54,54,54,54,54,678.965535402298
54,54,54,55,55,55,54,54,54,54,54,54,679.2372369766235
53,53,53,53,53,53,52,52,53,53,53,52,679.5253188610077
53,53,53,53,53,53,52,53,53,53,53,52,679.7972114086151
53,54,53,54,53,54,52,53,53,53,52,52,680.0852482318878
53,53,53,54,53,53,52,53,53,53,53,52,680.3571364879608
51,52,52,53,53,53,52,52,53,53,53,52,680.6452016830444
53,54,54,55,54,55,53,54,54,54,54,54,680.918496131897
54,54,54,55,55,55,54,54,54,54,54,54,681.2050070762634
54,54,54,55,55,55,54,54,54,54,54,54,681.4767699241638
53,53,52,53,53,53,52,52,53,53,53,52,681.7650167942047
53,53,53,53,53,53,52,52,53,52,53,52,682.036741733551
53,53,52,53,53,53,52,52,53,52,52,52,682.3246493339539
53,53,52,53,53,53,52,52,53,53,52,52,682.596595287323
51,52,52,53,53,53,52,52,53,53,52,52,682.8846225738525
54,54,53,54,54,55,54,54,54,54,54,54,683.1567184925079
54,54,54,55,54,55,54,54,54,54,54,54,683.4448256492615
54,54,54,55,55,55,54,54,54,54,54,54,683.7165842056274
52,53,52,53,53,53,52,52,52,52,52,52,684.0046770572662
53,53,53,54,53,53,52,53,53,53,53,52,684.2835803031921
53,53,53,54,53,53,52,53,53,53,53,53,684.564692735672
53,53,53,53,53,54,52,53,53,53,53,52,684.8365454673767
52,52,51,53,53,54,52,52,53,53,53,52,685.1246023178101
54,54,53,55,54,55,54,54,54,54,54,54,685.3965535163879
54,54,53,54,55,55,54,54,54,54,54,54,685.6843738555908
54,54,54,55,54,55,54,54,54,54,54,54,685.9567177295685
52,53,52,53,53,52,52,52,52,52,52,52,686.2446427345276
52,53,53,53,53,53,52,53,53,53,52,52,686.516366481781
53,53,52,53,53,54,52,52,53,53,52,52,686.8044531345367
53,53,53,53,53,53,52,52,53,52,53,52,687.0764873027802
51,51,51,53,53,53,52,52,53,52,52,52,687.3643264770508
53,54,53,55,54,55,53,54,54,54,54,54,687.6363496780396
53,54,53,54,54,55,53,54,54,54,54,54,687.9243392944336
53,54,53,54,54,55,53,54,54,54,54,54,688.1963636875153
52,53,52,53,52,52,52,52,52,52,52,52,688.4843020439148
53,53,52,53,52,54,52,53,53,53,52,53,688.7564342021942
53,53,53,53,52,54,52,52,53,53,53,53,689.0441443920135
53,53,53,53,54,53,52,53,53,53,53,53,689.3161478042603
52,51,51,53,53,53,52,52,53,53,53,52,689.6044428348541
53,54,53,54,54,55,54,54,54,54,54,54,689.8762500286102
53,54,53,54,54,55,54,54,54,54,54,54,690.1642978191376
54,54,53,54,54,55,53,54,54,54,54,54,690.4363384246826
52,53,52,53,53,53,52,52,52,52,52,52,690.7241106033325
52,53,52,53,53,54,52,52,53,52,52,52,690.9963307380676
52,53,52,53,53,53,52,52,53,52,52,52,691.2842094898224
53,53,52,53,52,53,52,52,53,52,52,52,691.5562574863434
51,52,51,53,53,53,52,52,53,53,52,52,691.8443088531494
54,54,53,54,54,55,53,54,54,54,54,54,692.116162776947
53,54,53,54,54,55,54,54,54,54,54,54,692.4042501449585
53,54,53,54,54,55,54,54,54,54,54,54,692.6759555339813
52,53,52,53,52,54,52,52,53,52,52,52,692.9643816947937
52,53,52,53,53,53,52,52,53,52,52,53,693.2362575531006
52,53,52,53,53,53,52,52,53,53,52,52,693.5240125656128
53,53,52,53,53,53,52,52,53,53,53,53,693.7959711551666
52,51,52,53,53,53,52,52,53,53,53,53,694.0839908123016
53,54,53,54,54,55,53,54,54,54,54,54,694.3563280105591
53,54,53,54,54,55,53,54,54,54,54,54,694.6440918445587
53,54,53,55,54,55,53,54,54,54,54,54,694.9159829616547
52,53,52,53,53,53,52,52,53,52,52,52,695.2041945457458
53,53,53,53,53,54,52,53,53,53,53,52,695.4760844707489
53,53,52,53,53,54,52,53,53,53,53,52,695.7639353275299
53,53,53,53,54,54,52,53,53,53,53,53,696.0358603000641
51,51,51,53,53,53,52,52,52,52,52,52,696.323780298233
53,54,53,54,54,55,53,54,54,54,54,54,696.5961666107178
54,54,53,55,54,55,53,54,54,54,54,54,696.8838167190552
53,54,53,54,54,55,53,54,54,54,54,54,697.1558508872986
52,53,52,53,53,53,52,52,53,53,53,52,697.4437537193298
53,53,53,54,54,54,53,53,53,53,53,53,697.7159700393677
53,54,53,54,53,53,53,53,53,53,53,53,698.0036540031433
53,54,53,54,54,54,53,53,53,53,53,53,698.2757654190063
51,52,51,53,53,53,52,52,52,52,52,52,698.5637149810791
54,54,53,55,54,55,53,54,54,54,54,54,698.8357572555542
54,54,54,55,55,55,54,54,54,54,54,54,699.1239078044891
54,54,54,55,55,55,54,54,54,54,54,54,699.3958442211151
52,53,52,53,52,53,52,52,52,52,52,52,699.6839363574982
53,54,53,54,54,54,53,53,53,53,53,53,699.9557821750641
53,54,53,54,54,54,53,53,53,54,53,53,700.2438087463379
53,54,53,54,54,54,53,53,54,53,53,53,700.5155696868896
51,52,51,53,53,53,51,52,52,52,52,52,700.8038980960846
54,54,53,55,54,55,53,54,54,54,54,54,701.07568526268
54,54,54,55,54,55,53,54,54,54,54,54,701.363799571991
54,54,53,55,54,55,53,54,54,54,54,54,701.6357107162476
52,53,52,53,52,53,52,52,52,52,52,52,701.9233396053314
52,53,52,53,53,53,52,52,53,53,52,52,702.195540189743
52,53,52,53,53,52,52,52,53,52,52,52,702.483448266983
52,53,53,53,53,54,52,52,53,53,53,52,702.7553534507751
51,51,51,53,53,53,52,52,52,52,52,52,703.0435664653778
53,54,53,54,54,54,53,54,54,54,54,54,703.3157062530518
53,54,53,54,54,54,53,54,54,54,54,54,703.6035730838776
53,54,53,55,54,55,53,54,54,54,54,54,703.8756897449493
52,53,52,53,53,53,52,52,52,52,52,52,704.1637892723083
52,53,52,53,52,53,52,52,52,52,52,52,704.4355630874634
52,53,52,53,52,53,52,52,52,52,52,52,704.7235243320465
52,53,52,53,53,53,52,52,52,52,52,52,704.9955942630768
51,51,52,53,53,53,52,52,52,52,52,52,705.2845692634583
53,54,53,54,54,54,53,54,54,54,54,54,705.5550572872162
53,54,53,54,54,55,53,54,54,54,54,54,705.8431322574615
54,54,53,54,54,55,53,54,54,54,54,54,706.1152455806732
52,52,52,53,53,52,51,52,52,52,52,52,706.4032442569733
53,53,52,53,53,53,52,52,53,52,53,52,706.6754248142242
53,53,52,53,53,53,52,52,53,53,53,52,706.9633822441101
53,53,52,53,53,53,52,52,53,53,53,52,707.2352483272552
51,51,51,53,53,53,51,52,52,52,52,52,707.5235569477081
53,54,53,54,54,54,53,53,54,54,53,53,707.7949621677399
53,53,52,54,54,54,53,53,54,54,53,53,708.083417892456
53,53,53,54,54,54,53,53,54,54,54,53,708.3549699783325
52,52,52,52,53,53,51,52,52,52,52,52,708.6429948806763
52,53,52,52,52,52,52,52,52,52,52,52,708.9150421619415
52,53,52,53,53,52,52,52,52,52,52,52,709.2030055522919
52,53,52,53,53,52,52,52,52,52,52,52,709.4749228954315
51,51,51,53,53,53,52,52,52,52,52,52,709.7629008293152
53,53,53,54,54,54,53,53,54,54,53,53,710.0347726345062
53,53,53,54,54,54,53,53,54,54,54,53,710.3230068683624
53,53,53,54,54,54,53,53,54,53,54,53,710.5949795246124
52,52,52,52,52,52,51,52,52,52,52,51,710.8828032016754
52,53,52,53,53,53,52,52,52,53,52,52,711.1550574302673
53,53,52,53,53,53,52,52,53,52,52,52,711.443156003952
52,53,52,53,53,53,52,52,53,52,52,52,711.7148897647858
51,51,50,52,52,53,51,51,52,52,52,51,712.0030765533447
53,54,52,54,54,54,53,53,53,53,53,53,712.2751660346985
53,53,53,54,54,54,53,53,54,54,53,53,712.5627248287201
52,53,53,54,54,54,53,53,54,53,53,53,712.8347959518433
52,52,52,52,52,52,51,51,52,51,51,51,713.1227424144745
53,53,52,53,53,53,52,52,53,53,52,52,713.3946177959442
52,53,53,53,53,54,52,52,52,52,52,52,713.6827845573425
52,53,52,53,53,53,52,52,53,52,52,52,713.9546210765839
50,50,50,52,52,52,51,51,51,52,51,51,714.2426009178162
52,53,52,53,53,54,52,53,53,53,53,53,714.5080411434174
53,53,52,54,53,54,53,53,53,53,53,53,714.7671544551849
53,53,52,54,53,54,53,53,53,53,53,53,715.0270090103149
52,52,52,52,52,53,51,51,52,52,51,51,715.3146631717682
52,53,52,53,53,53,52,52,52,52,52,52,715.5868928432465
52,53,52,53,53,53,52,52,52,52,52,52,715.8748290538788
52,53,52,53,52,53,52,52,52,52,52,52,716.1468687057495
50,51,50,53,52,52,51,51,52,52,51,51,716.4348247051239
52,52,51,53,53,53,52,52,53,53,53,52,716.7068376541138
52,53,52,53,53,54,52,52,53,53,53,53,716.9946973323822
53,53,52,54,53,54,52,53,53,53,53,53,717.2669451236725
52,52,52,53,52,52,51,51,52,52,51,51,717.5546817779541
52,52,52,52,53,52,51,52,52,52,52,51,717.8265340328217
52,53,52,52,53,52,51,52,52,52,52,52,718.1147372722626
52,52,52,52,52,53,51,52,52,52,51,52,718.3865683078766
50,51,50,52,52,52,51,51,52,51,52,52,718.6746988296509
52,52,51,53,53,53,52,52,52,52,52,52,718.9463579654694
51,52,51,53,52,53,52,52,52,52,52,52,719.2346994876862
51,51,51,53,53,53,52,52,52,52,52,52,719.5067491531372
52,52,52,52,51,53,51,52,52,51,52,51,719.7957890033722
52,52,52,53,52,52,52,52,52,52,52,52,720.0663909912109
52,53,52,52,52,52,51,52,52,51,52,52,720.3543081283569
52,52,52,52,52,52,51,52,52,52,52,52,720.6266782283783
50,50,50,52,52,52,51,51,51,51,51,50,720.9143869876862
50,50,50,52,52,52,50,51,51,51,51,51,721.1863095760345
50,49,49,52,52,52,51,51,51,51,51,51,721.4742913246155
49,50,49,52,52,52,51,51,51,51,51,51,721.7462484836578
52,52,52,52,52,52,51,52,52,52,52,52,722.0343215465546
52,53,52,52,53,53,52,52,52,52,52,51,722.306126832962
52,53,52,53,53,53,52,52,52,52,52,52,722.5942702293396
52,53,52,53,53,53,51,52,52,52,52,52,722.8663067817688
50,50,50,52,52,52,51,51,51,51,51,51,723.1541609764099
50,50,50,52,52,52,50,51,51,51,51,51,723.4261207580566
50,51,50,52,52,52,51,51,51,51,51,51,723.7140197753906
50,50,50,52,52,52,51,51,51,51,51,51,723.986216545105
52,52,52,52,52,53,51,52,52,52,52,52,724.2739808559418
52,53,52,53,53,53,52,52,52,52,52,52,724.5459706783295
53,53,53,53,53,53,52,52,53,52,52,52,724.8342638015747
53,53,52,53,53,53,52,52,53,53,52,53,725.1058859825134
50,51,51,52,52,52,51,51,52,51,51,51,725.3939352035522
51,51,51,53,53,53,52,52,52,52,52,52,725.6659903526306
51,52,51,53,53,53,52,52,52,52,52,52,725.9541349411011
52,52,51,53,53,53,52,52,52,52,52,52,726.2259478569031
52,52,52,52,52,52,51,51,52,51,51,52,726.5138881206512
52,52,52,52,52,52,51,52,52,52,52,52,726.7861082553864
52,52,52,53,52,52,51,52,52,52,51,52,727.0738642215729
52,52,52,53,52,53,51,52,52,52,52,51,727.3458027839661
50,50,50,52,51,52,50,51,51,51,51,51,727.633763551712
51,51,51,52,52,52,51,51,52,52,52,51,727.9058349132538
51,51,50,52,52,52,51,51,51,52,51,51,728.1938097476959
51,50,51,52,52,52,51,51,52,52,52,51,728.4660687446594
52,52,52,52,52,53,51,51,52,52,52,51,728.7538132667542
52,53,52,53,52,53,52,52,52,52,52,52,729.0257294178009
52,53,52,52,53,52,51,52,52,52,52,51,729.3137621879578
52,53,52,53,53,52,52,52,52,52,52,51,729.5857281684875
49,51,50,52,52,52,51,51,51,51,51,51,729.8737683296204
50,51,51,52,52,52,50,51,51,51,51,51,730.1459157466888
51,51,49,52,52,52,51,51,51,51,51,51,730.4339377880096
50,51,49,52,52,52,51,51,51,51,51,51,730.706095457077
52,52,52,53,52,52,51,51,52,52,52,51,730.9940872192383
52,53,52,53,53,53,52,52,52,52,52,52,731.2659728527069
52,53,52,53,53,53,52,52,52,52,52,52,731.553778886795
52,53,52,53,53,53,52,52,52,52,52,52,731.8255610466003
50,50,50,52,52,52,51,51,51,51,51,51,732.1135935783386
50,51,50,52,52,52,51,51,52,51,51,51,732.3856647014618
51,51,50,52,52,52,51,51,51,51,51,51,732.6739037036896
51,51,50,52,52,52,51,51,52,52,51,51,732.9458405971527
52,52,52,52,52,52,51,51,52,51,51,51,733.2336068153381
52,53,52,53,53,53,52,52,52,52,52,52,733.5055558681488
52,53,52,53,53,53,52,52,52,52,52,51,733.7935254573822
52,53,52,52,53,53,51,52,52,52,52,52,734.0660696029663
50,50,50,51,51,52,50,51,51,51,51,50,734.3539216518402
51,52,51,52,52,53,51,52,52,52,52,52,734.6259076595306
52,52,52,53,53,53,52,52,53,53,53,52,734.9141099452972
52,53,52,53,53,53,52,52,53,53,53,52,735.1859695911407
51,51,51,52,51,51,50,51,51,50,50,51,735.4503474235535
51,52,51,51,52,52,51,51,51,51,51,51,735.6906640529633
51,52,51,52,52,52,51,51,51,51,51,51,735.9466552734375
51,52,51,52,52,52,51,51,51,51,51,51,736.186577796936
50,50,49,51,51,52,50,51,51,51,51,50,736.4426512718201
51,51,50,52,52,52,51,51,51,51,51,51,736.6825611591339
50,51,50,52,52,52,51,51,51,51,51,51,736.9386332035065
50,51,50,52,52,52,51,51,51,51,51,51,737.1786165237427
51,52,51,52,51,51,51,51,51,51,51,51,737.4347591400146
52,52,52,53,52,52,51,52,52,52,52,51,737.674747467041
52,53,52,52,52,52,51,52,52,51,52,52,737.9306576251984
52,52,52,52,53,52,51,52,52,52,52,52,738.1706256866455
49,51,50,52,51,52,51,51,51,51,51,51,738.4266500473022
50,50,50,52,52,52,51,51,51,51,51,51,738.6890826225281
51,52,51,53,53,53,52,52,52,52,52,52,738.977303981781
51,52,51,53,52,53,52,52,52,52,52,52,739.2494540214539
51,52,51,51,51,51,50,51,51,51,51,50,739.5374562740326
51,52,51,51,52,52,51,51,51,51,51,51,739.8092794418335
52,52,51,52,52,52,51,51,51,51,51,51,740.0972826480865
52,52,51,52,51,52,51,51,51,52,51,51,740.3691732883453
49,49,50,51,51,51,50,50,50,50,50,50,740.6570613384247
51,51,51,52,52,52,51,51,52,52,52,51,740.9292764663696
51,52,52,53,53,53,52,52,52,52,52,52,741.2173271179199
51,52,51,53,53,53,52,52,52,52,52,52,741.4893801212311
51,51,51,51,51,50,50,51,51,51,50,51,741.7773630619049
52,52,51,52,51,52,51,51,52,52,51,51,742.04922914505
51,52,51,52,52,52,51,51,52,52,51,51,742.3372886180878
52,52,51,52,52,52,51,51,52,52,51,51,742.6092901229858
49,49,48,51,51,51,50,50,50,50,50,49,742.8970584869385
50,51,50,52,51,52,51,51,51,51,51,50,743.168958902359
50,51,50,52,52,52,50,51,51,51,50,51,743.4570159912109
50,51,50,52,52,52,50,51,51,51,51,51,743.7289633750916
51,52,51,52,51,52,50,51,51,51,51,51,744.0175926685333
51,52,51,52,52,53,51,51,51,51,51,51,744.2889523506165
51,52,52,52,52,52,51,51,51,51,51,51,744.5773749351501
51,52,52,52,52,52,51,51,51,51,51,51,744.8492753505707
49,50,48,51,51,51,50,50,50,50,50,50,745.1371743679047
50,51,50,52,52,52,50,51,51,51,51,50,745.4093961715698
51,52,50,52,52,52,51,51,52,51,52,52,745.6971898078918
51,51,51,52,52,52,51,51,52,52,51,51,745.9693665504456
50,51,51,51,51,51,50,50,51,51,51,50,746.2571949958801
51,51,50,52,51,51,50,50,50,50,51,50,746.5292048454285
50,51,50,51,51,51,50,50,51,51,51,50,746.8171801567078
50,51,51,51,51,51,50,50,51,51,50,50,747.0892932415009
49,49,50,51,51,51,50,50,50,50,50,50,747.3771770000458
50,51,50,52,52,52,51,51,51,51,51,51,747.6491651535034
50,51,50,52,52,52,51,51,52,51,52,51,747.9370484352112
51,51,51,52,52,52,51,51,52,52,52,51,748.2089126110077
50,51,50,51,51,50,50,50,50,50,50,50,748.4970362186432
50,51,50,51,51,51,50,50,50,51,51,50,748.7689507007599
50,51,50,51,50,51,50,50,50,50,50,50,749.0569179058075
51,51,50,51,50,51,50,50,51,50,50,50,749.3290495872498
49,49,48,51,51,51,49,50,50,50,50,50,749.6168818473816
49,49,50,51,51,51,50,50,51,50,50,50,749.888697385788
49,49,49,51,51,51,50,50,51,50,50,50,750.1771748065948
49,50,50,51,51,51,50,50,51,50,50,50,750.449047088623
51,51,50,51,51,50,50,50,51,51,50,50,750.7371046543121
51,51,51,51,51,51,50,50,51,51,51,50,751.0088679790497
51,51,51,51,51,51,50,51,51,51,50,51,751.2968742847443
51,51,51,52,51,52,50,51,51,51,51,50,751.568799495697
48,48,48,50,50,50,49,49,49,50,50,49,751.8568723201752
48,48,48,50,50,50,49,49,50,49,49,48,752.1288723945618
48,48,47,50,50,50,49,49,50,49,49,49,752.4167475700378
48,48,47,50,50,50,49,49,49,49,49,48,752.6886365413666
50,51,50,51,50,50,50,50,51,50,50,50,752.9767799377441
51,51,50,51,50,52,50,50,51,51,51,51,753.2486872673035
51,51,51,52,51,51,50,50,51,51,51,51,753.5136096477509
51,51,50,52,51,52,50,51,51,51,51,51,753.7536468505859
48,48,47,50,50,50,49,49,49,49,49,49,754.009523153305
48,48,48,50,50,50,49,49,49,49,49,48,754.2497329711914
49,49,48,51,50,51,50,50,50,50,50,50,754.5053150653839
50,49,49,51,51,51,50,50,51,51,51,50,754.7453479766846
50,50,50,50,50,50,49,49,50,50,50,49,755.0013263225555
50,51,50,51,50,50,50,50,50,50,50,50,755.2412474155426
50,51,50,50,51,50,49,50,50,50,50,50,755.4972922801971
50,50,50,51,50,51,50,50,50,50,50,50,755.7374134063721
49,49,48,50,50,50,49,49,49,49,49,49,755.9965734481812
49,50,49,51,50,51,49,50,50,50,50,50,756.2334685325623
49,50,50,51,51,51,50,50,50,51,50,50,756.4894707202911
49,50,49,51,51,51,50,50,51,50,51,50,756.7294442653656
49,50,49,50,50,49,49,49,49,50,49,49,756.985434293747
50,50,50,51,51,51,49,50,50,50,49,50,757.2252440452576
50,50,50,50,51,49,49,50,50,50,50,49,757.481184720993
50,51,50,51,50,50,50,50,50,50,50,50,757.7211527824402
48,49,48,50,49,50,49,49,49,49,49,48,757.9773995876312
48,48,47,50,50,50,49,49,49,49,49,49,758.2171454429626
48,48,49,50,50,50,49,49,49,49,49,49,758.4731960296631
49,48,48,50,50,50,49,49,49,49,49,49,758.7132580280304
49,50,49,50,50,50,49,49,49,50,49,49,758.9692809581757
50,50,50,51,50,50,49,50,50,50,50,50,759.2253682613373
50,51,50,51,51,51,49,50,50,50,50,50,759.4881947040558
50,51,50,51,51,51,50,50,50,50,50,50,759.7598524093628
48,48,47,49,49,50,48,49,49,49,49,48,760.0480165481567
50,50,49,50,51,51,50,50,51,50,50,50,760.3357763290405
50,50,50,51,50,51,50,50,51,51,50,50,760.6239161491394
50,50,50,51,51,51,50,50,51,51,50,50,760.9118571281433
51,52,51,52,52,52,51,51,51,51,51,51,761.1998789310455
52,53,52,53,53,53,52,52,52,53,52,52,761.4682514667511
53,53,53,53,53,54,52,52,53,53,53,53,761.7602984905243
53,53,53,53,53,54,52,53,53,53,53,53,762.0483365058899
53,54,53,54,53,54,53,53,53,53,53,53,762.3364238739014
53,54,53,54,54,54,53,53,53,53,53,53,762.6242158412933
53,54,53,54,54,54,53,53,53,53,53,53,762.9122788906097
53,54,53,54,54,54,53,53,53,53,53,53,763.2001738548279
53,54,53,54,54,54,53,53,54,54,53,53,763.4877164363861
53,54,53,54,54,54,53,53,54,54,54,53,763.77614569664
53,54,53,54,54,54,53,53,54,54,54,53,764.0640659332275
53,54,53,54,54,54,53,53,54,54,54,53,764.3521475791931
53,54,53,54,54,54,53,53,54,54,54,53,764.639886379242
53,54,53,54,54,54,53,53,54,54,54,53,764.9278724193573
54,54,53,54,54,54,53,53,54,54,53,53,765.1953778266907
53,54,53,54,54,54,53,53,54,54,54,53,765.4509427547455
54,54,53,54,54,54,53,53,54,54,53,53,765.6910073757172
50,51,50,51,51,52,50,50,50,50,50,50,765.9469068050385
52,53,52,53,53,53,52,52,52,52,52,52,766.1869692802429
52,53,52,53,53,53,52,52,52,52,52,52,766.4428741931915
52,53,52,53,53,53,52,52,52,52,52,52,766.6826868057251
50,51,50,51,51,51,50,50,51,50,50,50,766.9392783641815
51,52,51,52,52,52,51,51,51,51,51,51,767.1788046360016
51,52,51,52,52,52,51,51,52,51,51,51,767.4324340820312
51,52,51,52,52,52,51,51,51,51,51,51,767.6727492809296
49,50,49,51,50,51,49,50,50,50,50,50,767.9286985397339
50,51,50,52,51,52,50,51,51,51,51,51,768.1687023639679
51,51,51,52,52,52,51,51,51,51,51,51,768.4247372150421
51,51,50,52,52,52,51,51,52,51,52,51,768.6645176410675
50,50,50,51,50,51,49,49,50,50,50,50,768.920567035675
51,52,51,52,52,52,51,51,51,51,51,51,769.160728931427
52,52,51,52,52,52,51,51,52,51,51,51,769.4185285568237
51,52,51,52,52,52,51,51,52,52,51,51,769.6584639549255
49,48,48,50,50,50,49,49,49,49,49,49,769.9147863388062
49,48,48,50,50,50,49,50,50,50,50,49,770.1594049930573
49,49,49,50,50,50,49,50,49,49,50,49,770.4243845939636
49,49,49,50,50,50,49,49,49,49,49,49,770.6646440029144
50,50,50,50,50,51,49,50,50,50,50,50,770.9205031394958
51,51,51,51,51,51,50,51,51,51,51,50,771.1624886989594
51,52,51,52,51,51,51,51,51,51,51,51,771.4187593460083
51,52,51,52,51,52,51,51,51,51,51,51,771.6583898067474
48,47,47,49,49,49,48,48,49,49,49,49,771.9144504070282
49,50,49,51,51,51,50,50,50,50,51,50,772.1543667316437
50,51,51,52,52,52,51,51,51,52,51,51,772.4083724021912
51,51,50,52,52,52,51,51,51,52,52,51,772.6481447219849
49,50,49,49,49,50,49,49,49,49,49,49,772.9041934013367
50,51,50,51,50,50,50,50,50,50,50,50,773.1441686153412
50,51,50,51,51,51,50,50,50,50,50,50,773.4004333019257
50,51,50,51,50,51,50,50,50,50,50,50,773.6403429508209
48,48,47,50,50,50,49,49,49,49,49,49,773.8963384628296
50,50,50,51,51,52,50,51,51,51,51,51,774.1432733535767
51,51,51,52,52,52,51,51,51,51,51,51,774.4309589862823
50,51,50,52,52,52,51,51,51,51,51,51,774.703319311142
49,50,49,50,50,50,49,49,49,50,49,49,774.9909145832062
51,51,51,51,51,52,50,51,51,51,51,51,775.2631239891052
51,51,51,51,51,52,50,51,51,51,51,51,775.5513696670532
51,52,51,52,52,51,50,51,51,51,51,50,775.82306432724
47,47,47,49,49,49,48,48,49,49,48,48,776.1110844612122
49,49,48,50,50,50,49,49,50,50,50,49,776.3830885887146
49,49,48,50,50,50,49,49,49,50,49,50,776.6709234714508
49,49,49,50,50,50,49,49,50,50,50,49,776.9429631233215
49,50,49,49,50,49,49,49,49,49,49,49,777.2309520244598
50,51,50,51,50,50,50,50,51,51,51,50,777.5028743743896
51,51,51,51,51,51,50,50,51,51,50,50,777.7909135818481
51,51,51,51,51,51,50,50,51,51,51,51,778.0631487369537
47,48,47,49,49,50,48,49,49,49,49,49,778.3508191108704
49,50,49,51,51,51,50,50,50,50,50,50,778.6229519844055
51,51,51,52,52,52,51,51,52,51,51,51,778.9110200405121
51,51,50,52,52,52,51,51,51,51,51,51,779.1830027103424
49,49,48,49,49,48,48,48,49,49,48,48,779.4711446762085
49,50,49,50,50,51,49,49,49,49,49,49,779.7430465221405
49,50,49,50,49,49,49,49,50,49,49,49,780.0308446884155
50,50,49,50,50,50,49,49,49,50,49,49,780.3094139099121
48,49,48,50,49,50,49,49,49,49,49,49,780.6074271202087
50,51,51,51,51,52,51,51,51,51,51,51,780.8795592784882
51,51,51,52,52,52,51,51,52,52,51,51,781.1675972938538
51,51,51,52,52,52,51,51,52,52,52,51,781.4395592212677
48,49,48,49,48,49,48,48,48,48,48,48,781.7274730205536
49,49,49,50,50,50,48,48,49,49,49,49,782.0020418167114
49,50,49,50,50,50,49,49,49,49,49,49,782.2873454093933
49,50,49,50,50,50,49,49,49,49,49,49,782.5594987869263
47,48,47,49,49,49,48,48,49,49,49,48,782.847329378128
50,51,50,51,51,51,50,51,51,51,51,51,783.1194915771484
50,51,50,52,51,52,51,51,51,51,51,51,783.4074077606201
50,51,50,52,52,52,51,51,51,51,51,51,783.6791987419128
48,48,48,49,48,49,47,48,48,48,48,47,783.9672706127167
49,50,49,50,50,50,49,49,50,50,49,49,784.2390615940094
50,50,50,51,50,50,49,50,50,50,50,50,784.5271420478821
50,50,50,50,50,50,49,50,50,50,50,49,784.7991104125977
47,48,46,49,49,49,48,48,48,48,48,48,785.0870594978333
50,50,50,51,51,51,50,50,51,51,51,50,785.3587446212769
51,51,50,51,51,51,51,51,51,51,51,51,785.6470665931702
51,51,50,52,52,52,51,51,51,51,51,51,785.9192888736725
48,48,47,48,47,48,47,47,48,47,47,47,786.2068877220154
48,49,48,49,49,48,48,48,48,48,48,48,786.4789192676544
48,48,48,49,49,49,48,48,48,48,48,48,786.7669558525085
48,49,48,48,48,48,48,48,48,48,47,48,787.0391662120819
47,47,47,48,48,49,47,48,48,48,48,48,787.3272047042847
50,50,49,51,51,51,50,50,50,50,50,50,787.5988688468933
50,50,49,51,51,51,50,50,51,51,50,50,787.8869104385376
50,50,49,51,51,51,50,50,51,51,51,50,788.1586842536926
47,48,47,48,48,48,47,47,47,47,47,46,788.4468786716461
48,49,48,49,49,49,48,48,48,48,48,48,788.7186517715454
48,49,48,49,49,49,48,48,48,48,48,48,789.006594657898
48,49,48,49,49,49,48,48,48,48,48,48,789.2786908149719
47,47,46,48,48,48,47,47,48,47,48,47,789.5666501522064
50,50,50,51,50,51,50,50,50,50,50,50,789.8386173248291
50,51,50,51,51,51,50,50,51,51,51,50,790.1261034011841
50,50,49,51,51,51,50,50,51,51,51,50,790.3979842662811
47,48,47,48,48,48,47,47,47,47,47,47,790.6860201358795
48,49,48,49,48,48,48,48,48,48,48,48,790.9582855701447
48,49,48,49,49,49,48,48,48,48,48,48,791.2463021278381
48,48,48,49,49,49,48,48,48,48,48,48,791.5182247161865
46,46,46,48,48,48,47,47,47,47,47,47,791.8064436912537
49,49,48,50,50,50,49,49,50,50,50,49,792.0785164833069
49,50,49,51,50,51,49,50,50,50,50,50,792.3662481307983
50,50,49,51,51,51,50,50,50,50,50,50,792.6381216049194
46,47,46,47,47,46,46,46,46,46,46,46,792.9259960651398
48,48,48,48,48,48,47,48,48,47,47,47,793.1983976364136
48,48,48,48,48,48,47,47,48,48,48,47,793.4860689640045
48,48,47,48,48,48,47,47,48,48,48,47,793.7582483291626
44,45,44,46,46,47,45,45,46,45,46,46,794.0460755825043
47,48,47,49,49,49,48,48,48,49,48,48,794.3180458545685
49,48,48,50,49,50,49,49,49,49,49,49,794.6060276031494
48,49,48,50,50,50,49,49,50,50,50,49,794.8755626678467
45,45,45,46,45,46,44,45,44,45,44,44,795.1277823448181
46,46,46,47,47,46,46,46,46,46,46,46,795.3739399909973
46,47,46,47,47,47,46,46,46,46,46,46,795.6616921424866
46,47,46,47,46,47,46,46,46,46,46,46,795.9337124824524
43,44,43,45,45,45,44,44,44,45,45,44,796.2217299938202
45,46,46,47,47,47,46,46,47,47,47,46,796.4937596321106
48,48,47,49,49,49,48,48,49,49,49,48,796.781907081604
51,51,50,51,51,51,50,51,51,51,51,50,797.0540556907654
51,52,51,52,52,52,51,51,51,51,51,51,797.3419759273529
51,52,51,52,52,52,51,51,52,51,52,51,797.6137285232544
52,52,52,52,52,52,51,51,52,52,52,52,797.9017894268036
52,52,52,52,52,53,51,52,52,52,52,52,798.1735634803772
51,52,51,52,52,52,51,51,51,51,51,51,798.4617595672607
51,52,51,52,52,52,51,51,52,52,51,51,798.7337799072266
51,52,51,52,52,52,51,51,52,52,52,52,799.0217700004578
52,52,52,52,52,52,51,51,52,52,51,51,799.2934677600861
46,46,45,47,47,47,46,46,46,46,46,46,799.5815365314484
49,50,50,50,50,50,49,49,50,50,50,49,799.8533797264099
50,51,50,51,51,51,50,50,50,50,50,50,800.1414132118225
50,51,50,51,51,51,50,50,50,50,50,50,800.4135339260101
43,43,43,45,45,46,44,44,45,44,45,43,800.7014465332031
48,48,48,49,49,49,48,48,49,49,49,48,800.9735081195831
49,50,49,50,50,51,49,50,50,50,50,50,801.2614405155182
50,50,49,51,51,51,50,50,50,50,50,50,801.5335166454315
46,46,46,47,46,47,46,46,46,46,46,45,801.8216626644135
48,48,48,49,48,48,47,47,48,48,48,48,802.0932331085205
48,48,48,49,49,49,48,48,48,48,48,48,802.3813800811768
48,48,48,48,48,48,48,48,48,48,48,48,802.6532158851624
42,43,43,45,45,45,44,44,44,44,44,44,802.9414072036743
45,46,46,47,47,47,46,47,47,46,47,47,803.2135148048401
48,49,49,50,50,50,49,49,49,49,49,49,803.5015776157379
49,49,48,50,50,50,49,49,50,49,49,49,803.7734491825104
43,44,43,44,44,45,43,43,44,44,43,44,804.0616490840912
44,45,44,45,45,45,44,44,44,44,44,44,804.3330960273743
44,44,44,45,45,45,44,44,44,44,44,44,804.6213893890381
44,44,44,45,44,44,44,44,44,44,44,44,804.8932492733002
42,42,41,44,43,44,43,43,43,43,43,43,805.1821105480194
46,46,45,47,47,48,47,47,47,47,47,47,805.4532465934753
48,47,47,49,49,49,48,48,48,48,48,48,805.7412443161011
48,48,48,49,49,49,48,48,48,49,49,48,806.0131549835205
40,40,40,41,40,40,39,40,40,40,40,39,806.3011553287506
39,39,39,40,38,39,38,39,39,39,39,38,806.5731925964355
38,38,38,39,39,38,38,38,38,38,38,37,806.8545219898224
38,38,37,38,38,38,37,37,38,37,37,37,807.0944654941559
37,38,38,39,39,39,39,39,39,39,39,39,807.3504745960236
38,39,38,40,40,40,39,39,40,40,40,40,807.5905182361603
38,39,38,40,40,40,39,40,40,40,40,39,807.8464121818542
38,38,37,40,40,40,39,39,40,40,40,40,808.0864090919495
36,36,36,36,36,37,35,35,36,35,36,35,808.3424880504608
36,36,36,36,36,36,36,36,36,36,36,35,808.5824460983276
36,36,36,36,36,37,36,36,36,36,36,35,808.8383274078369
36,36,36,37,36,37,36,36,36,36,36,36,809.0940158367157
36,37,37,39,38,39,38,38,38,38,38,38,809.3498954772949
38,38,38,39,39,39,38,38,38,39,38,38,809.6060571670532
38,38,37,39,39,39,38,38,38,38,38,38,809.8619465827942
38,38,38,39,38,39,38,38,38,38,38,37,810.1179010868073
38,38,38,39,39,39,38,38,38,38,38,37,810.3741314411163
38,38,37,39,39,38,38,38,38,38,38,38,810.630065202713
38,38,38,39,39,39,38,38,38,38,38,38,810.9093134403229
44,45,45,45,45,45,44,44,45,45,44,44,811.1972789764404
46,47,47,47,47,47,46,46,47,47,46,46,811.4853024482727
47,48,47,48,48,48,47,47,48,48,47,47,811.7731580734253
48,48,48,49,49,49,48,48,48,48,48,48,812.0611910820007
48,49,48,49,49,49,48,48,49,49,49,48,812.3491461277008
49,49,48,49,49,49,48,49,49,49,49,49,812.6373794078827
49,49,49,50,49,50,49,49,49,49,49,49,812.9251801967621
49,49,49,49,49,50,49,49,49,49,49,49,813.21333360672
49,50,49,50,50,50,49,49,50,49,49,49,813.5019843578339
49,50,49,50,50,50,49,49,50,50,50,49,813.7905752658844
49,50,49,50,50,50,49,49,50,50,50,49,814.0808699131012
49,50,49,50,50,50,49,50,50,50,50,50,814.3651478290558
49,50,49,50,50,50,49,49,50,50,50,50,814.6527523994446
50,50,49,50,50,50,49,50,50,50,50,50,814.9408957958221
50,50,50,50,50,51,49,50,50,50,50,50,815.2289974689484
50,50,50,50,50,51,50,50,50,50,50,50,815.517240524292
50,50,50,50,50,51,50,50,50,50,50,50,815.8048465251923
50,50,50,51,51,51,50,50,50,50,50,50,816.0938725471497
50,50,50,51,50,51,50,50,50,50,50,50,816.3808484077454
50,50,50,51,50,51,49,50,50,50,50,50,816.668607711792
50,50,50,51,51,50,50,50,50,50,50,50,816.9576392173767
50,50,50,51,51,51,50,50,50,50,50,50,817.2446992397308
50,50,50,51,50,51,50,50,50,50,50,50,817.5328118801117
50,50,50,51,50,51,50,50,50,50,50,50,817.8208355903625
50,50,50,51,51,51,50,50,50,50,50,50,818.1087725162506
50,51,50,51,51,51,50,50,51,50,50,50,818.396541595459
50,51,50,51,51,51,50,50,50,50,50,50,818.6846671104431
50,51,50,51,51,51,50,50,50,50,50,50,818.9726066589355
50,51,50,51,51,51,50,50,50,50,50,50,819.2605237960815
50,51,50,51,51,51,50,50,51,50,50,50,819.5484375953674
50,51,50,51,51,51,50,50,50,50,50,50,819.8362386226654
50,51,50,51,51,51,50,50,51,51,51,50,820.1242113113403
50,51,50,51,51,51,50,50,51,51,50,50,820.4123165607452
50,51,50,51,51,51,50,50,51,51,51,50,820.7001714706421
50,51,50,51,51,51,50,50,50,51,50,50,820.9886305332184
50,51,50,51,51,51,50,50,51,51,50,50,821.2764308452606
50,51,50,51,51,51,50,50,51,51,51,50,821.5644319057465
50,51,50,51,51,51,50,50,51,51,51,50,821.8522639274597
50,51,50,51,51,51,50,50,51,51,51,50,822.140444278717
50,51,50,51,51,51,50,50,51,51,50,51,822.4283654689789
50,51,50,51,51,51,50,51,51,51,51,50,822.71644282341
50,51,50,51,51,51,50,50,51,51,51,50,823.0041453838348
50,51,50,51,51,51,50,50,51,51,51,50,823.2923309803009
50,51,50,51,51,51,50,50,51,51,51,50,823.5801138877869
50,51,50,51,51,51,50,50,51,51,51,50,823.8682553768158
50,51,50,51,51,51,50,50,51,51,51,50,824.1562526226044
50,51,50,51,51,51,50,50,51,51,51,50,824.444287776947
50,51,50,51,51,51,50,50,51,51,51,50,824.7323226928711
50,51,50,51,51,51,50,50,51,51,51,51,825.0200481414795
50,51,50,51,51,51,50,50,51,51,51,51,825.3082792758942
50,51,50,51,51,51,50,50,51,51,51,50,825.5959527492523
51,51,50,51,51,51,50,50,51,51,51,51,825.8841302394867
50,51,50,51,51,51,50,50,51,51,51,51,826.1719501018524
50,51,50,51,51,51,50,50,51,51,51,51,826.4602394104004
50,51,50,51,51,51,50,51,51,51,51,51,826.7480142116547
50,51,51,51,51,51,50,51,51,51,51,50,827.0362334251404
50,51,50,51,51,51,50,50,51,51,51,51,827.3242697715759
50,51,50,51,51,51,50,50,51,51,51,51,827.6123247146606
50,51,50,51,51,51,50,50,51,51,51,51,827.9001252651215
50,51,50,51,51,51,50,50,51,51,51,51,828.1882627010345
50,51,50,51,51,51,50,50,51,51,51,51,828.476202249527
50,51,50,51,51,51,50,50,51,51,51,51,828.7640640735626
51,51,50,51,51,51,50,51,51,51,51,51,829.0521545410156
50,51,50,51,51,51,50,50,51,51,51,51,829.339849948883
51,51,50,51,51,51,50,51,51,51,51,51,829.6279947757721
50,51,50,51,51,52,50,50,51,51,51,51,829.9160592556
51,51,50,51,51,51,50,51,51,51,51,51,830.2041583061218
50,51,50,51,51,51,50,51,51,51,51,51,830.4920799732208
50,51,50,51,51,51,50,51,51,51,51,51,830.7803087234497
50,51,50,51,51,51,50,51,51,51,51,51,831.0681307315826
50,51,50,51,51,51,50,50,51,51,51,51,831.3555970191956
50,51,50,51,51,51,50,50,51,51,51,51,831.6437342166901
50,51,50,51,51,51,50,51,51,51,51,50,831.9317502975464
50,51,51,51,51,51,50,51,51,51,51,51,832.2197933197021
50,51,50,51,51,51,50,51,51,51,51,51,832.5078055858612
50,51,50,51,51,51,50,51,51,51,51,51,832.7959182262421
51,51,50,51,51,51,50,51,51,51,51,51,833.0836839675903
51,51,50,51,51,52,50,51,51,51,51,51,833.3717164993286
50,51,50,51,51,51,50,51,51,51,51,51,833.6596097946167
51,51,51,51,51,51,50,51,51,51,51,51,833.9481599330902
50,51,50,51,51,51,50,51,51,51,51,51,834.236430644989
51,51,50,51,51,51,50,51,51,51,51,51,834.5241649150848
51,51,50,51,51,52,50,51,51,51,51,51,834.795836687088
40,40,40,42,41,42,40,40,40,40,40,40,835.0839214324951
42,42,41,43,42,42,41,42,42,42,42,41,835.355800151825
41,42,42,43,42,43,41,41,42,42,42,42,835.6437420845032
41,41,40,42,42,42,41,41,41,41,41,41,835.9157085418701
40,40,40,41,41,41,40,40,40,40,41,40,836.2037148475647
49,49,48,49,49,49,48,48,49,49,49,49,836.4916484355927
49,50,49,50,50,50,49,49,49,49,49,49,836.7795469760895
49,50,49,50,50,50,49,49,50,50,50,49,837.0676119327545
50,50,50,50,50,50,49,50,50,50,50,50,837.3555641174316
50,50,50,50,50,51,49,50,50,50,50,50,837.6435985565186
50,50,50,50,50,51,50,50,50,50,50,50,837.931608915329
50,50,50,51,50,51,50,50,50,50,50,50,838.219583272934
50,50,50,51,50,51,50,50,50,50,50,50,838.5076675415039
50,51,50,51,50,51,50,50,50,50,50,50,838.7957811355591
50,50,50,51,51,51,50,50,50,50,50,50,839.0835616588593
50,51,50,51,51,51,50,50,50,50,50,50,839.3715991973877
50,51,50,51,51,51,50,50,50,50,50,50,839.6596105098724
50,51,50,51,51,51,50,50,50,50,50,50,839.9477500915527
50,51,50,51,51,51,50,50,50,51,50,50,840.2359657287598
50,51,50,51,51,51,50,50,50,50,50,50,840.5238530635834
50,51,50,51,51,51,50,50,51,50,50,50,840.8115921020508
50,51,50,51,51,51,50,50,50,50,50,50,841.0995388031006
50,51,50,51,51,51,50,50,51,50,50,50,841.3876991271973
50,51,50,51,51,51,50,50,50,50,50,50,841.6757283210754
50,51,50,51,51,51,50,50,50,50,50,50,841.9447011947632
50,51,50,51,51,51,50,50,50,50,50,50,842.2125499248505
50,51,50,51,51,51,50,50,50,50,50,50,842.4683938026428
50,51,50,51,51,51,50,50,51,51,50,50,842.7486698627472
50,51,50,51,51,51,50,50,50,51,50,50,843.0362772941589
50,51,50,51,51,51,50,50,50,50,50,50,843.3246378898621
50,51,50,51,51,51,50,50,51,50,50,50,843.6108493804932
50,51,50,51,51,51,50,50,50,50,50,50,843.8989553451538
50,51,50,51,51,51,50,50,51,50,51,50,844.1869609355927
50,51,50,51,51,51,50,50,50,51,50,50,844.4751257896423
50,51,50,51,51,51,50,50,51,50,50,50,844.7630434036255
50,51,50,51,51,51,50,50,51,51,50,50,845.0508952140808
50,51,50,51,51,51,50,50,50,51,50,50,845.3388671875
50,51,50,51,51,51,50,50,50,50,50,50,845.6266603469849
50,51,50,51,51,51,50,50,51,50,50,50,845.9147884845734
50,51,50,51,51,51,50,50,50,51,50,50,846.2031219005585
50,51,50,51,51,51,50,50,50,50,50,50,846.490651845932
50,51,50,51,51,51,50,50,51,50,51,50,846.7789034843445
50,51,50,51,51,51,50,50,51,51,50,50,847.0665440559387
50,51,50,51,51,51,50,50,51,50,51,50,847.3548452854156
50,51,50,51,51,51,50,50,51,50,51,50,847.642706155777
50,51,50,51,51,51,50,50,51,50,50,50,847.930873632431
50,51,50,51,51,51,50,50,50,51,50,50,848.2187733650208
50,51,50,51,51,51,50,50,51,51,51,50,848.5068457126617
50,51,50,51,51,51,50,50,51,50,50,50,848.7945320606232
50,51,50,51,51,51,50,50,51,51,50,50,849.0828056335449
50,51,50,51,51,51,50,50,51,51,50,50,849.3705508708954
50,51,50,51,51,51,50,50,51,51,50,50,849.6585705280304
50,51,50,51,51,51,50,50,50,51,51,50,849.9465103149414
50,51,50,51,51,51,50,50,51,51,50,50,850.2347254753113
50,51,50,51,51,51,50,50,51,51,50,50,850.5227947235107
50,51,50,51,51,51,50,50,51,51,50,50,850.8108191490173
50,51,50,51,51,51,50,50,51,51,50,50,851.0988929271698
50,51,50,51,51,51,50,50,51,50,50,50,851.386641740799
51,51,51,51,51,52,50,51,51,51,51,51,851.6746337413788
51,52,51,52,51,52,51,51,51,51,51,51,851.9627227783203
51,51,51,52,51,52,51,51,51,51,51,51,852.2502827644348
51,52,51,52,52,52,51,51,51,51,51,51,852.5384862422943
51,51,51,51,51,52,50,51,51,51,51,51,852.8261203765869
51,51,51,52,51,52,50,51,51,51,51,51,853.1144232749939
51,51,51,51,51,52,50,50,51,51,51,51,853.402348279953
51,51,50,51,51,52,50,50,51,51,51,51,853.6901171207428
51,51,51,51,51,52,50,51,51,51,51,50,853.9784345626831
51,51,51,51,51,52,50,51,51,51,51,51,854.2684750556946
51,51,51,51,51,52,50,51,51,51,51,51,854.5558574199677
51,51,51,51,51,52,50,51,51,51,51,51,854.8423433303833
51,51,51,51,51,52,50,51,51,51,51,51,855.130081653595
51,51,51,51,51,52,50,51,51,51,51,51,855.4182617664337
51,51,51,51,51,51,50,50,51,51,51,51,855.7064015865326
51,51,51,51,51,51,50,50,51,51,51,51,855.994371175766
51,51,51,51,51,51,50,51,51,51,51,50,856.2822759151459
51,51,50,51,51,51,50,50,51,51,51,51,856.569846868515
51,51,51,51,51,52,50,50,51,51,51,51,856.8582282066345
51,51,50,51,51,52,50,51,51,51,51,51,857.1461610794067
51,51,50,51,51,52,50,51,51,51,51,51,857.4345681667328
51,51,51,51,51,52,50,51,51,51,51,51,857.7224371433258
51,51,51,51,51,51,50,50,51,51,51,51,858.0106446743011
51,51,51,51,51,52,50,51,51,51,51,51,858.2984664440155
51,51,51,51,51,52,50,50,51,51,51,51,858.5865640640259
51,51,50,51,51,52,50,51,51,51,51,50,858.8743464946747
51,51,51,51,51,52,50,51,51,51,51,51,859.1623663902283
51,51,50,51,51,51,50,50,51,51,51,51,859.4503393173218
51,51,51,51,51,51,50,51,51,51,51,51,859.7383608818054
51,51,51,51,51,51,50,51,51,51,51,50,860.026421546936
51,51,50,51,51,52,50,50,51,51,51,51,860.3142759799957
51,51,50,51,51,51,50,51,51,51,51,51,860.6023898124695
51,51,51,51,51,51,50,51,51,51,51,51,860.8902609348297
51,51,51,51,51,51,50,51,51,51,51,51,861.1782915592194
51,51,51,51,51,51,50,50,51,51,51,51,861.4662396907806
51,51,51,51,51,51,50,51,51,51,51,51,861.7542967796326
51,51,51,51,51,51,50,51,51,51,51,51,862.0420608520508
51,51,50,51,51,51,50,50,51,51,51,51,862.3300273418427
51,51,51,51,51,51,50,51,51,51,51,50,862.6177685260773
51,51,51,51,51,51,50,50,51,51,51,51,862.9057686328888
51,51,51,51,51,52,50,51,51,51,51,51,863.1943385601044
51,51,51,51,51,52,50,51,51,51,51,51,863.4818460941315
51,51,51,51,51,51,50,51,51,51,51,51,863.7698245048523
51,51,51,51,51,52,50,50,51,51,51,51,864.0577981472015
51,51,50,51,51,51,50,51,51,51,51,51,864.3461470603943
51,51,50,51,51,51,50,50,51,51,51,51,864.6341409683228
51,51,51,51,51,51,50,51,51,51,51,50,864.922238111496
51,51,51,51,51,52,50,51,51,51,51,50,865.2096376419067
51,51,50,51,51,51,50,51,51,51,51,50,865.4988763332367
51,51,51,51,51,52,50,51,51,51,51,51,865.7868504524231
51,51,51,51,51,51,50,51,51,51,51,51,866.0750169754028
51,51,50,51,51,51,50,51,51,51,51,51,866.3623604774475
51,51,50,51,51,52,50,50,51,51,51,51,866.6503837108612
51,51,51,51,51,51,50,51,51,51,51,51,866.9396679401398
51,51,50,51,51,52,50,50,51,51,51,51,867.2257664203644
51,51,51,51,51,52,50,50,51,51,51,50,867.5143775939941
51,51,51,51,51,51,50,50,51,51,51,50,867.8019139766693
51,51,51,51,51,51,50,51,51,51,51,51,868.0897142887115
51,51,51,51,51,51,50,51,51,51,51,51,868.3775315284729
51,51,51,51,51,51,50,51,51,51,51,51,868.6655085086823
51,51,51,51,51,51,50,51,51,51,51,51,868.9535613059998
51,51,51,51,51,51,50,51,51,51,51,50,869.2421991825104
50,51,50,51,51,52,50,50,51,51,51,51,869.529393196106
51,51,51,51,51,51,50,50,51,51,51,51,869.817645072937
51,51,51,51,51,51,50,50,51,51,51,50,870.1056480407715
51,51,51,51,51,51,50,50,51,51,51,51,870.4105038642883
51,51,51,51,51,51,50,50,51,51,50,50,870.6983194351196
51,51,50,51,51,51,50,51,51,51,51,50,870.9862184524536
50,51,50,51,51,51,50,50,51,51,51,51,871.273904800415
51,51,51,51,51,51,50,50,51,51,51,50,871.5618686676025
51,51,50,51,51,51,50,50,51,51,51,51,871.8495581150055
51,51,50,51,51,52,50,51,51,51,51,51,872.1375911235809
51,51,51,51,51,51,50,50,51,51,51,50,872.4257397651672
51,51,50,51,51,51,50,50,51,51,51,50,872.713761806488
51,51,51,51,51,51,50,50,51,51,51,51,873.0019636154175
51,51,50,51,51,51,50,50,51,51,51,50,873.2897396087646
51,51,50,51,51,51,50,50,51,51,51,50,873.5777895450592
51,51,51,51,51,51,50,50,51,51,51,50,873.8654370307922
51,51,51,51,51,52,50,50,51,51,51,50,874.1538970470428
51,51,50,51,51,51,50,50,51,51,51,50,874.4417078495026
51,51,51,51,51,51,50,51,51,51,51,50,874.7303049564362
50,51,51,51,51,51,50,50,51,51,51,50,875.0176358222961
51,51,50,51,51,51,50,50,51,51,51,50,875.3056111335754
51,51,50,51,51,51,50,51,51,51,51,50,875.5949330329895
51,51,50,51,51,51,50,50,51,51,51,50,875.8581573963165
51,51,51,51,51,51,50,50,51,51,51,50,876.114095211029
51,51,50,51,51,51,50,50,51,51,50,50,876.3703496456146
51,51,50,51,51,51,50,50,51,51,51,50,876.6265535354614
51,51,51,51,51,51,50,50,51,51,51,50,876.8823702335358
50,51,50,51,51,51,50,50,51,51,51,50,877.1381299495697
51,51,51,51,51,51,50,50,51,51,51,50,877.3943486213684
50,51,50,51,51,51,50,50,50,51,51,50,877.6505925655365
51,51,50,51,51,51,50,50,51,51,51,51,877.9061987400055
51,51,50,51,51,51,50,50,51,51,51,50,878.1623938083649
51,51,50,51,51,51,50,50,51,51,51,50,878.4417073726654
51,51,50,51,51,51,50,50,51,51,51,50,878.7333519458771
51,51,50,51,51,51,50,50,51,51,51,50,879.0176656246185
50,51,51,51,51,51,50,50,51,51,51,50,879.3052361011505
50,51,50,51,51,51,50,50,51,51,51,50,879.5928404331207
51,51,50,51,51,51,50,50,51,51,51,50,879.8808920383453
50,51,50,51,51,51,50,50,51,51,51,50,880.1688239574432
50,51,50,51,51,51,50,50,51,51,51,50,880.4576714038849
51,51,51,51,51,51,50,50,51,51,51,50,880.7452020645142
50,51,51,51,51,51,50,50,51,51,50,50,881.0328571796417
50,51,50,51,51,51,50,50,51,51,51,50,881.3208827972412
51,51,50,51,51,51,50,50,50,50,50,50,881.6088628768921
51,51,50,51,51,51,50,50,51,51,51,50,881.8965590000153
50,51,50,51,51,51,50,50,51,51,51,50,882.1850020885468
50,51,50,51,51,51,50,50,51,51,51,50,882.4728736877441
50,51,51,51,51,51,50,50,50,51,51,50,882.7612009048462
50,51,50,51,51,51,50,50,51,51,51,50,883.0486767292023
51,51,50,51,51,51,50,50,51,51,51,50,883.3367314338684
50,51,50,51,51,51,50,50,51,51,51,50,883.6246099472046
51,51,50,51,51,51,50,50,51,51,51,50,883.9125874042511
51,51,50,51,51,51,50,50,51,50,50,50,884.2008357048035
50,51,50,51,51,51,50,50,50,51,50,50,884.4889078140259
50,51,50,51,51,51,50,50,51,50,51,50,884.7770400047302
50,51,50,51,51,51,50,50,51,51,51,50,885.064555644989
50,51,50,51,51,51,50,50,51,51,50,50,885.3524820804596
50,51,50,51,51,51,50,50,51,50,50,50,885.6404473781586
50,51,50,51,51,51,50,50,51,51,50,50,885.928391456604
50,51,50,51,51,51,50,50,50,51,50,50,886.216433763504
50,51,50,51,51,51,50,50,51,51,50,50,886.5045025348663
50,51,50,51,51,51,50,50,51,51,50,50,886.7924499511719
50,51,50,51,51,51,50,50,51,51,51,50,887.0803411006927
50,51,50,51,51,51,50,50,51,50,50,50,887.3689186573029
50,51,50,51,51,51,50,50,51,50,50,50,887.6570084095001
50,51,50,51,51,51,50,50,50,50,51,50,887.9445538520813
50,51,50,51,51,51,50,50,51,51,50,50,888.2322800159454
50,51,50,51,51,51,50,50,51,51,50,50,888.5203588008881
50,51,50,51,51,51,50,50,50,51,50,50,888.8086895942688
50,51,50,51,51,51,50,50,51,51,50,50,889.0967631340027
50,51,50,51,51,51,50,50,51,51,50,50,889.3844101428986
50,51,50,51,51,51,50,50,51,51,50,50,889.6562414169312
41,41,41,42,42,42,40,39,40,39,40,38,889.9444119930267
44,44,44,45,44,45,43,43,43,43,43,42,890.2163226604462
44,44,43,44,44,44,42,43,43,42,43,42,890.5044622421265
44,44,43,44,44,44,42,42,42,42,42,43,890.7761664390564
43,44,43,44,44,44,42,42,42,42,42,42,891.0639798641205
43,43,43,44,43,44,42,42,43,42,42,41,891.336098909378
36,36,36,38,38,38,38,38,38,38,38,38,891.6240537166595
39,39,39,40,40,41,40,40,40,40,40,40,891.8960721492767
40,40,39,41,40,41,40,40,41,41,41,41,892.1843550205231
39,40,39,41,40,41,40,40,40,41,41,40,892.4560897350311
35,36,35,36,36,36,34,35,35,35,35,34,892.7440884113312
43,43,43,44,44,44,43,43,43,43,43,43,893.0160670280457
45,45,45,46,45,46,44,45,45,45,45,45,893.3039484024048
45,45,45,46,46,46,45,45,45,45,45,45,893.5759763717651
45,46,46,46,46,47,45,46,46,46,46,46,893.8640089035034
46,46,46,47,46,47,45,45,46,46,46,46,894.1362018585205
46,47,46,47,47,47,46,46,46,46,46,46,894.4243047237396
47,47,47,47,47,47,46,47,47,47,47,47,894.6958746910095
47,47,47,48,48,48,47,47,47,47,47,47,894.9839525222778
47,48,47,48,48,48,47,47,47,47,47,47,895.2559082508087
46,46,46,46,46,46,45,46,46,46,46,45,895.5440318584442
47,47,47,47,47,47,46,46,47,47,47,46,895.8158433437347
47,47,47,48,48,48,47,47,47,47,47,47,896.1040017604828
47,48,47,48,48,48,47,47,47,47,47,47,896.3758633136749
33,33,33,35,35,35,34,35,35,35,35,34,896.6640937328339
33,33,33,35,35,35,35,35,35,35,35,35,896.9360253810883
35,35,34,36,35,37,36,36,36,36,36,36,897.2238094806671
39,39,38,39,40,40,39,39,40,40,40,39,897.4958295822144
39,39,39,40,40,40,39,40,40,40,40,40,897.783983707428
39,39,39,40,40,40,39,40,40,40,40,40,898.0559842586517
36,36,36,37,37,37,36,36,36,36,35,35,898.3441917896271
38,38,37,39,39,39,38,38,38,38,38,37,898.6159996986389
41,41,41,41,41,42,40,40,41,41,41,40,898.9038710594177
41,41,41,42,41,42,41,41,41,41,41,41,899.1758170127869
41,41,41,42,42,42,41,41,41,41,40,41,899.4639363288879
41,41,41,42,42,42,41,41,41,41,41,41,899.7126064300537
35,35,35,37,36,36,36,36,36,36,36,36,899.9686534404755
38,39,38,39,39,39,38,39,39,39,39,39,900.2085266113281
39,40,40,41,40,40,40,40,40,40,40,40,900.4645507335663
41,41,41,41,41,41,40,40,41,41,41,41,900.704861164093
34,34,34,36,36,36,34,35,35,35,35,34,900.9606359004974
34,35,34,36,36,37,35,35,35,35,34,35,901.2005999088287
35,34,35,37,36,36,35,35,35,35,35,35,901.4565198421478
37,38,37,39,38,39,38,38,38,38,38,38,901.7124402523041
37,38,38,39,39,39,38,38,38,39,38,38,901.9685401916504
38,38,38,39,39,39,38,39,39,39,39,39,902.2284927368164
40,40,40,41,41,41,40,41,41,41,41,41,902.480521440506
42,42,42,43,42,43,42,42,42,42,42,42,902.7365257740021
43,44,43,44,44,44,43,43,44,43,43,43,902.9923658370972
44,44,44,44,44,45,43,44,44,44,44,44,903.2483561038971
44,44,44,45,44,45,44,44,44,44,44,44,903.50443816185
44,44,44,45,44,45,43,44,44,44,44,44,903.760324716568
43,44,43,44,44,44,43,43,44,44,44,43,904.0171782970428
44,44,44,45,44,45,44,44,44,44,44,44,904.2723348140717
44,44,44,45,44,45,44,43,44,44,44,44,904.5282757282257
44,44,44,45,44,45,44,44,44,44,44,44,904.7842669487
44,45,44,45,44,45,44,44,44,44,44,44,905.0402843952179
44,45,44,45,45,45,44,44,44,44,44,44,905.2962203025818
44,45,44,45,45,45,44,44,44,44,44,44,905.5522985458374
44,45,44,45,45,45,44,44,44,45,44,44,905.8081178665161
44,45,44,45,45,45,44,44,44,44,44,44,906.0643937587738
44,45,44,45,45,45,44,44,45,45,44,44,906.3201518058777
45,45,44,45,45,45,44,44,45,45,45,44,906.5820069313049
45,45,45,45,45,45,44,45,45,45,45,44,906.8555593490601
36,36,36,37,37,37,35,35,35,36,35,35,907.1435384750366
37,37,37,37,37,38,36,37,37,37,37,37,907.41570520401
36,36,36,37,37,37,36,36,37,36,36,36,907.7037336826324
36,37,36,37,37,37,37,36,36,36,37,36,907.9756889343262
36,37,36,38,37,38,36,36,37,37,37,37,908.2634506225586
36,36,36,37,37,37,36,36,36,37,36,36,908.5355703830719
36,36,36,37,37,37,36,36,36,36,36,36,908.8235576152802
36,36,36,37,37,37,36,36,36,36,36,36,909.0955772399902
36,37,36,37,37,37,36,36,36,37,36,36,909.3835716247559
41,41,41,42,42,42,41,41,41,41,41,41,909.6715071201324
41,41,41,42,42,42,41,41,41,41,41,41,909.9598479270935
41,41,41,42,42,42,41,41,41,41,41,41,910.2474086284637
41,42,41,42,42,42,41,41,41,41,41,41,910.5355715751648
41,42,41,42,42,42,41,41,41,41,41,41,910.8233966827393
42,42,42,42,42,42,41,41,42,42,41,41,911.1112589836121
42,42,41,42,42,43,41,41,42,42,42,42,911.3994176387787
42,42,41,42,42,42,41,41,42,42,41,41,911.6874551773071
42,43,42,43,43,43,42,42,42,42,42,42,911.9753875732422
43,43,43,44,43,44,43,43,43,43,43,43,912.2633771896362
44,44,43,44,44,44,43,44,44,44,44,43,912.5513441562653
44,44,44,45,45,45,44,44,44,44,44,44,912.8392868041992
44,45,44,45,45,45,44,44,44,44,44,44,913.1271739006042
44,45,44,45,45,45,44,44,45,45,44,44,913.4152369499207
45,45,45,45,45,45,44,44,45,45,45,44,913.7032001018524
45,45,45,46,45,46,45,45,45,45,45,45,913.9913899898529
45,45,45,46,45,46,45,45,45,45,45,45,914.2794466018677
45,45,45,46,46,46,45,45,45,45,45,45,914.5672466754913
45,46,45,46,46,46,45,45,45,45,45,45,914.855170249939
46,46,45,46,46,46,45,45,46,46,46,45,915.1432657241821
46,46,46,46,46,46,45,46,46,46,46,46,915.4312844276428
46,46,46,46,46,47,46,46,46,46,46,46,915.7191123962402
46,46,46,47,46,47,46,46,46,46,46,46,916.0073254108429
46,47,46,47,47,47,46,46,46,46,46,46,916.2950072288513
46,47,46,47,47,47,46,46,47,47,47,46,916.5830488204956
47,47,46,47,47,47,46,46,47,47,47,46,916.8709487915039
47,47,46,47,47,47,46,46,47,47,47,46,917.1589496135712
47,47,47,47,47,47,46,46,47,47,47,47,917.4469938278198
47,47,47,47,47,47,46,46,47,47,47,47,917.7349050045013
47,47,47,47,47,48,46,47,47,47,47,47,918.0229060649872
47,47,47,47,47,47,46,47,47,47,47,47,918.3110177516937
47,47,47,47,47,48,46,47,47,47,47,47,918.5989825725555
47,47,47,48,47,48,47,47,47,47,47,47,918.8868973255157
47,47,47,47,47,47,46,47,47,47,47,47,919.1748850345612
47,47,47,47,47,47,46,46,47,47,47,47,919.4629273414612
47,47,47,47,47,47,46,47,47,47,47,47,919.7508597373962
47,47,46,47,47,47,46,47,47,47,47,47,920.0389437675476
47,47,47,47,47,47,46,47,47,47,47,47,920.3269145488739
47,47,47,47,47,48,46,47,47,47,47,47,920.6149971485138
47,47,47,47,47,48,46,47,47,47,47,47,920.9029417037964
47,47,47,47,47,48,46,47,47,47,47,47,921.1908459663391
47,47,47,47,47,48,46,46,47,47,47,47,921.4787375926971
47,47,47,47,47,47,46,47,47,47,47,47,921.7667467594147
47,47,47,48,47,48,46,47,47,47,47,47,922.0548646450043
47,47,47,48,47,47,46,47,47,47,47,47,922.3426961898804
47,47,47,47,47,48,47,47,47,47,47,47,922.630921125412
47,47,47,48,47,48,47,47,47,47,47,47,922.9187021255493
47,47,47,47,47,48,47,47,47,47,47,47,923.2067222595215
47,47,47,47,47,48,47,47,47,47,47,47,923.4946401119232
47,47,47,48,47,48,47,47,47,47,47,47,923.7826244831085
47,47,47,48,47,48,47,47,47,47,47,47,924.0706632137299
47,47,47,48,47,48,47,47,47,47,47,47,924.358571767807
47,47,47,48,47,48,47,47,47,47,47,47,924.646580696106
47,47,47,48,47,48,47,47,47,47,47,47,924.9346127510071
47,48,47,48,48,48,47,47,47,47,47,47,925.2225689888
47,47,47,48,47,48,47,47,47,47,47,47,925.5105707645416
47,47,47,48,47,48,47,47,47,47,47,47,925.7985551357269
47,48,47,48,48,48,47,47,47,47,47,47,926.0865633487701
47,48,47,48,48,48,47,47,47,47,47,47,926.3745150566101
47,47,47,48,48,48,47,47,47,47,47,47,926.6624231338501
47,47,47,48,47,48,47,47,47,47,47,47,926.9505803585052
47,48,47,48,48,48,47,47,47,47,47,47,927.2385649681091
47,47,47,48,48,48,47,47,47,47,47,47,927.5264654159546
47,48,47,48,48,48,47,47,47,47,47,47,927.8143265247345
47,47,47,48,48,48,47,47,47,47,47,47,928.1024072170258
47,48,47,48,48,48,47,47,47,47,47,47,928.3901948928833
47,48,47,48,48,48,47,47,47,47,47,47,928.6792166233063
47,48,47,48,48,48,47,47,47,47,47,47,928.9663128852844
47,48,47,48,48,48,47,47,47,47,47,47,929.2555696964264
47,47,47,48,48,48,47,47,47,47,47,47,929.5422406196594
47,48,47,48,48,48,47,47,47,47,47,47,929.8305637836456
47,48,47,48,48,48,47,47,47,47,47,47,930.0980026721954
47,48,47,48,48,48,47,47,47,47,47,47,930.3513486385345
47,48,47,48,48,48,47,47,47,47,47,47,930.6073622703552
47,48,47,48,48,48,47,47,47,47,47,47,930.863095998764
47,48,47,48,48,48,47,47,47,47,47,47,931.1211969852448
47,48,47,48,48,48,47,47,47,47,47,47,931.3749163150787
47,48,47,48,48,48,47,47,47,47,47,47,931.6314740180969
47,47,47,48,48,48,47,47,47,47,47,47,931.8870379924774
47,47,47,48,48,48,47,47,47,47,47,47,932.1450021266937
47,48,47,48,48,48,47,47,47,47,47,47,932.3990168571472
47,48,47,48,48,48,47,47,47,47,47,47,932.655279636383
47,48,47,48,48,48,47,47,47,47,47,47,932.9120979309082
47,48,47,48,48,48,47,47,47,47,47,47,933.1670260429382
47,48,47,48,48,48,47,47,47,47,47,47,933.4229273796082
47,48,47,48,48,48,47,47,47,47,47,47,933.6790673732758
47,48,47,48,48,48,47,47,47,47,47,47,933.9353332519531
47,48,47,48,48,48,47,47,47,47,47,47,934.1907162666321
47,48,47,48,48,48,47,47,47,47,47,47,934.4467232227325
47,48,47,48,48,48,47,47,47,47,47,47,934.7032954692841
47,48,47,48,48,48,47,47,47,47,47,47,934.9588131904602
47,48,47,48,48,48,47,47,47,47,47,47,935.215057849884
47,48,47,48,48,48,47,47,47,47,47,47,935.4944686889648
47,48,47,48,48,48,47,47,47,47,47,47,935.7588639259338
47,48,47,48,48,48,47,47,47,47,47,47,936.0153748989105
47,48,47,48,48,48,47,47,47,47,47,47,936.2710909843445
47,48,47,48,48,48,47,47,47,47,47,47,936.5267493724823
47,48,47,48,48,48,47,47,47,47,47,47,936.7833449840546
47,48,47,48,48,48,47,47,47,47,47,47,937.0401365756989
47,48,47,48,48,48,47,47,47,47,47,47,937.2949638366699
47,48,47,48,48,48,47,47,47,47,47,47,937.5748188495636
47,48,47,48,48,48,47,47,47,47,47,47,937.8627240657806
47,48,47,48,48,48,47,47,47,47,47,47,938.149906873703
47,47,47,48,48,48,47,47,47,47,47,47,938.4378890991211
47,48,47,48,48,48,47,47,47,47,47,47,938.723865032196
47,48,47,48,48,48,47,47,47,47,47,47,938.9904255867004
47,48,47,48,48,48,47,47,47,47,47,47,939.246796131134
47,48,47,48,48,48,47,47,47,47,47,47,939.5022902488708
47,48,47,48,48,48,47,47,47,47,47,47,939.7582700252533
47,47,47,48,48,48,47,47,47,47,47,47,940.0148811340332
47,48,47,48,48,48,47,47,47,47,47,47,940.2703535556793
47,48,47,48,48,48,47,47,47,47,47,47,940.5297944545746
47,48,47,48,48,48,47,47,47,47,47,47,940.7826001644135
47,48,47,48,48,48,47,47,47,47,47,47,941.0383167266846
47,47,47,48,48,48,47,47,47,47,47,47,941.2942967414856
47,48,47,48,48,48,47,47,47,47,47,47,941.5505545139313
47,48,47,48,48,48,47,47,47,47,47,47,941.8061776161194
47,48,47,48,48,48,47,47,47,47,47,47,942.0621826648712
47,48,47,48,48,48,47,47,47,47,47,47,942.3182709217072
47,48,47,48,48,48,47,47,47,47,47,47,942.574435710907
47,48,47,48,48,48,47,47,47,47,47,47,942.8302690982819
47,48,47,48,48,48,47,47,47,47,47,47,943.0936505794525
47,48,47,48,48,48,47,47,47,47,47,47,943.3815152645111
47,48,47,48,48,48,47,47,47,47,47,47,943.6694576740265
47,48,47,48,48,48,47,47,47,47,47,47,943.9575324058533
47,48,47,48,48,48,47,47,47,47,47,47,944.2221100330353
47,48,47,48,48,48,47,47,47,47,47,47,944.4780168533325
47,47,47,48,48,48,47,47,47,47,47,47,944.7338931560516
47,48,47,48,48,48,47,47,47,47,47,47,944.9899642467499
47,48,47,48,48,48,47,47,47,47,47,47,945.2462663650513
47,48,47,48,48,48,47,47,47,47,47,47,945.5022585391998
47,48,47,48,48,48,47,47,47,47,47,47,945.7582590579987
47,48,47,48,48,48,47,47,47,47,47,47,946.0211970806122
47,48,47,48,48,48,47,47,47,47,47,47,946.3091144561768
47,48,47,48,48,48,47,47,47,47,47,47,946.5970113277435
47,48,47,48,48,48,47,47,47,47,47,47,946.8850872516632
47,48,47,48,48,48,47,47,47,47,47,47,947.1729109287262
47,47,47,48,48,48,47,47,47,47,47,47,947.4610023498535
47,48,47,48,48,48,47,47,47,47,47,47,947.7487602233887
47,48,47,48,48,48,47,47,47,47,47,47,948.0369806289673
47,47,47,48,48,48,47,47,47,47,47,47,948.3248016834259
47,47,47,48,48,48,47,47,47,47,47,47,948.6127996444702
47,48,47,48,48,48,47,47,47,47,47,47,948.9009582996368
47,47,47,48,48,48,47,47,47,47,47,47,949.1891586780548
47,48,47,48,48,48,47,47,47,47,47,47,949.4766776561737
47,48,47,48,48,48,47,47,47,47,47,47,949.7649486064911
47,47,47,48,47,48,47,47,47,47,47,47,950.0528614521027
47,48,47,48,48,48,47,47,47,47,47,47,950.3407371044159
47,48,47,48,47,48,47,47,47,47,47,47,950.6287090778351
47,47,47,48,48,48,47,47,47,47,47,47,950.9165942668915
47,48,47,48,48,48,47,47,47,47,47,47,951.2048482894897
47,48,47,48,48,48,47,47,47,47,47,47,951.4926435947418
47,47,47,48,48,48,47,47,47,47,47,47,951.7807698249817
47,48,47,48,48,48,47,47,47,47,47,47,952.0687563419342
47,48,47,48,48,48,47,47,47,47,47,47,952.35657954216
47,48,47,48,47,48,47,47,47,47,47,47,952.6446986198425
47,48,47,48,47,48,47,47,47,47,47,47,952.9329054355621
47,47,47,48,48,48,47,47,47,47,47,47,953.2206952571869
47,48,47,48,48,48,47,47,47,47,47,47,953.5085859298706
47,48,47,48,48,48,47,47,47,47,47,47,953.796758890152
47,47,47,48,48,48,47,47,47,47,47,47,954.0847308635712
47,47,47,48,47,48,47,47,47,47,47,47,954.3727579116821
47,47,47,48,47,48,47,47,47,47,47,47,954.6606569290161
47,47,47,48,47,48,47,47,47,47,47,47,954.9491782188416
47,48,47,48,47,48,47,47,47,47,47,47,955.236709356308
47,47,47,48,48,48,47,47,47,47,47,47,955.5246574878693
47,47,47,48,47,48,47,47,47,47,47,47,955.8127684593201
47,47,47,48,47,48,47,47,47,47,47,47,956.1005799770355
47,47,47,48,48,48,47,47,47,47,47,47,956.3884153366089
47,47,47,48,47,48,47,47,47,47,47,47,956.6765356063843
47,47,47,48,47,48,47,47,47,47,47,47,956.9646191596985
47,47,47,48,47,48,47,47,47,47,47,47,957.2525904178619
47,47,47,48,47,48,47,47,47,47,47,47,957.5406832695007
47,47,47,48,47,48,47,47,47,47,47,47,957.8286669254303
47,47,47,48,47,48,47,47,47,47,47,47,958.1164000034332
47,47,47,47,47,48,47,47,47,47,47,47,958.4042813777924
47,47,47,48,47,48,47,47,47,47,47,47,958.6924893856049
47,47,47,48,47,48,47,47,47,47,47,47,958.980215549469
47,47,47,48,47,48,47,47,47,47,47,47,959.2684934139252
47,47,47,48,47,48,47,47,47,47,47,47,959.5561382770538
47,47,47,48,47,47,46,47,47,47,47,47,959.8441207408905
47,47,47,48,47,48,47,47,47,47,47,47,960.132105588913
47,47,47,48,47,48,46,47,47,47,47,47,960.4200854301453
47,47,47,47,47,48,46,47,47,47,47,47,960.70840716362
47,47,47,47,47,48,46,47,47,47,47,47,960.996401309967
47,47,47,47,47,48,47,47,47,47,47,47,961.2683746814728
37,37,36,38,37,38,36,36,36,37,36,36,961.5563576221466
36,37,36,37,37,37,36,37,37,37,37,36,961.8283610343933
36,36,36,37,37,37,36,37,36,36,37,35,962.1164150238037
36,36,36,37,37,37,36,36,36,36,36,36,962.3883020877838
36,36,35,37,36,37,35,35,35,36,36,35,962.6763772964478
41,41,41,41,41,41,40,40,41,41,40,40,962.9644424915314
41,41,41,41,41,42,40,41,41,41,41,40,963.2522392272949
41,41,41,42,41,42,41,41,41,41,41,41,963.540277004242
41,41,41,42,42,42,41,41,41,41,41,41,963.8209276199341
41,41,41,42,41,41,41,41,41,41,41,41,964.0768594741821
41,41,41,42,42,42,41,41,41,41,41,41,964.3347306251526
41,42,41,42,42,41,41,41,41,41,41,41,964.588850736618
41,41,41,42,41,42,41,41,41,41,41,41,964.8447277545929
41,42,41,42,41,42,41,41,41,41,41,41,965.1009094715118
42,43,42,43,43,43,42,42,42,42,42,42,965.3568754196167
43,43,43,44,43,44,43,43,43,43,43,43,965.6126902103424
43,44,43,44,44,44,43,43,43,43,43,43,965.8687665462494
44,44,44,44,44,44,43,43,44,44,44,44,966.1246213912964
44,44,43,44,44,44,43,44,44,44,44,44,966.3807711601257
44,44,43,44,44,44,43,43,44,44,44,44,966.6367881298065
43,44,43,44,44,44,43,43,44,44,44,43,966.892739534378
44,44,44,44,44,44,43,44,44,44,44,43,967.1487338542938
44,44,44,44,44,45,43,44,44,44,44,44,967.4047319889069
44,44,44,44,44,45,43,44,44,44,44,44,967.6606757640839
44,44,44,45,44,45,44,44,44,44,44,44,967.9167156219482
44,44,44,45,44,45,44,44,44,44,44,44,968.1726756095886
44,44,44,44,44,45,43,44,44,44,44,44,968.4125852584839
38,38,37,39,39,39,38,38,38,38,38,38,968.6686005592346
37,37,37,39,38,39,38,37,37,38,38,37,968.9161972999573
36,37,36,38,38,38,36,36,37,37,37,37,969.2040588855743
36,36,36,38,38,38,36,36,36,37,37,36,969.4759995937347
35,36,36,37,37,38,36,36,36,37,37,37,969.7639555931091
35,36,35,37,37,37,36,36,36,36,36,36,970.0358748435974
36,36,35,38,37,37,36,36,36,36,36,36,970.3239450454712
36,36,35,37,37,37,36,36,36,37,36,36,970.5959451198578
36,37,36,38,37,38,36,36,36,37,36,36,970.8839719295502
36,36,36,37,37,37,36,36,36,36,36,36,971.1560506820679
36,36,36,38,37,37,36,36,36,36,36,36,971.4438545703888
36,36,35,37,37,37,35,35,35,35,36,36,971.7157764434814
36,36,36,37,37,37,35,35,35,36,36,36,972.004124879837
36,36,36,37,37,37,35,35,36,36,36,35,972.2758004665375
35,35,34,36,36,36,34,35,35,34,35,35,972.5637826919556
34,35,34,36,36,36,34,34,34,35,35,35,972.8357334136963
34,34,33,36,35,36,33,34,34,35,34,34,973.1236779689789
33,34,33,35,35,35,34,33,34,34,34,34,973.3956761360168
36,36,36,37,37,37,36,36,36,36,36,36,973.6835551261902
36,36,36,37,36,37,35,35,36,36,36,36,973.9560332298279
36,37,36,38,37,38,36,36,36,37,37,36,974.2436718940735
36,36,35,37,37,37,36,36,36,36,36,36,974.5156886577606
37,38,37,38,38,38,37,37,38,38,38,37,974.8048491477966
39,39,38,39,39,40,39,39,39,39,39,39,975.0755741596222
39,39,39,40,40,40,39,39,39,39,39,39,975.363484621048
39,39,39,40,40,40,39,39,39,39,39,39,975.6355061531067
39,39,39,40,40,40,39,39,39,39,39,39,975.9233453273773
39,39,39,40,40,40,39,39,39,39,39,39,976.1953992843628
39,40,39,40,40,40,39,39,39,39,39,39,976.4835171699524
39,39,39,40,40,40,39,39,39,39,39,39,976.7554595470428
39,39,39,40,40,40,39,39,39,39,39,39,977.0434951782227
39,40,39,40,40,40,39,39,39,39,39,39,977.315639257431
39,39,39,40,40,40,39,39,39,39,39,39,977.6030032634735
39,39,39,40,40,40,39,39,39,39,39,39,977.8747107982635
39,39,39,40,40,40,39,39,39,39,39,39,978.1629796028137
39,40,39,40,40,40,39,39,39,40,40,39,978.4352416992188
39,40,39,40,40,40,39,39,39,40,39,39,978.7231669425964
39,39,39,40,40,40,39,39,39,39,39,39,978.9950323104858
39,40,39,40,40,40,39,39,39,40,40,39,979.2830233573914
39,39,39,40,40,40,39,39,39,39,39,39,979.5549948215485
38,39,38,39,39,39,39,39,39,39,39,39,979.8430299758911
37,37,38,38,38,38,38,38,38,38,38,38,980.1152989864349
37,37,37,38,37,37,37,37,37,37,37,37,980.4030435085297
36,37,36,37,37,37,36,37,37,37,37,37,980.6747772693634
36,36,36,37,36,36,36,36,36,36,36,36,980.9627799987793
36,36,35,36,36,37,36,36,36,36,36,36,981.2348146438599
36,36,36,36,36,36,36,36,36,36,36,36,981.5331101417542
35,35,35,36,36,35,36,35,36,36,36,36,981.8111448287964
35,35,35,36,36,36,35,35,35,35,35,35,982.0990197658539
34,34,34,35,34,35,34,34,34,34,34,34,982.370744228363
35,36,35,36,36,35,35,35,35,35,35,35,982.658707857132
35,36,35,36,35,36,35,35,35,35,35,35,982.9308462142944
35,36,35,36,36,36,34,35,35,35,35,35,983.2185273170471
38,38,38,39,39,39,38,38,38,38,38,38,983.4906930923462
39,39,39,40,39,40,39,39,39,39,39,39,983.7787714004517
39,39,39,40,40,40,39,39,39,39,39,39,984.0668714046478
39,40,39,40,40,40,39,39,39,39,39,39,984.3548383712769
39,39,39,39,39,39,38,38,39,39,39,39,984.6426994800568
39,39,39,39,39,39,38,38,39,39,39,39,984.930563211441
39,39,39,39,39,40,39,39,39,39,39,39,985.2185049057007
39,39,39,40,39,40,39,39,39,39,39,39,985.506649017334
39,39,39,39,39,40,38,39,39,39,39,39,985.7946488857269
39,39,39,40,39,40,39,39,39,39,39,39,986.0828850269318
39,39,39,40,39,40,39,39,39,39,39,39,986.3708856105804
39,39,39,40,40,40,39,39,39,39,39,39,986.6588430404663
40,40,40,40,40,41,39,40,40,40,40,40,986.9468157291412
40,41,40,41,41,41,40,40,40,40,40,40,987.2115631103516
40,41,40,41,41,41,40,40,40,40,40,40,987.4675962924957
40,41,40,41,41,41,40,40,40,40,40,40,987.7234299182892
40,41,40,41,41,41,40,40,40,40,40,40,988.0031566619873
41,41,41,41,41,41,40,41,41,41,41,41,988.2910256385803
41,41,41,41,41,41,40,40,41,41,41,41,988.5792973041534
41,41,41,41,41,41,40,40,41,41,41,41,988.8672716617584
41,41,41,41,41,42,40,41,41,41,41,41,989.1551976203918
41,41,41,41,41,42,41,41,41,41,41,41,989.442920923233
41,41,40,41,41,41,40,40,41,41,41,41,989.7072494029999
41,41,41,41,41,42,40,41,41,41,41,41,989.9884760379791
41,41,41,42,41,42,41,41,41,41,41,41,990.2747483253479
41,41,41,42,41,42,41,41,41,41,41,41,990.563854932785
41,41,41,42,41,42,41,41,41,41,41,41,990.8508715629578
41,41,41,42,41,42,41,41,41,41,41,41,991.1405651569366
41,41,41,42,42,42,41,41,41,41,41,41,991.4278519153595
41,41,41,42,41,42,41,41,41,41,41,41,991.7148976325989
41,41,41,42,41,42,41,41,41,41,41,41,992.0021693706512
41,42,41,42,42,42,41,41,41,41,41,41,992.2912683486938
41,41,41,42,42,42,41,41,41,41,41,41,992.5795862674713
41,41,41,42,42,42,41,41,41,41,41,41,992.8726456165314
41,41,41,42,42,42,41,41,41,41,41,41,993.1555843353271
41,42,41,42,42,42,41,41,41,41,41,41,993.4426846504211
41,41,41,42,41,42,41,41,41,41,41,41,993.730507850647
41,41,41,42,42,42,41,41,41,41,41,41,994.0182166099548
41,42,41,42,42,42,41,41,41,41,41,41,994.3063111305237
41,41,41,42,42,42,41,41,41,41,41,41,994.5942451953888
41,41,41,42,42,42,41,41,41,41,41,41,994.8825240135193
41,42,41,42,42,42,41,41,41,42,41,41,995.1702709197998
41,42,41,42,42,42,41,41,41,41,41,41,995.4581379890442
41,42,41,42,42,42,41,41,41,41,41,41,995.7461848258972
41,41,41,42,42,42,41,41,41,41,41,41,996.033976316452
41,42,41,42,42,42,41,41,41,41,42,41,996.3228514194489
41,42,41,42,42,42,41,41,41,41,41,41,996.6105904579163
41,42,41,42,42,42,41,41,41,41,41,41,996.899026632309
42,42,41,42,42,42,41,41,42,42,41,41,997.187029838562
42,42,41,42,42,42,41,41,42,42,42,41,997.4746146202087
41,42,41,42,42,42,41,41,41,41,41,41,997.7624962329865
41,42,41,42,42,42,41,41,41,41,41,41,998.0508079528809
41,42,42,42,42,42,41,41,42,42,42,41,998.338536977768
41,42,41,42,42,42,41,41,41,41,42,41,998.6281588077545
41,42,41,42,42,42,41,41,41,41,41,41,998.9145674705505
41,42,41,42,42,42,41,41,42,42,42,41,999.2024912834167
42,42,42,42,42,42,41,41,42,42,42,42,999.4905071258545
41,42,41,42,42,42,41,41,41,42,42,41,999.7783536911011
41,42,41,42,42,42,41,41,42,42,42,41,1000.0664143562317
42,42,42,42,42,42,41,42,42,42,42,42,1000.3545770645142
41,42,41,42,42,42,41,41,42,42,42,41,1000.6186807155609
41,42,41,42,42,42,41,41,42,42,42,41,1000.8749001026154
42,42,41,42,42,42,41,41,42,42,42,41,1001.1309945583344
42,42,42,42,42,42,41,42,42,42,42,42,1001.3868472576141
41,42,41,42,42,42,41,41,42,42,42,41,1001.6427924633026
41,42,41,42,42,42,41,41,42,41,42,41,1001.8986489772797
42,42,42,42,42,42,41,41,42,42,42,42,1002.1545851230621
42,42,42,42,42,42,41,42,42,42,42,42,1002.4111459255219
42,42,42,42,42,42,41,41,42,42,42,42,1002.6668746471405
41,42,41,42,42,42,41,41,42,42,42,41,1002.9227650165558
42,42,42,42,42,42,41,42,42,42,42,42,1003.1791636943817
42,42,42,42,42,42,41,42,42,42,42,42,1003.4349873065948
41,42,41,42,42,42,41,41,42,42,42,41,1003.690633058548
42,42,42,42,42,42,41,41,42,42,42,41,1003.9469130039215
42,42,42,42,42,43,41,41,42,42,42,42,1004.2034192085266
42,42,42,42,42,42,41,42,42,42,42,42,1004.4594321250916
42,42,41,42,42,42,41,41,42,42,42,41,1004.7167747020721
41,42,41,42,42,42,41,41,42,42,42,41,1004.9729161262512
42,42,42,42,42,42,41,42,42,42,42,42,1005.2131071090698
38,38,37,39,38,39,38,38,38,37,38,37,1005.4691371917725
38,38,38,38,38,39,37,38,38,38,38,38,1005.7088539600372
37,38,38,38,38,39,37,37,37,37,37,38,1005.9650852680206
37,37,37,38,38,38,37,37,37,37,37,37,1006.2041120529175
37,38,37,38,38,38,37,37,38,37,38,37,1006.4585573673248
37,37,37,38,38,38,37,37,37,37,37,37,1006.698529958725
37,37,37,38,38,38,37,37,38,37,37,37,1006.9544751644135
37,38,37,38,38,38,37,37,37,37,37,37,1007.1945295333862
37,38,37,38,38,38,37,37,38,38,38,37,1007.4504678249359
37,37,37,38,38,38,37,37,37,37,37,37,1007.6904909610748
37,37,37,38,37,38,37,37,37,37,37,37,1007.94651222229
37,37,37,38,37,38,37,37,37,37,37,37,1008.1863977909088
37,37,37,38,38,38,37,37,37,37,37,37,1008.4425740242004
37,37,37,38,38,38,37,37,37,37,37,37,1008.6822307109833
37,37,37,38,38,38,37,36,37,37,37,37,1008.9385251998901
37,37,37,38,37,38,37,37,37,37,37,37,1009.1785838603973
37,37,37,38,37,38,37,37,37,37,37,37,1009.434636592865
39,40,39,40,40,40,39,39,39,39,39,39,1009.690351486206
40,40,39,40,40,40,39,39,40,40,40,39,1009.9460628032684
40,40,40,40,40,41,40,40,40,40,40,40,1010.2021880149841
40,40,40,41,40,41,40,40,40,40,40,40,1010.4581789970398
40,40,40,40,40,41,39,40,40,40,40,40,1010.7141168117523
40,40,40,41,40,41,40,40,40,40,40,40,1010.9701197147369
40,40,40,41,41,41,40,40,40,40,40,40,1011.2262077331543
40,40,40,41,41,41,40,40,40,40,40,40,1011.4821801185608
40,40,40,41,40,41,40,40,40,40,40,40,1011.738071680069
40,40,40,41,40,41,40,40,40,40,40,40,1011.9940457344055
40,40,40,41,41,41,40,40,40,40,40,40,1012.2500603199005
40,41,40,41,41,41,40,40,40,40,40,40,1012.5061168670654
40,40,40,41,40,41,40,40,40,40,40,40,1012.7620356082916
40,40,40,41,41,41,40,40,40,40,40,40,1013.0182673931122
40,41,40,41,41,41,40,40,40,40,40,40,1013.2740113735199
40,41,40,41,41,41,40,40,40,40,40,40,1013.5301394462585
40,40,40,41,40,41,40,40,40,40,40,40,1013.7861211299896
40,40,40,41,41,41,40,40,40,40,40,40,1014.0419828891754
40,41,40,41,41,41,40,40,40,41,40,40,1014.2982919216156
40,41,40,41,41,41,40,40,40,40,40,40,1014.5616183280945
40,40,40,41,40,41,40,40,40,40,40,40,1014.8496687412262
40,41,40,41,41,41,40,40,40,40,40,40,1015.1373343467712
40,41,40,41,41,41,40,40,40,40,40,40,1015.4255299568176
40,40,40,41,41,41,40,40,40,40,40,40,1015.7134137153625
